DROP DATABASE IF EXISTS StonksBit;
CREATE DATABASE IF NOT EXISTS StonksBit;
USE StonksBit;
CREATE TABLE users (
    nik VARCHAR(100),
    nama VARCHAR(100),
    email VARCHAR(100),
    telepon VARCHAR(100),
    password VARCHAR(100),
    nomor_rekening VARCHAR(100),
    kyc_status ENUM('verified', 'unverified') NOT NULL,
    saldo INT,
    PRIMARY KEY (nik)
);
INSERT INTO users (nik, nama, email, telepon, password, nomor_rekening, kyc_status, saldo) VALUES
    ('655-15-0410', 'Ika Prasasta, S.H.', 'damuwastuti@example.net', '0819600133', '2(9AVr!ldD', 'CMDL59407816184959', 'verified', '1266941'),
    ('047-85-3734', 'T. Bahuwirya Pradipta, S.IP', 'dsetiawan@example.net', '+62 (255) 341-9283', 'zZT7oM4iB#', 'MUOE42388496965328', 'unverified', '1625206'),
    ('774-07-1797', 'Lutfan Manullang', 'eriyanti@example.com', '(097) 848 0184', 'KLDj7P1t_5', 'LYFR80957015430391', 'verified', '8253566'),
    ('836-09-8728', 'R.M. Cagak Wahyuni, M.Kom.', 'kartanuraini@example.net', '(038) 346-5787', 'DV53HY4c@^', 'EXSS73763116566701', 'verified', '6854864'),
    ('746-44-1791', 'Dadi Nainggolan', 'bmandala@example.org', '+62 (0731) 781 0801', 'Np2N!Gup$d', 'JGBS80500978820812', 'verified', '1240194'),
    ('692-31-6616', 'Wardaya Purnawati', 'kiandrariyanti@example.org', '+62 (069) 985 4353', 'Z%6E!vT*RP', 'LJFO84980841241182', 'unverified', '4827085'),
    ('620-27-5618', 'Mahfud Usada', 'cornelia74@example.org', '+62 (064) 005 2427', '(6dR#aSJ$E', 'LYRN92322602563421', 'unverified', '749691'),
    ('880-61-3645', 'Rendy Haryanti', 'lurhur33@example.org', '+62-654-145-8685', '!y#1Ikfy(s', 'AQZR35615951484656', 'unverified', '9401497'),
    ('131-25-6889', 'Wage Wibowo, S.E.', 'rosman80@example.com', '+62 (0369) 957-7738', '9VX&w52c_*', 'USGW67632016328708', 'verified', '2136059'),
    ('468-18-7613', 'Karta Purwanti, M.Ak', 'timbul98@example.com', '0872774348', '^98BR3Io*%', 'NBGN69096705466889', 'verified', '8291131'),
    ('225-35-7141', 'Ana Wibisono', 'uli62@example.com', '+62 (98) 069 9016', '7CLFrbwJ#M', 'UCYU00330923271937', 'unverified', '6289034'),
    ('172-78-9950', 'Tina Latupono, S.E.', 'darijan90@example.com', '(063) 193 1491', 'JF0DLmrx)n', 'TZRY77694531473799', 'unverified', '5743798'),
    ('030-64-5326', 'Jinawi Prabowo', 'kariman54@example.net', '+62 (0808) 313 6783', 'Ok&47UVw+J', 'JIHD35182337498941', 'verified', '5070190'),
    ('233-47-2940', 'Amalia Nasyidah', 'kuncaragunawan@example.org', '0842710947', 'x7pKfOUc*m', 'YNTT93867749649909', 'verified', '3586102'),
    ('641-28-4336', 'Bajragin Manullang, S.H.', 'indahhutagalung@example.org', '+62-67-974-0344', '+7CVv2(4+7', 'TXSJ71746488771906', 'unverified', '4300476'),
    ('027-12-3751', 'Raihan Permata, M.Farm', 'wulandarikawaya@example.net', '+62-027-874-2967', 'C@pC7LnmSL', 'QAVR76038597703482', 'unverified', '7450368'),
    ('716-63-1990', 'Lasmono Sudiati', 'galionosaragih@example.net', '+62-86-131-7127', '8ny64QwP+p', 'IAJX49972787558867', 'unverified', '3265061'),
    ('715-31-9369', 'Gina Zulkarnain', 'simanjuntakwarsita@example.net', '(062) 702 8951', '@_qx^1Qo*^', 'RBTC34316117240050', 'unverified', '6114016'),
    ('384-56-2386', 'Karta Zulkarnain', 'ganepnatsir@example.org', '(093) 792 3747', 's%+0DVZo6o', 'HMSL94406409097439', 'unverified', '3774286'),
    ('652-25-4107', 'Perkasa Wahyuni, S.E.I', 'utamisafina@example.org', '+62 (0709) 521-4562', 'q$2Z0tvr9q', 'VXVM85160481754965', 'verified', '4022880'),
    ('483-04-9199', 'Rahmi Prasetya', 'usadawisnu@example.net', '+62 (0612) 004-7113', '(wd2MoranX', 'OOHL15850643171390', 'verified', '5695355'),
    ('250-17-9251', 'Bagiya Puspasari', 'lidyapratama@example.org', '+62 (290) 422 8421', 'EaV@7EJ(_0', 'OQHT08470076617711', 'unverified', '2588628'),
    ('068-17-4506', 'Hj. Restu Pudjiastuti', 'prabowo98@example.com', '(0896) 118 3673', 'I5ObFmu%&&', 'BSRR51656049451983', 'verified', '8189795'),
    ('230-14-5737', 'Drs. Kartika Latupono, S.T.', 'sidiqpurwanti@example.net', '0809402445', '^e_Y#F3JD0', 'EFYT01476797643815', 'unverified', '1960421'),
    ('291-87-9718', 'Paramita Widiastuti', 'bakijan36@example.net', '+62-003-432-4451', '1!ePn7np$X', 'SMWU64160529751613', 'unverified', '9979620'),
    ('411-68-1289', 'Ira Sirait', 'mulyantonarpati@example.org', '081 883 5523', '0+2^wIMgU@', 'CPOU44905814770054', 'verified', '1614923'),
    ('630-77-8308', 'Malika Prastuti', 'hartatikani@example.net', '+62-597-820-7151', 'e2QXEBhj($', 'JIXV92519254629148', 'unverified', '5610922'),
    ('833-17-8625', 'Mariadi Winarsih', 'xmelani@example.org', '+62 (423) 573-3221', '%gQaqXWy11', 'NLVX37947383473597', 'unverified', '4827345'),
    ('797-49-8240', 'dr. Caraka Pangestu', 'jaishabibi@example.net', '(0581) 814-1247', '(2ND@cP5zF', 'EBJP27790104328986', 'verified', '4933542'),
    ('244-39-1997', 'Digdaya Andriani', 'hharyanto@example.com', '0808932460', ')b&y^5HsTG', 'IXAL15319520585277', 'verified', '2362450'),
    ('065-92-7499', 'Emil Pangestu', 'pangestubakda@example.com', '+62 (0868) 740-3450', 'l_HK5DIdFd', 'FRJK11544796275705', 'unverified', '4706274'),
    ('655-08-1230', 'Makuta Waskita, S.I.Kom', 'aswanimegantara@example.net', '(0021) 355 6909', 'K7_FL8xl#Q', 'GTJW73121727155188', 'unverified', '5132437'),
    ('872-21-2853', 'Tgk. Kacung Prasetyo, S.IP', 'estiawanprakasa@example.com', '+62-58-957-8291', 'fQMm^xwL@4', 'QBDQ24225358414384', 'verified', '5180553'),
    ('630-69-1531', 'Ir. Cawisadi Rahayu', 'gangsawahyuni@example.net', '+62 (900) 109 4396', 'SZA0lPLu+)', 'EKWK56258815371473', 'verified', '1724230'),
    ('052-38-6294', 'Ir. Lili Prayoga, S.E.', 'kezia53@example.org', '(0877) 470-1687', '$8WobSl*)3', 'RGLR41687849912165', 'unverified', '9458865'),
    ('375-97-2364', 'Luhung Melani', 'cmardhiyah@example.org', '+62-025-787-2982', 'H^oVP9KTNf', 'JZXW09749930972896', 'verified', '4163384'),
    ('033-74-1801', 'Ajiman Farida', 'raihan26@example.net', '+62-689-702-8385', 'B0t7Qjfm_X', 'KPLR44198665240415', 'unverified', '4402415'),
    ('766-62-3506', 'Raden Nasyiah', 'jamalia42@example.org', '+62-0308-330-1657', 'y2aANah9@r', 'XXBF62067240049915', 'unverified', '7722712'),
    ('657-70-8591', 'Diana Mayasari', 'msaputra@example.org', '+62 (274) 205 4932', ')H*yNq!GL6', 'IULW30174268414593', 'verified', '2340912'),
    ('490-20-7455', 'Rachel Wahyudin, S.Farm', 'znasyiah@example.net', '+62-391-878-5191', 'U+8Q(3Qg!l', 'OSBR74064039106518', 'verified', '1257949'),
    ('484-05-4704', 'Elvina Mansur', 'ywahyudin@example.com', '(061) 825 1286', '(2yXfJh4M+', 'TYAH31190790306738', 'verified', '1046973'),
    ('144-65-4740', 'Rahman Permata', 'kezia95@example.org', '+62 (0283) 644-0892', '$D_6RdIp1R', 'BRNN88263435175183', 'verified', '4604038'),
    ('387-87-9912', 'Cut Belinda Nainggolan', 'yusufpranowo@example.com', '+62 (0033) 173-9363', '(RE5PYjyMo', 'SHXE04899642353693', 'unverified', '9338248'),
    ('671-88-5531', 'Vanesa Lestari', 'kharyanti@example.net', '+62 (228) 728-0801', '_o5e!PYa0X', 'AAQX48408621182339', 'unverified', '6046534'),
    ('274-51-1295', 'Latika Haryanti', 'zamiraprasetyo@example.com', '+62 (001) 666 8700', '+ZCyCsups2', 'CVIR90250392614293', 'unverified', '9169132'),
    ('340-50-2293', 'H. Nyoman Hutapea, M.TI.', 'balamantri16@example.org', '+62 (059) 996 5047', 'v*3a&Lre&+', 'CAJO54121267888610', 'verified', '6037696'),
    ('568-12-9781', 'dr. Zelaya Winarno', 'siregarraden@example.com', '+62 (083) 982 6224', '%4PNe66YV2', 'MKTM57569245937526', 'unverified', '4989688'),
    ('753-89-8045', 'R.A. Jane Waluyo', 'panji51@example.net', '+62-982-807-3741', '76+JFEuV&u', 'WZRT11352909656101', 'unverified', '3824560'),
    ('523-96-8500', 'Drs. Malik Permata', 'triwahyudin@example.com', '(0982) 507 1461', '@2LD*jL%$e', 'XHQF82586736226609', 'verified', '7642617'),
    ('607-55-6371', 'Niyaga Prabowo', 'kalimharyanto@example.net', '+62 (082) 553-7147', 'X(5TXmeAX&', 'JDFL28669296627828', 'verified', '8314830');
CREATE TABLE posts (
    post_id INT AUTO_INCREMENT,
    nik VARCHAR(100),
    isi TEXT,
    timestamp DATETIME,
    PRIMARY KEY (post_id)
,
    FOREIGN KEY (nik) REFERENCES users(nik) ON DELETE CASCADE ON UPDATE CASCADE  
);
INSERT INTO posts (post_id, nik, isi, timestamp) VALUES
    ('1', '484-05-4704', 'Assumenda provident molestias quam illum nostrum. Voluptates numquam ab explicabo quas eius. Voluptas modi voluptatem quod quos.', '2025-04-28 12:14:52'),
    ('2', '880-61-3645', 'Temporibus atque delectus delectus. Deleniti laudantium quas officia. Est suscipit repellendus.', '2025-03-26 06:08:13'),
    ('3', '047-85-3734', 'Recusandae ab recusandae. Quasi excepturi provident dicta laboriosam natus ipsam. Esse laboriosam doloribus molestiae. Occaecati commodi repudiandae aut error.', '2025-05-02 19:49:23'),
    ('4', '753-89-8045', 'Corrupti inventore ex delectus incidunt tempora porro numquam.
Soluta earum libero fuga eaque tenetur. Ratione similique voluptatem quod.', '2025-01-17 11:13:00'),
    ('5', '715-31-9369', 'Laboriosam voluptate nobis odio consequuntur velit. Fugit molestias molestiae laudantium modi. Harum neque in neque possimus.', '2025-03-04 00:07:09'),
    ('6', '027-12-3751', 'Corporis sequi voluptas totam doloribus repudiandae animi. Blanditiis possimus corporis quasi.', '2025-01-28 01:24:52'),
    ('7', '641-28-4336', 'Quos possimus enim culpa sunt adipisci. Magnam ab rerum perspiciatis. Mollitia repudiandae ullam magnam quae incidunt culpa.', '2025-03-21 21:50:01'),
    ('8', '131-25-6889', 'Deserunt autem aspernatur nobis sed adipisci. Cum autem distinctio ab tenetur. Mollitia odit adipisci eaque voluptate.', '2025-01-11 14:47:18'),
    ('9', '753-89-8045', 'Rem corrupti nesciunt fugit nesciunt sequi enim. Placeat aspernatur numquam veritatis.
Rem omnis quisquam cum vitae. Voluptatibus non minima quisquam ipsum consectetur enim.', '2025-04-08 18:50:43'),
    ('10', '620-27-5618', 'Voluptatem quis ipsam unde velit voluptas laborum. Similique id sequi totam consectetur facilis.', '2025-03-31 11:12:33'),
    ('11', '671-88-5531', 'Voluptatum laborum praesentium labore eius alias. Veniam corporis distinctio necessitatibus. Quo aperiam repellat ratione voluptatem distinctio distinctio ad.', '2025-01-13 12:27:32'),
    ('12', '753-89-8045', 'Totam necessitatibus reprehenderit natus tempora dicta. Nulla eum voluptates vel quia qui et corrupti. Ut libero et recusandae perferendis ea quam.', '2025-02-01 04:51:56'),
    ('13', '052-38-6294', 'Praesentium officiis iste illum. Repudiandae incidunt voluptate excepturi unde itaque. Debitis nisi molestiae fugit sapiente porro.', '2025-03-01 14:33:45'),
    ('14', '692-31-6616', 'Beatae sequi veritatis expedita recusandae iure. Ab fugiat dolore eligendi sunt eaque. Perferendis a tenetur adipisci ad ratione.', '2025-03-30 06:43:43'),
    ('15', '766-62-3506', 'Occaecati quos sapiente occaecati. Saepe culpa eum at ad. Occaecati nihil adipisci.
Nemo ad quasi voluptatem. Quod delectus officiis dolore deserunt saepe quas rem. Quo omnis eius vel occaecati odit.', '2025-01-25 12:44:30'),
    ('16', '833-17-8625', 'Non adipisci voluptate voluptatibus laborum nostrum molestias culpa. Unde deserunt adipisci ad maiores. Dolor facilis tempore adipisci.', '2025-02-04 16:41:43'),
    ('17', '774-07-1797', 'Veniam ullam dolorum dicta sapiente quaerat vitae. Nesciunt quisquam est recusandae. Inventore ipsum nisi earum eum autem fugit.', '2025-04-07 06:36:12'),
    ('18', '047-85-3734', 'Ratione facere asperiores omnis fuga quod. Ab porro quaerat distinctio. Recusandae tempore natus harum nobis minima aut.', '2025-02-04 22:24:52'),
    ('19', '692-31-6616', 'Nobis nihil dolores accusantium. Officia sequi voluptates. Eligendi sapiente illo tempore ullam aliquam officia.', '2025-01-25 02:18:49'),
    ('20', '233-47-2940', 'Aut dolore repudiandae consequuntur voluptatibus similique quam dolorem. Deleniti temporibus fuga temporibus. Vel sint ea.
Aliquid esse ea porro.', '2025-01-24 13:49:31'),
    ('21', '641-28-4336', 'Eaque eos assumenda nam. Optio quasi dignissimos aspernatur voluptas.
Accusamus dolor repellendus deleniti autem. Repellendus quis maiores et velit.', '2025-04-04 17:34:28'),
    ('22', '872-21-2853', 'Dolores tempora deleniti adipisci. Iste eaque unde assumenda inventore corrupti magnam.
Amet earum atque officiis quasi in. Deleniti debitis eius non maxime. Perspiciatis officia vero dolor.', '2025-03-31 12:12:06'),
    ('23', '657-70-8591', 'Praesentium illo hic dolore reprehenderit porro libero cupiditate. Expedita enim nisi quasi atque.', '2025-02-23 11:44:03'),
    ('24', '047-85-3734', 'Laborum dolorum autem. Necessitatibus voluptatibus saepe. Magnam quidem quod aut rem excepturi laudantium. Voluptatibus ducimus laborum facilis accusamus explicabo.', '2025-04-03 00:12:30'),
    ('25', '375-97-2364', 'Quia deserunt veritatis odit vitae. Perspiciatis tempore ipsum vero minima eaque perspiciatis suscipit. Nihil veniam eius deleniti neque praesentium.', '2025-03-25 15:18:11'),
    ('26', '030-64-5326', 'Inventore optio a. Consequuntur soluta quos magnam vero.
Veritatis quae consequuntur quasi. Nesciunt aspernatur dolor labore explicabo repellat. In vitae atque ea error est.', '2025-04-05 19:57:09'),
    ('27', '340-50-2293', 'In illum adipisci nam vero in quidem. Tenetur ratione neque fuga numquam tempore soluta amet. Commodi pariatur iure quis maxime saepe.
Earum voluptates autem nisi. Natus porro sint commodi nesciunt.', '2025-03-10 18:39:46'),
    ('28', '144-65-4740', 'Rerum ipsam animi. Error laborum delectus doloremque. Ea nostrum ipsa omnis commodi corporis accusantium.
Cupiditate qui molestias labore enim. Vero laudantium pariatur hic.', '2025-01-21 02:50:37'),
    ('29', '274-51-1295', 'Expedita provident hic aperiam omnis. Omnis natus itaque similique consequuntur quos. Unde architecto saepe laborum vitae.', '2025-04-08 05:08:38'),
    ('30', '052-38-6294', 'Aperiam dolorum alias quibusdam. Quis non sapiente unde eum praesentium. Consequatur odit nam deserunt laudantium perspiciatis.
Quia inventore minus ratione assumenda. Occaecati pariatur dignissimos.', '2025-03-16 13:57:31'),
    ('31', '630-77-8308', 'Rerum necessitatibus labore explicabo nulla. Sequi reiciendis ipsa numquam soluta necessitatibus consectetur. Error blanditiis dolorem nobis ex dolore velit.', '2025-04-13 13:22:42'),
    ('32', '641-28-4336', 'Excepturi ea ex.
Dignissimos repellendus eveniet quidem. Doloremque asperiores veniam temporibus.
Voluptatem veniam nisi nostrum aspernatur mollitia.', '2025-02-21 01:54:58'),
    ('33', '797-49-8240', 'Aliquam expedita omnis doloribus eos. Id omnis omnis asperiores vel dignissimos provident repellendus.
Quae velit quod eos officiis minima. Eum molestiae aut expedita illum.', '2025-04-14 17:29:11'),
    ('34', '766-62-3506', 'Aliquid dignissimos delectus inventore amet esse. Quis vel tenetur quidem excepturi repudiandae ea. Dolor ad quas numquam sint quos unde quibusdam.', '2025-03-16 06:59:24'),
    ('35', '715-31-9369', 'Voluptatum quo eos necessitatibus. Nulla facere omnis.', '2025-02-24 12:09:26'),
    ('36', '655-15-0410', 'Omnis doloremque omnis delectus magni ipsam et mollitia. Aperiam quaerat ea ducimus perspiciatis.', '2025-02-03 21:12:25'),
    ('37', '523-96-8500', 'Velit eos adipisci fuga enim corrupti nihil. Non repellat magni quos. Quos quae velit fugiat nesciunt omnis corrupti.', '2025-03-21 06:03:31'),
    ('38', '225-35-7141', 'Deserunt nemo tenetur eveniet reiciendis. Doloremque et voluptas possimus ipsam vero. Facere explicabo magni totam officiis non.', '2025-03-27 15:17:24'),
    ('39', '274-51-1295', 'Consectetur alias inventore porro. Consequatur sint ullam temporibus. Consectetur possimus dolores eos excepturi repudiandae.', '2025-04-18 16:31:27'),
    ('40', '833-17-8625', 'Velit atque error exercitationem natus. Neque sapiente incidunt eum et debitis corporis. Inventore eius sunt et expedita. Blanditiis earum ipsa suscipit.', '2025-04-09 18:33:39'),
    ('41', '250-17-9251', 'Ab rerum ad dicta velit. Incidunt ipsam commodi iste ullam quaerat ullam. Ipsam inventore ea sint.
Voluptas rem quia dolore. Eveniet magni eius occaecati.', '2025-04-15 19:47:20'),
    ('42', '715-31-9369', 'Repellendus quasi eligendi dicta soluta veritatis similique. A architecto nam dignissimos debitis.', '2025-04-02 06:53:47'),
    ('43', '468-18-7613', 'Eveniet optio blanditiis iure eum beatae possimus. Quo laborum rem laudantium. Porro adipisci eaque dolor sed illum.', '2025-02-25 18:46:53'),
    ('44', '233-47-2940', 'Consectetur molestiae veniam accusantium fugit quos. Totam quisquam mollitia omnis maxime facere. Voluptates saepe hic quaerat enim. Tenetur ex dolor quasi.
Sapiente quidem minima.', '2025-04-30 02:12:13'),
    ('45', '523-96-8500', 'Quia molestiae ullam.
Recusandae deserunt non est eum maiores ad earum. Aut voluptas nemo fugiat inventore.', '2025-03-22 15:48:40'),
    ('46', '250-17-9251', 'Labore autem est corporis occaecati assumenda. Cumque sint laudantium dolorum consequuntur nulla labore. Quis animi laudantium illum qui rerum alias.', '2025-02-15 01:44:12'),
    ('47', '620-27-5618', 'Suscipit libero numquam. Laborum quibusdam molestias id error ipsa eos.
Eum suscipit natus cumque enim placeat rem. Maxime dolorum iure vel unde quam.', '2025-03-26 23:22:10'),
    ('48', '692-31-6616', 'Itaque atque numquam nisi architecto odio sunt. Occaecati unde earum reprehenderit sint nesciunt.
Numquam illo ducimus molestiae optio aspernatur. Aut dolor debitis natus.', '2025-02-08 16:39:16'),
    ('49', '291-87-9718', 'Eum tempore amet. Rem incidunt iusto esse quis dolores hic. Provident explicabo saepe et aspernatur non.
Veniam rerum quae saepe. Ipsam possimus dolorum blanditiis tempore officiis debitis.', '2025-02-02 00:06:33'),
    ('50', '620-27-5618', 'Odit id voluptatum provident earum.
Reprehenderit sint unde voluptatum odio laudantium labore. Rem alias adipisci tempora corrupti quasi sit.
In sapiente animi odit. Et similique eius sequi.', '2025-02-23 00:24:06'),
    ('51', '068-17-4506', 'Earum expedita exercitationem necessitatibus possimus.
At ullam delectus assumenda et occaecati accusantium. Ratione dolor fugiat aspernatur. Est perspiciatis velit sint quibusdam.', '2025-02-03 14:05:25'),
    ('52', '068-17-4506', 'Laudantium neque expedita odit. Repudiandae porro cupiditate veniam nesciunt culpa necessitatibus.', '2025-03-27 08:40:36'),
    ('53', '657-70-8591', 'Fugiat nihil alias praesentium occaecati sit ab. Labore excepturi temporibus deleniti facere cum. Delectus accusantium repellat itaque nemo ipsa id.', '2025-03-04 17:14:49'),
    ('54', '716-63-1990', 'Adipisci maiores ullam suscipit vitae velit dicta voluptas. Consectetur ex vero voluptas. Recusandae consequuntur exercitationem id itaque.', '2025-04-23 03:17:20'),
    ('55', '774-07-1797', 'Exercitationem iusto placeat praesentium. Pariatur rerum provident quis atque consectetur quis. Id eveniet eligendi perferendis.', '2025-01-01 23:02:39'),
    ('56', '568-12-9781', 'Corrupti est perferendis laboriosam ea veritatis. Cum placeat rerum iure.
Placeat aut similique rem accusamus eum. Magni placeat accusamus officiis pariatur in amet.', '2025-05-08 00:04:13'),
    ('57', '244-39-1997', 'Quas iste aliquid eligendi commodi laudantium facilis suscipit. Dolorum excepturi eos reprehenderit molestiae debitis. Impedit ipsum error alias beatae quasi.', '2025-02-08 08:56:36'),
    ('58', '052-38-6294', 'Voluptatem aspernatur unde quibusdam in ad veniam. Quam quia aspernatur totam vitae. Necessitatibus voluptatum nulla molestiae recusandae.
Nemo dolor vel eius porro delectus.', '2025-01-20 15:15:57'),
    ('59', '880-61-3645', 'Nihil odio eveniet harum ut accusamus excepturi. Reprehenderit corrupti sequi libero minus cumque. Ducimus adipisci sequi voluptas occaecati natus. Assumenda quibusdam minus esse quibusdam iste.', '2025-02-25 21:23:28'),
    ('60', '291-87-9718', 'Mollitia explicabo dolor tempore eius quo. Autem suscipit vero quis et modi hic similique.
Enim unde culpa sit id a rerum. Omnis placeat atque neque in in deleniti. Nulla consequuntur nulla.', '2025-02-04 16:26:27'),
    ('61', '692-31-6616', 'Sed cum fuga soluta cupiditate. Eum eos tempora dignissimos itaque. Placeat ipsam doloribus debitis itaque.', '2025-04-18 04:46:25'),
    ('62', '375-97-2364', 'Officia modi ad laboriosam quas eos id reprehenderit. Facilis quaerat maiores.', '2025-04-15 08:11:33'),
    ('63', '384-56-2386', 'Porro ex ipsum ducimus eius. Quis corporis enim. Sunt natus quae esse quaerat.
Labore ipsam eos quia possimus. Non similique ducimus dolorem. Nesciunt corrupti accusamus facilis magni.', '2025-02-20 11:41:08'),
    ('64', '484-05-4704', 'Eius quod ratione officiis. Libero necessitatibus odit accusamus quia reprehenderit.', '2025-02-10 02:01:48'),
    ('65', '490-20-7455', 'Voluptatem eaque eius. Quasi totam temporibus consequatur esse.
Doloribus quis labore atque sunt. Eum odio deserunt.', '2025-03-30 13:25:18'),
    ('66', '230-14-5737', 'Nobis laudantium debitis magni maiores veritatis. Eaque minus exercitationem perspiciatis magnam.', '2025-01-01 02:18:26'),
    ('67', '033-74-1801', 'Optio eveniet maiores labore nisi impedit quas dolorem. Iusto sequi esse corporis ex.', '2025-02-03 08:32:24'),
    ('68', '030-64-5326', 'Nam dicta dolor magnam sequi autem doloribus. Quam velit nihil veritatis veniam quos. Porro tenetur laborum eius non fugiat.
Odit eius fuga unde. Iusto sunt asperiores voluptate.', '2025-03-16 06:08:33'),
    ('69', '340-50-2293', 'Quibusdam dolor eum dolorem facere dicta voluptas. Ducimus quibusdam ad blanditiis illum. Rem reiciendis rerum animi voluptatibus fuga.', '2025-03-02 23:09:55'),
    ('70', '746-44-1791', 'Iste sunt qui officiis asperiores officia excepturi. Quos qui veniam suscipit illo eos numquam.', '2025-03-25 16:21:26'),
    ('71', '774-07-1797', 'Nobis sapiente quod molestiae veritatis eveniet et.
Dicta cum voluptatibus doloremque ullam. Ad soluta velit commodi veniam ad.
Aliquid ipsa dicta quo nihil commodi. Magni neque maxime cum.', '2025-01-20 14:12:42'),
    ('72', '387-87-9912', 'Fugit in vitae.
Facere est aperiam veniam officiis dolorem. Officiis repellat soluta accusamus.
Aliquid sed debitis ab maxime consequuntur. Quis aperiam rem sint optio fuga impedit.', '2025-03-30 17:33:31'),
    ('73', '641-28-4336', 'Eum quos ex suscipit alias sit totam aliquid. Quis quam cumque aut expedita dolore.', '2025-03-14 11:09:50'),
    ('74', '607-55-6371', 'Dolor consectetur velit dolorem. Quia quaerat eligendi nostrum.
Dolorum quas error quae iure. Maxime neque sunt quis consectetur in optio neque.
Odio recusandae voluptatem accusamus odio saepe.', '2025-04-21 22:10:09'),
    ('75', '384-56-2386', 'Ipsam quia omnis maiores excepturi voluptatum delectus. Rem laborum molestias optio pariatur exercitationem.', '2025-05-01 15:31:35'),
    ('76', '692-31-6616', 'Consequuntur perspiciatis quod dicta quia. Nobis corrupti similique minima reiciendis facilis dolorem. Cumque culpa perspiciatis odio similique dolorem ut.', '2025-03-19 04:45:18'),
    ('77', '641-28-4336', 'Ullam nostrum vero animi illum. Laboriosam cum voluptas voluptate.
Ratione officia hic deserunt rerum architecto. Consequuntur illo quas nesciunt perferendis.', '2025-04-18 22:01:01'),
    ('78', '620-27-5618', 'Fugit tempora beatae. Incidunt cumque quae sint laborum enim minima.
Vero sint dolores sed libero praesentium inventore animi. Sint eius quam eius.', '2025-03-08 06:55:58'),
    ('79', '291-87-9718', 'Sit pariatur aliquam autem saepe odit atque. Blanditiis quisquam facere perferendis. In hic quia expedita ratione sequi nemo minima. Repellat occaecati quod pariatur ad necessitatibus.', '2025-03-14 23:27:32'),
    ('80', '715-31-9369', 'Eius quos eveniet praesentium odio. Distinctio quo molestias eum. Quidem quos cupiditate libero at explicabo.', '2025-03-08 19:23:16'),
    ('81', '244-39-1997', 'Quidem modi id possimus dicta. Quae totam optio sequi. Quaerat minus id ullam.
Nostrum voluptas eum dolore repudiandae. Molestias pariatur earum laudantium rerum.', '2025-04-09 06:41:12'),
    ('82', '484-05-4704', 'Deleniti delectus maxime id nemo temporibus harum. Provident voluptatem rem ea fuga. Eum explicabo vero consequatur similique.', '2025-04-19 00:39:00'),
    ('83', '230-14-5737', 'Libero ipsa veritatis cupiditate nam nam. Tempore labore provident aperiam. Aperiam quaerat necessitatibus veniam quas quae. Inventore quisquam consequatur id optio est possimus.', '2025-03-31 08:52:06'),
    ('84', '225-35-7141', 'Quasi dolorum nobis quis. Saepe adipisci ut quas. At veniam nemo veniam harum illum.
Sed delectus est debitis. Soluta libero delectus illo dolorem voluptates. Excepturi quibusdam minima accusantium.', '2025-04-13 20:54:58'),
    ('85', '230-14-5737', 'Repellendus ipsum numquam vel. Rem est eos expedita. Nihil cumque aut deserunt.
Ullam vel ut molestias harum ipsum blanditiis mollitia. Doloribus consequuntur vero laudantium recusandae aliquam.', '2025-02-04 11:10:21'),
    ('86', '068-17-4506', 'Ipsum dicta velit incidunt. Fugiat laudantium laudantium eum laborum harum. Voluptatibus quo quo praesentium minus aliquam veniam.', '2025-02-24 20:49:56'),
    ('87', '233-47-2940', 'Perspiciatis aliquid dolor itaque delectus dolore. Asperiores dignissimos dignissimos odit accusamus ullam. Tempore blanditiis enim temporibus optio.', '2025-02-04 14:53:31'),
    ('88', '387-87-9912', 'Porro impedit impedit eius tempore repellendus. Ducimus ab possimus aliquam quisquam consectetur porro.
Beatae temporibus laborum delectus. Cumque qui veritatis quaerat possimus eligendi.', '2025-02-09 18:47:33'),
    ('89', '715-31-9369', 'Beatae alias harum assumenda. Dolores nostrum ipsa consequuntur. Quisquam optio magnam voluptate quisquam quam aliquam accusamus.', '2025-04-02 01:29:52'),
    ('90', '274-51-1295', 'Architecto doloribus minus nam corporis vitae.
Placeat illum modi nulla. Quam eum alias temporibus.
Fugit natus repellendus. Blanditiis dolore occaecati natus asperiores officiis tenetur.', '2025-03-27 05:17:23'),
    ('91', '671-88-5531', 'Inventore error aliquam. Quae molestiae dolorem illo saepe explicabo. In in quasi ipsam harum facilis.', '2025-02-01 03:07:47'),
    ('92', '144-65-4740', 'Vel inventore velit ad dignissimos necessitatibus. Earum quia natus culpa.
Quos dicta illum iusto sint consectetur ut. Nostrum quis minus occaecati alias atque. Assumenda ab similique amet.', '2025-04-18 03:04:33'),
    ('93', '746-44-1791', 'Blanditiis tenetur illum natus occaecati praesentium. Porro temporibus voluptate optio corporis.', '2025-01-30 12:27:00'),
    ('94', '657-70-8591', 'Architecto consequatur error hic corrupti voluptatibus. Vitae eum quae veniam assumenda.', '2025-03-07 23:28:26'),
    ('95', '484-05-4704', 'Fugit temporibus fugit alias perferendis.
Facilis maiores voluptatibus incidunt provident consequatur. Quaerat mollitia laborum eaque totam ullam. Rem totam similique tempore.', '2025-04-22 09:24:53'),
    ('96', '225-35-7141', 'Quod sint ab accusamus rem. Architecto nesciunt vitae voluptas occaecati ex pariatur nostrum. Provident dicta quia aspernatur.
A recusandae doloremque amet. Harum numquam deserunt repellendus.', '2025-01-30 21:43:14'),
    ('97', '052-38-6294', 'Nobis magni eligendi incidunt repudiandae. Minus omnis voluptas dolorum quidem. Aperiam laudantium temporibus animi. Aspernatur quisquam quaerat accusamus quia at.', '2025-03-18 15:17:09'),
    ('98', '568-12-9781', 'Veniam sit ratione fugit sit corrupti. Accusamus recusandae optio cupiditate nihil delectus. Accusamus iusto earum deserunt.', '2025-01-28 14:09:15'),
    ('99', '027-12-3751', 'Occaecati excepturi est nulla nostrum.
Minus exercitationem fuga porro. Fuga voluptas aperiam ipsum. Doloribus velit porro tenetur temporibus odio. Ratione nam neque ex deserunt consectetur eum.', '2025-04-06 05:55:39'),
    ('100', '225-35-7141', 'Doloribus odio eveniet repudiandae laboriosam corporis earum. Laborum et sunt dicta repellat deleniti.', '2025-03-12 15:20:56');
CREATE TABLE stocks (
    ticker VARCHAR(100),
    nama_perusahaan VARCHAR(100) NOT NULL,
    sektor VARCHAR(100),
    profil TEXT,
    tipe VARCHAR(100),
    PRIMARY KEY (ticker)
);
INSERT INTO stocks (ticker, nama_perusahaan, sektor, profil, tipe) VALUES
    ('FORE.JK', 'PT Fore Kopi Indonesia Tbk', 'Consumer Cyclical', 'PT Fore Kopi Indonesia Tbk develops and offers Fore Coffee platform that offers sources, roast, and develops espresso blend with Arabica beans. It also offers coffee, non-coffee, tea, refreshers, frappe, and merchandise. PT Fore Kopi Indonesia Tbk was founded in 2018 and is based in Central Jakarta, Indonesia. PT Fore Kopi Indonesia Tbk is a subsidiary of Fore Holdings Pte. Ltd.', 'EQUITY'),
    ('SMGR.JK', 'PT Semen Indonesia (Persero) Tbk', 'Basic Materials', 'PT Semen Indonesia (Persero) Tbk manufactures, packs, and distributes cement in Indonesia and internationally. It operates through Cement Production and Non-Cement Production segments. The company is also involved in limestone and clay mining; cement bag manufacturing; industrial real estate development and building rental; ready-mix concrete and aggregates quarry production; and mining, trading, transportation, consulting, and construction activities. In addition, it engages in the information system, investment, freight forwarding, stevedoring, sea transportation, service logistic management, outsourcing, and building materials businesses, as well as procures public goods and services. The company was formerly known as PT Semen Gresik (Persero) Tbk and changed its name to PT Semen Indonesia (Persero) Tbk in January 2013. PT Semen Indonesia (Persero) Tbk was founded in 1953 and is headquartered in Jakarta Selatan, Indonesia.', 'EQUITY'),
    ('UNVR.JK', 'PT Unilever Indonesia Tbk', 'Consumer Defensive', 'PT Unilever Indonesia Tbk manufactures, markets, and distributes consumer goods in Indonesia. The company operates in two segments: Home and Personal Care; and Foods and Refreshment. It offers soaps, detergents, dairy based foods, ice creams, savories, soy sauce, cosmetic products, tea-based beverages, and fruit juices. The company provides its products under the Axe, Bango, Buavita, Cif, Citra, Clear, Clear Men, Close Up, Cornetto, Dove, Feast, Feast, Glow & Lovely, Hellmann''s, Jawara, Knorr, Lifebuoy, Lipton, Love Beauty & Planet, Lux, Magnum, Molto, Paddle Pop, Pepsodent, Pond''s, Pond''s Men, Populaire, Rexona, Rinso, Royco, SariWangi, Seru, Simple, St. Ives, Suave, Sunlight, Sunsilk, Superpell, TRESemmé, The Vegetarian Butcher, Unilever Professional, Vaseline Men, Viennetta, Vixal, Wall''s, Wipol, Zwitsalm, and other brands. It also leases office space. PT Unilever Indonesia Tbk was founded in 1933 and is headquartered in Tangerang, Indonesia. PT Unilever Indonesia Tbk (IDX:UNVR) operates as a subsidiary of Unilever Indonesia Holding B.V.', 'EQUITY'),
    ('ISAT.JK', 'PT Indosat Ooredoo Hutchison Tbk', 'Communication Services', 'PT Indosat Ooredoo Hutchison Tbk, together with its subsidiaries, provides digital telecommunication services in Indonesia. It operates through Cellular; MIDI; and Fixed Telecommunications segments. The company offers prepaid and post-paid services, and international and roaming, such as outbound roamers, international call and SMS, and overseas call products. It also provides data communication and IT services; information and telecommunication; and electronic payment and remittance services. The company offers services under the Ooredoo brand name. The company was founded in 1967 and is headquartered in Jakarta, Indonesia. PT Indosat Ooredoo Hutchison Tbk operates as a subsidiary of Ooredoo Hutchison Asia Pte. Ltd.', 'EQUITY'),
    ('ITMG.JK', 'PT Indo Tambangraya Megah Tbk', 'Energy', 'PT Indo Tambangraya Megah Tbk, together with its subsidiaries, engages in coal mining activities in East, South, and Central Kalimantan. Its energy services include coal trading and mining contractor, as well as provides solar power plant services and solar energy through installing solar rooftops. The company is involved in fuel trading; energy marketing; electricity generation; and producing thermal coal. It primarily sells its coal in China, Japan, Philippines, India, Thailand, Hong Kong, Taiwan, Bangladesh, Korea, Malaysia, Vietnam, and Europe. The company was founded in 1987 and is headquartered in South Jakarta, Indonesia. PT Indo Tambangraya Megah Tbk operates as a subsidiary of Banpu Minerals (Singapore) Pte. Ltd.', 'EQUITY'),
    ('TLKM.JK', 'Perusahaan Perseroan (Persero) PT Telekomunikasi Indonesia Tbk', 'Communication Services', 'Perusahaan Perseroan (Persero) PT Telekomunikasi Indonesia Tbk provides information and communications technology, and telecommunications network services worldwide. The company operates through Mobile, Consumer, Enterprise, Wholesale and International Business, and Other segments. The Mobile segment offers mobile voice, SMS, mobile broadband, and value added services. The Consumer segment provides fixed wireline, pay TV, and internet services; and other telecommunication services to home customers. The Enterprise segment offers end-to-end solution to corporate and institutions. The Wholesale and International Business segment provides interconnection services, broadband access, information technology services, data, and internet services to other licensed operator and institutions. The Other segment offers digital content products, big data, business-to-business commerce, and financial services to individual and corporate customers. The company also engages in leasing of towers, and provision of digital support and other telecommunication services; provision of consultation service of hardware, software, data center, and internet exchange, as well as multimedia portal services; business management consulting; property development and management; trading service related to telecommunication, information, multimedia technology, entertainment, and investment services; and digital content exchange hub services. The company was founded in 1884 and is headquartered in Bandung, Indonesia. Perusahaan Perseroan (Persero) PT Telekomunikasi Indonesia Tbk operates as a subsidiary of Pt. Biro Klasifikasi Indonesia (Persero).', 'EQUITY'),
    ('BRPT.JK', 'PT Barito Pacific Tbk', 'Basic Materials', 'PT Barito Pacific Tbk, together with its subsidiaries, engages in the petrochemical production business. It operates through Petrochemical, Building and Hotel Management (Property), Energy and Resources, and Others segments. The company produces various palette of olefins, polyolefins, styrene monomer, and butadiene, including by-products. It also operates geothermal operations. In addition, the company manages properties; develops industrial and commercial property; and management consulting services. Further, it engages in the logistics and glue production businesses. The company was formerly known as PT Barito Pacific Timber Tbk and changed its name to PT Barito Pacific Tbk in 2007. PT Barito Pacific Tbk was founded in 1979 and is headquartered in Jakarta, Indonesia.', 'EQUITY'),
    ('MDKA.JK', 'PT Merdeka Copper Gold Tbk', 'Basic Materials', 'PT Merdeka Copper Gold Tbk engages in the mining business in Indonesia. It explores for gold, silver, copper, and other related minerals, as well as provides mining services. The company holds interests in the Tujuh Bukit Copper project; Pani Gold project; Tujuh Bukit Gold project; Merdeka Battery Materials project; and Wetar Copper project. It also offers metal manufacturing and trading services; mining and construction services; owns and leases real estate; business consulting and business broker services, as well as engages in other consulting management activities. The company was formerly known as PT Merdeka Sera and changed its name to PT Merdeka Copper Gold Tbk in December 2014. The company was founded in 2012 and is headquartered in Jakarta, Indonesia.', 'EQUITY'),
    ('ELIT.JK', 'PT Data Sinergitama Jaya Tbk', 'Technology', 'PT Data Sinergitama Jaya Tbk provides IT infrastructure and managed services. The company''s services include managed cloud, managed network, collocation, backup as a service, infrastructure as a service, and disaster recovery as a service. It serves the financial, retail, oil and gas, FMCG, and ecommerce sectors. The company was founded in 2011 and is headquartered in Jakarta, Indonesia.', 'EQUITY'),
    ('WIFI.JK', 'PT Solusi Sinergi Digital Tbk', 'Technology', 'PT Solusi Sinergi Digital Tbk engages in the advertising businesses in Indonesia. It provides connectivity solutions, such as Dark fibre and bandwidth; and colocation data center, content delivery network, and tower fiberization services. The company also offers development technology ecosystems, including mobile applications, such as KAI access and DAMRI for ticketing services, Adakita, and Sobat Tani applications; advertising and media; and IT solutions. In addition, it engages in the wholesale and retail trade; professional, scientific, and technical activities; financial and insurance; and information and communication activities. The company was founded in 2012 and is based in Jakarta, Indonesia. PT Solusi Sinergi Digital Tbk is a subsidiary of PT Investasi Sukses Bersama.', 'EQUITY'),
    ('VKTR.JK', 'PT VKTR Teknologi Mobilitas Tbk', 'Consumer Cyclical', 'PT VKTR Teknologi Mobilitas Tbk engages in manufacturing and trading of automotive and metal components. It offers electric buses and motors, charging stations, and telematics and smart fleet management. The company also trades battery-based electric vehicles; and provides foundry and automotive components, as well as vehicle body. In addition, it engages in wholesale and leasing of automotive and components. The company was founded in 2007 and is based in Jakarta, Indonesia. The company is a subsidiary of PT Bakrie & Brothers Tbk.', 'EQUITY'),
    ('HMSP.JK', 'PT Hanjaya Mandala Sampoerna Tbk', 'Consumer Defensive', 'PT Hanjaya Mandala Sampoerna Tbk, together with its subsidiaries, engages in manufacture, distribution, and trading of cigarettes and other tobacco products in Indonesia. The company offers hand-rolled kretek and machine-made kretek cigarettes under the Dji Sam Soe Magnum, Sampoerna Kretek, Sampoerna A, and Marlboro Filter Black brand names. It also engages in the general trading; e-commerce and agency; provision of leisure and golf course services; and property development. PT Hanjaya Mandala Sampoerna Tbk was founded in 1913 and is headquartered in Surabaya, Indonesia. PT Hanjaya Mandala Sampoerna Tbk ioperates as a subsidiary of PT Philip Morris Indonesia.', 'EQUITY'),
    ('BBCA.JK', 'PT Bank Central Asia Tbk', 'Financial Services', 'PT Bank Central Asia Tbk, together with its subsidiaries, provides banking products and other financial services to individual, corporate, and small and medium enterprise customers in Indonesia and internationally. It operates through Transaction Banking, Corporate Banking, Commercial & Small & Medium Enterprise SME Banking, Individual Banking, and Treasury and International Banking segments. The company offers various products and services, such as individual and business saving, deposit, loan, and electronic money accounts; wealth management services; credit cards; and business collection and investment services. It also provides transaction banking and cash management, electronic banking, and bancassurance services; mutual fund investment products; credit and export import facilities; foreign exchange facilities; and bank guarantees. In addition, the company offers international banking services, such as cross-border remittances, trade finance, and specialized solutions for banks and financial institutions. Further, it offers money lending and remittance, auto financing and multipurpose financing, securities brokerage dealing and securities issuance underwriting, general and life insurance, Sharia banking, and venture capital services. PT Bank Central Asia Tbk was founded in 1955 and is headquartered in Jakarta, Indonesia. PT Bank Central Asia Tbk is a subsidiary of PT Dwimuria Investama Andalan.', 'EQUITY'),
    ('ASII.JK', 'PT Astra International Tbk', 'Industrials', 'PT Astra International Tbk, together with its subsidiaries, operates in the automotive, financial services, heavy equipment, mining, construction, energy, agri, infrastructure and logistics, information technology, and property businesses in Indonesia and internationally. It operates in Automotive, Financial Services, Heavy Equipment and Mining, construction, and energy, infrastructure and logistics, Agribusiness, Information Technology, and Property segments. The Automotive segment includes car, motorcycle, component, and others. Its Financial Services segment engages in car, motorcycle, heavy equipment financing, and Insurance. The Heavy Equipment and Mining, construction, and energy segment engages in construction machines, mining contractor, mining, and construction. Its infrastructure and logistics segment includes infrastructure and logistics value chain services; Agribusiness segment include oil palm plantations and their derivative products. The Information Technology segment comprises document solutions, IT Solutions, and office solutions; and Property development segment. The company also engages in sales of spare parts, heavy equipment and rental services, mining and related services. The company was founded in 1957 and is headquartered in Jakarta, Indonesia. PT Astra International Tbk operates as a subsidiary of Jardine Cycle & Carriage Limited.', 'EQUITY'),
    ('DATA.JK', 'Unknown', 'Communication Services', 'PT Remala Abadi Tbk operates as an internet service provider in Indonesia. It provides broadband internet, local link services, and server colocation services; connectivity/installation and multimedia services; and managed services for IP CAM setup, VOIP, and WiFi device. The company also offers cloud services, virtual private networks, IoT, CCTV, IP domain, IP public, email solutions, etc. In addition, it engages in computer trading and programming activities. It serves SPs as partners, corporations, SMEs, SOHOs, government, and residential sectors. The company was founded in 2004 and is headquartered in Jakarta, Indonesia.', 'EQUITY'),
    ('PTBA.JK', 'PT Bukit Asam Tbk', 'Energy', 'PT Bukit Asam Tbk, together with its subsidiaries, engages in coal mining activities in Indonesia. Its coal mining activities include general surveying, exploration, exploitation, processing, refining, transportation, and trading. It maintains special coal port facilities; operates steam power plants; and engages in the mining of coal methane gas. The company also offers briquette processing, mining services, palm plantation and processing, and health services, as well as real estate and construction services. In addition, it engages in the hospital clinic and polyclinic; rental; port; and trade, services, workshop, development, industry, and transportation businesses. It also operates in India, South Korea, China, Japan, Italy, Thailand, Cambodia, Taiwan, Malaysia, the Philippines, Vietnam, and Hong Kong. The company was formerly known as PT Bukit Asam (Persero) Tbk and was changed to PT Bukit Asam Tbk in November 2017. PT Bukit Asam Tbk was founded in 1876 and is based in Tanjung Enim Selatan, Indonesia. The company operates as a subsidiary of PT Mineral Industri Indonesia (Persero).', 'EQUITY'),
    ('GGRM.JK', 'PT Gudang Garam Tbk', 'Consumer Defensive', 'PT Gudang Garam Tbk, together with its subsidiaries, engages in the manufacture and sale of cigarettes in Indonesia and internationally. The company operates through Cigarettes, Paperboards, Infrastructure, and Others segments. It offers hand-rolled, machine-made, and klobot clove cigarettes. The company markets its products under the Gudang Garam Family, Surya Family, and GG Family brand names. It is also involved in trading business; and provision of safety protective equipment, and investment and construction services. In addition, the company provides tobacco processing, non-scheduled air transportation, infrastructure, entertainment, and tourism services. The company was formerly known as PT Perusahaan Rokok Tjap Gudang Garam Kediri. PT Gudang Garam Tbk was founded in 1958 and is headquartered in Kediri, Indonesia. PT Gudang Garam Tbk is a subsidiary of PT Suryaduta Investama.', 'EQUITY'),
    ('BINA.JK', 'PT Bank Ina Perdana Tbk', 'Financial Services', 'PT Bank Ina Perdana Tbk provides banking products and services in Indonesia. The company operates through Marketing and Loans, Treasury, and Trade Finance segments. It offers savings, deposit, and current account; time deposit; certificate of deposit; productive, consumer, and cashless credit products; bancassurance; debit card; and trade finance, and internet and mobile banking services. It operates through a network of branches and supporting branches, as well as automatic teller machines. PT Bank Ina Perdana Tbk was founded in 1990 and is based in Jakarta Selatan, Indonesia.', 'EQUITY'),
    ('JPFA.JK', 'PT Japfa Comfeed Indonesia Tbk', 'Consumer Defensive', 'PT Japfa Comfeed Indonesia Tbk operates as an agri-food company in Indonesia. The company operates through six segments: Animal Feed, Poultry Breeding, Commercial Farm, Poultry Processing and Consumer Products, Aquaculture, and Trading and Others. It provides poultry services comprising chicken livestock business, which includes poultry feed, breeding, and processing; commercial farming; broiler production; processed animal protein, as well as animal health and livestock equipment; and farm supplies. The company also engages in aquaculture services, which include aqua feed, fish and shrimp hatchery, and technical support services; and engages in beef business, including beef cattle breeding, fattening, slaughterhouses, and value-added meat production. In addition, its trading business include wholesale of other food and beverages, live animals, oils and vegetable fats, and rubber and plastics; and retail of livestock and aquaculture, as well as animal/poultry/fish, and pets'' feed. Further, it offers raw materials, such as beef, chicken, and seafood; and value-added chicken, beef, and sea foods. Additionally, it is involved in the real estate; plantation and framing; transportation; and investment activities; wholesale of pharmaceuticals; and provides agricultural machinery and equipment supplies, veterinary pharmaceutical products, and logistics and freight forwarding services. The company markets its products in Asia, Europe, and the United States. The company was founded in 1971 and is headquartered in Jakarta, Indonesia. PT Japfa Comfeed Indonesia Tbk is a subsidiary of Japfa Ltd.', 'EQUITY'),
    ('TINS.JK', 'PT TIMAH Tbk', 'Basic Materials', 'PT TIMAH Tbk engages in tin mining and smelting operations in Indonesia and internationally. It operates through Tin Mining, Industry, Construction, Coal Mining, and Other segments. The company offers Banka, Mentok, and Kundur tin, as well as tin solder and chemical products; and non-tin products, such as coal, nickel, and quartz sand. It is also involved in the provision of workshop, construction, shipping dockyard, real estate development, transportation, and marketing services. In addition, the company provides engineering and ship repair services, such as maritime vessel maintenance, shipbuilding, rental and purchase of maritime products, and other shipyard services. Further, it offers reclamation and agribusiness services, including agriculture, livestock, fisheries, trade essential oil industry, and agro-tourism services. The company was founded in 1976 and is headquartered in Bangka, Indonesia. PT TIMAH Tbk is a subsidiary of PT Mineral Industri Indonesia (Persero).', 'EQUITY'),
    ('BMRI.JK', 'PT Bank Mandiri (Persero) Tbk', 'Financial Services', 'PT Bank Mandiri (Persero) Tbk provides various banking products and services to individuals and businesses in Indonesia, Singapore, Hong Kong, Timor Leste, Shanghai, Malaysia, England, and the Cayman Islands. It offers savings and current accounts, multicurrency, payroll, NOW, and foreign currency savings accounts; personal, mortgage, micro enterprise, small and medium enterprises, working capital, and investment loans; corporate, credit, and debit cards; digital banking; and e-banking services. The company also provides life, health, and accident insurance products, as well as investment products; cash management, bill collection, payment, trade finance, money transfer, remittance, and wealth management services; and treasury services, including cash transaction, hedging, and investment products. It operates branch offices, sub-branch offices, and overseas branch offices; and ATM facilities. The company was founded in 1998 and is headquartered in Jakarta, Indonesia.', 'EQUITY'),
    ('BOLT.JK', 'PT Garuda Metalindo Tbk', 'Industrials', 'PT Garuda Metalindo Tbk manufactures and sells precision fasteners and engineered components primarily for the automotive industry in Indonesia, rest of Asia, Europe, and the Americas. The company offers bolts, nuts, screws, and rivets; and special components, and pins and collars for use in engine, suspension, brake, frame and chassis, interior, power train, and other applications. It serves the motorcycle, automobile, automotive components, electrical equipment, and home appliance industries. The company was founded in 1966 and is headquartered in Jakarta Utara, Indonesia. PT Garuda Metalindo Tbk is a subsidiary of PT Garuda Multi Investama.', 'EQUITY'),
    ('PGAS.JK', 'PT Perusahaan Gas Negara Tbk', 'Utilities', 'PT Perusahaan Gas Negara Tbk, together with its subsidiaries, engages in the transmission and distribution of natural gas in Indonesia. It operates through three segments: Gas Trading and Transmission, Exploration and Production of Oil and Gas, and Other Operations. The company is involved in the exploration, exploitation, and business development in oil and gas; and trading and transmission of gas, and processing of liquefied natural gas to industrial, commercial and household customers. It also provides fiber optic rental for network services; construction and maintenance services to the customers; management and leasing services of buildings and equipment; engineering and consultancy services; telecommunications; and electricity services. The company was founded in 1859 and is headquartered in Jakarta, Indonesia. PT Perusahaan Gas Negara Tbk operates as a subsidiary of PT Pertamina (Persero).', 'EQUITY'),
    ('BAYU.JK', 'PT Bayu Buana Tbk', 'Consumer Cyclical', 'PT Bayu Buana Tbk operates as a travel agent in Indonesia and internationally. The company provides travel reservations, travel tickets, and processes travel documents. It also provides tour guides, transport rentals, and accommodation reservations. In addition, the company engages in industrial development, travel bureau, transportation, and Umrah services, as well as engages in trading business. PT Bayu Buana Tbk acts as an airlines ticket sales agent; and organizes conventions, as well as offers transportation services. The company was founded in 1972 and is headquartered in Jakarta Pusat, Indonesia.', 'EQUITY'),
    ('EXCL.JK', 'PT XLSMART Telecom Sejahtera Tbk', 'Communication Services', 'PT XLSMART Telecom Sejahtera Tbk, together with its subsidiaries, provides telecommunication, telecommunications network, and multimedia services for consumers and businesses in Indonesia. It operates through two segments GSM mobile and telecommunications network and information technology services. The company provides cellular mobile and closed fixed network, Internet, Internet telephony and interconnection, data communication system, packet switched local fixed network, telephony, and voice over Internet protocol services. It also offers digital content and home broadband services; voice and short message services; data and digital; mobile communication and telecommunication services; and other telecommunication services, includes SIM card sales, leased line, and tower. PT XLSMART Telecom Sejahtera Tbk was formerly known as PT XL Axiata Tbk and changed its name to PT XLSMART Telecom Sejahtera Tbk in April 2025. The company was founded in 1989 and is headquartered in Jakarta Selatan, Indonesia.', 'EQUITY');
CREATE TABLE live_stock_price_change (
    ticker VARCHAR(100),
    price DOUBLE,
    timestamp DATETIME,
    PRIMARY KEY (ticker, timestamp)
,
    FOREIGN KEY (ticker) REFERENCES stocks(ticker) ON DELETE CASCADE ON UPDATE CASCADE  
);
INSERT INTO live_stock_price_change (ticker, price, timestamp) VALUES
    ('BBCA.JK', '2376', '2025-04-24 01:49:32'),
    ('BBCA.JK', '5240', '2025-01-15 13:27:56'),
    ('BBCA.JK', '1357', '2025-01-13 12:27:41'),
    ('BBCA.JK', '4239', '2025-05-06 10:31:01'),
    ('BBCA.JK', '8265', '2025-01-26 00:12:43'),
    ('BBCA.JK', '2506', '2025-03-06 09:08:04'),
    ('BBCA.JK', '3007', '2025-01-09 06:58:45'),
    ('BBCA.JK', '8552', '2025-01-10 19:59:19'),
    ('BBCA.JK', '3752', '2025-04-22 10:29:39'),
    ('BBCA.JK', '8096', '2025-03-18 16:49:38'),
    ('BBCA.JK', '9128', '2025-01-06 17:23:50'),
    ('BBCA.JK', '7270', '2025-05-13 16:00:10'),
    ('BBCA.JK', '7990', '2025-02-03 13:20:23'),
    ('BBCA.JK', '6799', '2025-02-11 16:38:58'),
    ('BBCA.JK', '4066', '2025-02-23 09:30:28'),
    ('BBCA.JK', '5585', '2025-03-28 14:33:50'),
    ('BBCA.JK', '3435', '2025-01-07 17:28:41'),
    ('BBCA.JK', '5026', '2025-05-06 16:32:09'),
    ('BBCA.JK', '5835', '2025-04-07 21:00:12'),
    ('BBCA.JK', '7750', '2025-04-17 22:23:42'),
    ('BBCA.JK', '8848', '2025-01-12 20:10:59'),
    ('BBCA.JK', '2437', '2025-02-24 07:51:02'),
    ('BBCA.JK', '7275', '2025-01-27 15:33:58'),
    ('BBCA.JK', '7868', '2025-02-08 17:32:26'),
    ('BBCA.JK', '9614', '2025-02-18 09:06:45'),
    ('BBCA.JK', '9907', '2025-01-04 19:00:58'),
    ('BBCA.JK', '7266', '2025-03-11 17:35:01'),
    ('BBCA.JK', '8859', '2025-04-16 17:38:12'),
    ('BBCA.JK', '8940', '2025-03-08 19:18:54'),
    ('BBCA.JK', '9231', '2025-03-04 10:47:06'),
    ('BBCA.JK', '7363', '2025-02-22 12:19:17'),
    ('BBCA.JK', '3946', '2025-01-06 01:27:44'),
    ('BBCA.JK', '6224', '2025-04-26 22:45:50'),
    ('BBCA.JK', '4588', '2025-01-06 16:33:50'),
    ('BBCA.JK', '5602', '2025-01-12 09:03:17'),
    ('BBCA.JK', '8728', '2025-04-13 19:19:59'),
    ('BBCA.JK', '6856', '2025-04-24 09:35:08'),
    ('BBCA.JK', '4813', '2025-01-31 23:54:19'),
    ('BBCA.JK', '2640', '2025-02-18 03:05:51'),
    ('BBCA.JK', '4951', '2025-02-21 18:06:21'),
    ('BBCA.JK', '9743', '2025-01-11 20:33:11'),
    ('BBCA.JK', '4594', '2025-04-22 18:55:10'),
    ('BBCA.JK', '7363', '2025-03-10 21:30:33'),
    ('BBCA.JK', '3846', '2025-02-04 04:41:13'),
    ('BBCA.JK', '4875', '2025-04-26 01:20:27'),
    ('BBCA.JK', '6210', '2025-03-11 16:03:02'),
    ('BBCA.JK', '1462', '2025-03-10 06:57:27'),
    ('BBCA.JK', '3328', '2025-04-20 08:16:39'),
    ('BBCA.JK', '4084', '2025-04-06 13:56:34'),
    ('BBCA.JK', '9882', '2025-03-02 00:17:30'),
    ('BBCA.JK', '3876', '2025-04-06 05:35:57'),
    ('BBCA.JK', '1621', '2025-01-18 12:37:47'),
    ('BBCA.JK', '1920', '2025-02-15 04:06:12'),
    ('BBCA.JK', '4584', '2025-01-04 20:52:16'),
    ('BBCA.JK', '9625', '2025-04-03 19:35:24'),
    ('BBCA.JK', '1011', '2025-03-06 09:59:32'),
    ('BBCA.JK', '4300', '2025-01-26 08:07:31'),
    ('BBCA.JK', '6582', '2025-02-04 11:01:22'),
    ('BBCA.JK', '6301', '2025-01-12 13:33:03'),
    ('BBCA.JK', '1359', '2025-01-29 16:23:16'),
    ('BBCA.JK', '3320', '2025-01-22 12:55:38'),
    ('BBCA.JK', '9622', '2025-03-12 20:30:35'),
    ('BBCA.JK', '2188', '2025-03-14 13:03:33'),
    ('BBCA.JK', '7481', '2025-04-24 19:02:08'),
    ('BBCA.JK', '2655', '2025-03-07 08:29:17'),
    ('BBCA.JK', '5944', '2025-03-04 15:26:23'),
    ('BBCA.JK', '3235', '2025-01-31 14:01:16'),
    ('BBCA.JK', '8157', '2025-05-05 03:11:43'),
    ('BBCA.JK', '8982', '2025-05-07 01:23:57'),
    ('BBCA.JK', '6198', '2025-02-03 19:50:35'),
    ('BBCA.JK', '6846', '2025-02-13 08:21:38'),
    ('BBCA.JK', '3872', '2025-03-15 11:23:51'),
    ('BBCA.JK', '6026', '2025-02-27 04:32:59'),
    ('BBCA.JK', '3086', '2025-02-04 12:10:50'),
    ('BBCA.JK', '1029', '2025-04-22 05:36:13'),
    ('BBCA.JK', '7415', '2025-04-21 04:39:40'),
    ('BBCA.JK', '1530', '2025-02-05 08:33:44'),
    ('BBCA.JK', '6213', '2025-04-29 17:14:33'),
    ('BBCA.JK', '4619', '2025-05-05 04:58:12'),
    ('BBCA.JK', '2705', '2025-04-07 08:23:23'),
    ('BBCA.JK', '3304', '2025-03-06 07:21:24'),
    ('BBCA.JK', '2274', '2025-02-16 05:08:29'),
    ('BBCA.JK', '6682', '2025-03-04 01:03:53'),
    ('BBCA.JK', '3750', '2025-05-04 12:50:42'),
    ('BBCA.JK', '2453', '2025-05-11 02:32:26'),
    ('BBCA.JK', '6500', '2025-03-28 17:26:46'),
    ('BBCA.JK', '1186', '2025-02-21 11:58:46'),
    ('BBCA.JK', '4435', '2025-02-18 10:56:40'),
    ('BBCA.JK', '2110', '2025-03-10 01:21:38'),
    ('BBCA.JK', '5205', '2025-01-21 23:28:39'),
    ('BBCA.JK', '1020', '2025-01-10 08:23:00'),
    ('BBCA.JK', '7323', '2025-03-27 02:15:13'),
    ('BBCA.JK', '7875', '2025-02-02 07:11:35'),
    ('BBCA.JK', '7783', '2025-04-06 17:55:43'),
    ('BBCA.JK', '7204', '2025-03-10 04:51:21'),
    ('BBCA.JK', '9946', '2025-03-14 21:14:47'),
    ('BBCA.JK', '2661', '2025-04-04 02:34:54'),
    ('BBCA.JK', '4695', '2025-02-01 14:02:03'),
    ('BBCA.JK', '8393', '2025-01-15 07:30:38'),
    ('BBCA.JK', '1547', '2025-02-27 06:22:25'),
    ('BBCA.JK', '1328', '2025-03-03 21:19:42'),
    ('BBCA.JK', '5278', '2025-01-21 08:03:14'),
    ('BBCA.JK', '2215', '2025-03-08 08:56:30'),
    ('BBCA.JK', '3787', '2025-03-14 21:45:38'),
    ('BBCA.JK', '3636', '2025-01-15 13:32:11'),
    ('BBCA.JK', '9962', '2025-01-19 01:53:57'),
    ('BBCA.JK', '6536', '2025-04-26 08:22:58'),
    ('BBCA.JK', '8909', '2025-01-07 00:26:19'),
    ('BBCA.JK', '8066', '2025-05-07 22:09:38'),
    ('BBCA.JK', '3703', '2025-04-28 22:18:18'),
    ('BBCA.JK', '8113', '2025-01-31 12:09:24'),
    ('BBCA.JK', '1877', '2025-01-20 15:53:44'),
    ('BBCA.JK', '6424', '2025-02-09 21:56:04'),
    ('BBCA.JK', '4112', '2025-03-21 11:22:56'),
    ('BBCA.JK', '9849', '2025-02-21 12:13:24'),
    ('BBCA.JK', '5612', '2025-02-27 17:59:14'),
    ('BBCA.JK', '4891', '2025-01-19 15:00:02'),
    ('BBCA.JK', '1813', '2025-03-18 07:03:25'),
    ('BBCA.JK', '9043', '2025-01-30 19:46:51'),
    ('BBCA.JK', '1893', '2025-03-12 01:35:04'),
    ('BBCA.JK', '1062', '2025-03-25 00:47:17'),
    ('BBCA.JK', '2435', '2025-02-27 04:41:59'),
    ('BBCA.JK', '8869', '2025-02-08 18:33:07'),
    ('BBCA.JK', '2589', '2025-01-05 23:56:13'),
    ('BBCA.JK', '4390', '2025-02-03 04:08:08'),
    ('BBCA.JK', '5781', '2025-01-16 21:50:59'),
    ('BBCA.JK', '8758', '2025-01-23 10:18:38'),
    ('BBCA.JK', '6052', '2025-03-19 04:19:55'),
    ('BBCA.JK', '8715', '2025-04-05 23:21:22'),
    ('BBCA.JK', '5341', '2025-01-18 16:43:43'),
    ('BBCA.JK', '9914', '2025-03-17 06:00:26'),
    ('BBCA.JK', '4029', '2025-03-14 01:04:51'),
    ('BBCA.JK', '7249', '2025-03-13 17:32:11'),
    ('BBCA.JK', '4056', '2025-03-28 13:27:48'),
    ('BBCA.JK', '1731', '2025-02-21 03:02:53'),
    ('BBCA.JK', '8204', '2025-04-01 07:19:37'),
    ('BBCA.JK', '5315', '2025-02-13 22:21:55'),
    ('BBCA.JK', '5400', '2025-04-20 13:34:46'),
    ('BBCA.JK', '2009', '2025-01-30 08:19:11'),
    ('BBCA.JK', '2584', '2025-01-17 15:25:30'),
    ('BBCA.JK', '6632', '2025-04-16 03:20:06'),
    ('BBCA.JK', '7782', '2025-04-25 12:19:27'),
    ('BBCA.JK', '4727', '2025-04-18 11:58:18'),
    ('BBCA.JK', '1999', '2025-03-17 04:02:42'),
    ('BBCA.JK', '9561', '2025-03-23 06:58:00'),
    ('BBCA.JK', '9773', '2025-04-03 04:50:31'),
    ('BBCA.JK', '4860', '2025-04-03 11:32:35'),
    ('BBCA.JK', '5896', '2025-01-16 07:57:25'),
    ('BBCA.JK', '7468', '2025-01-07 17:50:47'),
    ('BBCA.JK', '9226', '2025-04-21 22:04:40'),
    ('BBCA.JK', '9467', '2025-04-21 23:18:54'),
    ('BBCA.JK', '3415', '2025-01-24 08:33:14'),
    ('BBCA.JK', '8357', '2025-02-03 13:40:27'),
    ('BBCA.JK', '3738', '2025-02-11 03:28:46'),
    ('BBCA.JK', '4157', '2025-01-25 12:04:09'),
    ('BBCA.JK', '1699', '2025-03-24 05:04:12'),
    ('BBCA.JK', '2283', '2025-05-13 15:35:43'),
    ('BBCA.JK', '8133', '2025-02-09 05:00:43'),
    ('BBCA.JK', '3422', '2025-04-26 13:07:23'),
    ('BBCA.JK', '5225', '2025-03-04 02:08:26'),
    ('BBCA.JK', '2097', '2025-01-17 21:34:38'),
    ('BBCA.JK', '7358', '2025-04-19 00:50:42'),
    ('BBCA.JK', '7510', '2025-04-18 04:45:32'),
    ('BBCA.JK', '6343', '2025-02-23 15:11:20'),
    ('BBCA.JK', '9514', '2025-03-30 23:10:01'),
    ('BBCA.JK', '1202', '2025-05-01 23:39:37'),
    ('BBCA.JK', '9561', '2025-03-23 11:26:56'),
    ('BBCA.JK', '2843', '2025-03-22 11:26:29'),
    ('BBCA.JK', '3451', '2025-01-29 18:39:39'),
    ('BBCA.JK', '2641', '2025-01-21 12:17:38'),
    ('BBCA.JK', '2654', '2025-02-25 13:17:21'),
    ('BBCA.JK', '9775', '2025-03-08 18:32:47'),
    ('BBCA.JK', '7732', '2025-02-21 06:57:57'),
    ('BBCA.JK', '7275', '2025-05-08 03:31:54'),
    ('BBCA.JK', '8955', '2025-04-22 01:49:17'),
    ('BBCA.JK', '8750', '2025-01-08 06:36:09'),
    ('BBCA.JK', '3821', '2025-02-23 11:31:22'),
    ('BBCA.JK', '7602', '2025-01-28 22:24:07'),
    ('BBCA.JK', '7581', '2025-01-08 12:44:22'),
    ('BBCA.JK', '7484', '2025-03-06 08:52:27'),
    ('BBCA.JK', '4892', '2025-01-10 13:42:45'),
    ('BBCA.JK', '8785', '2025-02-22 03:41:37'),
    ('BBCA.JK', '7102', '2025-01-04 22:17:31'),
    ('BBCA.JK', '6535', '2025-02-28 20:20:18'),
    ('BBCA.JK', '6094', '2025-02-24 10:30:36'),
    ('BBCA.JK', '9054', '2025-05-13 23:38:30'),
    ('BBCA.JK', '2609', '2025-02-14 06:21:30'),
    ('BBCA.JK', '3201', '2025-02-28 08:20:25'),
    ('BBCA.JK', '8259', '2025-03-04 07:21:17'),
    ('BBCA.JK', '5414', '2025-03-22 22:18:06'),
    ('BBCA.JK', '2462', '2025-02-06 11:50:37'),
    ('BBCA.JK', '8237', '2025-02-11 01:09:04'),
    ('BBCA.JK', '7671', '2025-04-05 01:44:55'),
    ('BBCA.JK', '9462', '2025-03-14 14:32:52'),
    ('BBCA.JK', '1920', '2025-04-11 01:19:51'),
    ('BBCA.JK', '3604', '2025-01-13 17:47:50'),
    ('BBCA.JK', '6097', '2025-04-09 09:50:13'),
    ('BBCA.JK', '7609', '2025-01-27 08:10:26'),
    ('BBCA.JK', '9589', '2025-04-21 10:12:18'),
    ('BBCA.JK', '1474', '2025-02-03 17:40:29'),
    ('BBCA.JK', '4158', '2025-02-08 23:27:16'),
    ('BBCA.JK', '1944', '2025-02-18 10:42:32'),
    ('BBCA.JK', '1541', '2025-03-30 15:12:17'),
    ('BBCA.JK', '1828', '2025-03-11 23:28:10'),
    ('BBCA.JK', '4262', '2025-02-23 04:49:39'),
    ('BBCA.JK', '7035', '2025-04-01 03:24:53'),
    ('BBCA.JK', '9275', '2025-03-19 01:53:06'),
    ('BBCA.JK', '3029', '2025-05-13 06:30:09'),
    ('BBCA.JK', '1500', '2025-02-16 23:30:47'),
    ('BBCA.JK', '7102', '2025-04-05 21:54:40'),
    ('BBCA.JK', '8308', '2025-02-04 11:35:59'),
    ('BBCA.JK', '8775', '2025-04-24 23:03:36'),
    ('BBCA.JK', '6730', '2025-03-08 20:18:59'),
    ('BBCA.JK', '3679', '2025-02-20 05:26:33'),
    ('BBCA.JK', '2480', '2025-02-25 08:31:10'),
    ('BBCA.JK', '1449', '2025-03-17 01:31:35'),
    ('BBCA.JK', '1813', '2025-02-01 15:12:12'),
    ('BBCA.JK', '4511', '2025-02-12 23:34:14'),
    ('BBCA.JK', '4688', '2025-05-12 14:17:19'),
    ('BBCA.JK', '4387', '2025-02-22 06:01:13'),
    ('BBCA.JK', '7709', '2025-04-10 16:03:50'),
    ('BBCA.JK', '1328', '2025-05-13 11:16:52'),
    ('BBCA.JK', '1145', '2025-04-03 01:27:11'),
    ('BBCA.JK', '3167', '2025-05-06 16:58:12'),
    ('BBCA.JK', '3837', '2025-04-27 17:31:28'),
    ('BBCA.JK', '1138', '2025-02-13 10:50:38'),
    ('BBCA.JK', '5135', '2025-04-29 03:05:16'),
    ('BBCA.JK', '6004', '2025-05-05 19:23:13'),
    ('BBCA.JK', '5511', '2025-03-24 07:04:58'),
    ('BBCA.JK', '7168', '2025-03-09 17:06:09'),
    ('BBCA.JK', '8520', '2025-02-18 22:23:56'),
    ('BBCA.JK', '4575', '2025-04-01 14:58:13'),
    ('BBCA.JK', '5950', '2025-05-12 11:57:46'),
    ('BBCA.JK', '9530', '2025-05-02 02:12:54'),
    ('BBCA.JK', '7506', '2025-04-24 11:54:27'),
    ('BBCA.JK', '2676', '2025-01-02 10:14:31'),
    ('BBCA.JK', '9380', '2025-05-09 14:48:00'),
    ('BBCA.JK', '7131', '2025-04-20 00:34:47'),
    ('TLKM.JK', '5631', '2025-02-27 22:59:55'),
    ('TLKM.JK', '2771', '2025-04-04 13:03:49'),
    ('TLKM.JK', '2045', '2025-03-07 07:11:43'),
    ('TLKM.JK', '5529', '2025-05-05 09:23:16'),
    ('TLKM.JK', '6327', '2025-02-23 18:22:38'),
    ('TLKM.JK', '5278', '2025-05-08 09:44:20'),
    ('TLKM.JK', '5895', '2025-02-06 13:49:17'),
    ('TLKM.JK', '3456', '2025-04-11 10:45:46'),
    ('TLKM.JK', '4937', '2025-01-12 00:35:20'),
    ('TLKM.JK', '7620', '2025-05-09 06:17:39'),
    ('TLKM.JK', '6236', '2025-05-13 04:33:06'),
    ('TLKM.JK', '3292', '2025-01-05 22:37:48'),
    ('TLKM.JK', '9148', '2025-02-27 09:37:02'),
    ('TLKM.JK', '5250', '2025-03-23 06:39:26'),
    ('TLKM.JK', '7628', '2025-03-17 09:29:32'),
    ('TLKM.JK', '1578', '2025-04-24 05:05:14'),
    ('TLKM.JK', '4111', '2025-03-08 15:16:27'),
    ('TLKM.JK', '4643', '2025-04-14 19:34:48'),
    ('TLKM.JK', '8794', '2025-05-11 11:08:02'),
    ('TLKM.JK', '6873', '2025-04-09 12:15:30'),
    ('TLKM.JK', '5918', '2025-02-03 00:11:42'),
    ('TLKM.JK', '3967', '2025-02-27 01:07:58'),
    ('TLKM.JK', '2599', '2025-04-02 09:59:52'),
    ('TLKM.JK', '3096', '2025-02-20 05:24:17'),
    ('TLKM.JK', '3999', '2025-05-12 23:41:21'),
    ('TLKM.JK', '6499', '2025-05-08 01:53:11'),
    ('TLKM.JK', '2463', '2025-02-13 03:46:35'),
    ('TLKM.JK', '6820', '2025-02-13 08:47:00'),
    ('TLKM.JK', '6031', '2025-03-23 15:32:39'),
    ('TLKM.JK', '6428', '2025-03-14 04:09:56'),
    ('TLKM.JK', '5269', '2025-04-24 16:57:26'),
    ('TLKM.JK', '5817', '2025-04-01 01:16:52'),
    ('TLKM.JK', '2929', '2025-04-02 08:51:33'),
    ('TLKM.JK', '1879', '2025-05-04 04:30:11'),
    ('TLKM.JK', '2166', '2025-04-02 16:42:11'),
    ('TLKM.JK', '4187', '2025-04-08 04:23:37'),
    ('TLKM.JK', '2963', '2025-05-13 04:16:53'),
    ('TLKM.JK', '7253', '2025-04-13 21:13:35'),
    ('TLKM.JK', '5888', '2025-03-22 05:13:09'),
    ('TLKM.JK', '1885', '2025-01-30 06:40:42'),
    ('TLKM.JK', '3250', '2025-02-08 21:26:59'),
    ('TLKM.JK', '6614', '2025-03-21 10:58:19'),
    ('TLKM.JK', '8496', '2025-01-28 19:28:22'),
    ('TLKM.JK', '6183', '2025-02-05 00:31:24'),
    ('TLKM.JK', '2324', '2025-04-05 16:17:29'),
    ('TLKM.JK', '6449', '2025-05-03 12:49:33'),
    ('TLKM.JK', '3897', '2025-03-02 20:36:55'),
    ('TLKM.JK', '1950', '2025-01-01 21:57:59'),
    ('TLKM.JK', '8406', '2025-02-23 02:43:56'),
    ('TLKM.JK', '4430', '2025-02-02 17:45:35'),
    ('TLKM.JK', '3595', '2025-04-06 01:35:40'),
    ('TLKM.JK', '2442', '2025-01-26 03:04:31'),
    ('TLKM.JK', '8105', '2025-05-04 00:15:57'),
    ('TLKM.JK', '8035', '2025-03-20 07:56:59'),
    ('TLKM.JK', '8029', '2025-04-03 16:50:47'),
    ('TLKM.JK', '7280', '2025-01-01 21:45:35'),
    ('TLKM.JK', '1618', '2025-04-14 15:36:26'),
    ('TLKM.JK', '4267', '2025-03-14 10:46:42'),
    ('TLKM.JK', '1230', '2025-03-04 13:37:19'),
    ('TLKM.JK', '9700', '2025-02-07 00:09:06'),
    ('TLKM.JK', '1293', '2025-05-12 09:52:29'),
    ('TLKM.JK', '1067', '2025-05-02 16:34:21'),
    ('TLKM.JK', '5076', '2025-02-13 22:28:28'),
    ('TLKM.JK', '6641', '2025-03-02 14:27:19'),
    ('TLKM.JK', '3112', '2025-01-20 22:39:18'),
    ('TLKM.JK', '7284', '2025-04-08 17:43:04'),
    ('TLKM.JK', '6015', '2025-02-02 10:22:13'),
    ('TLKM.JK', '2069', '2025-01-09 21:03:46'),
    ('TLKM.JK', '5885', '2025-02-26 11:21:20'),
    ('TLKM.JK', '8469', '2025-04-12 00:43:11'),
    ('TLKM.JK', '9587', '2025-03-07 14:25:33'),
    ('TLKM.JK', '8105', '2025-01-26 23:30:14'),
    ('TLKM.JK', '6615', '2025-04-06 04:23:53'),
    ('TLKM.JK', '6885', '2025-02-06 14:07:44'),
    ('TLKM.JK', '3701', '2025-03-20 07:56:28'),
    ('TLKM.JK', '1313', '2025-02-14 08:30:22'),
    ('TLKM.JK', '4675', '2025-01-26 11:27:47'),
    ('TLKM.JK', '4460', '2025-01-05 06:07:23'),
    ('TLKM.JK', '9267', '2025-02-02 19:31:33'),
    ('TLKM.JK', '3017', '2025-03-13 04:26:23'),
    ('TLKM.JK', '1612', '2025-03-14 20:31:24'),
    ('TLKM.JK', '5190', '2025-04-14 20:02:18'),
    ('TLKM.JK', '1796', '2025-04-26 07:53:12'),
    ('TLKM.JK', '1785', '2025-05-09 13:00:12'),
    ('TLKM.JK', '2771', '2025-05-07 21:50:45'),
    ('TLKM.JK', '1323', '2025-01-10 08:47:29'),
    ('TLKM.JK', '2897', '2025-03-22 22:18:53'),
    ('TLKM.JK', '8279', '2025-03-15 20:06:39'),
    ('TLKM.JK', '3024', '2025-04-17 06:31:14'),
    ('TLKM.JK', '5140', '2025-04-03 02:50:49'),
    ('TLKM.JK', '3508', '2025-02-09 21:40:32'),
    ('TLKM.JK', '1152', '2025-02-28 11:18:15'),
    ('TLKM.JK', '7895', '2025-05-09 11:34:49'),
    ('TLKM.JK', '2654', '2025-05-09 15:23:39'),
    ('TLKM.JK', '9524', '2025-02-22 10:11:04'),
    ('TLKM.JK', '3247', '2025-03-23 07:52:10'),
    ('TLKM.JK', '2718', '2025-04-10 08:09:28'),
    ('TLKM.JK', '2928', '2025-02-24 21:30:32'),
    ('TLKM.JK', '2867', '2025-01-21 15:13:29'),
    ('TLKM.JK', '9154', '2025-02-08 13:45:37'),
    ('TLKM.JK', '4272', '2025-02-21 01:38:25'),
    ('TLKM.JK', '9571', '2025-02-09 03:51:54'),
    ('TLKM.JK', '6864', '2025-03-21 13:36:08'),
    ('TLKM.JK', '5839', '2025-02-01 03:23:42'),
    ('TLKM.JK', '1645', '2025-04-17 10:30:42'),
    ('TLKM.JK', '9132', '2025-02-10 07:55:26'),
    ('TLKM.JK', '8875', '2025-03-06 04:43:28'),
    ('TLKM.JK', '4842', '2025-01-01 12:45:36'),
    ('TLKM.JK', '1208', '2025-05-11 10:02:14'),
    ('TLKM.JK', '2458', '2025-01-22 10:38:43'),
    ('TLKM.JK', '9095', '2025-01-29 23:03:49'),
    ('TLKM.JK', '2475', '2025-04-10 08:43:11'),
    ('TLKM.JK', '2229', '2025-01-20 16:02:52'),
    ('TLKM.JK', '5192', '2025-05-06 02:49:37'),
    ('TLKM.JK', '4787', '2025-03-30 16:36:54'),
    ('TLKM.JK', '5850', '2025-02-21 06:54:42'),
    ('TLKM.JK', '8606', '2025-01-10 17:23:26'),
    ('TLKM.JK', '2635', '2025-02-03 22:10:09'),
    ('TLKM.JK', '1646', '2025-02-26 10:08:28'),
    ('TLKM.JK', '6901', '2025-05-12 09:57:38'),
    ('TLKM.JK', '6123', '2025-03-24 17:16:53'),
    ('TLKM.JK', '2898', '2025-01-19 10:43:29'),
    ('TLKM.JK', '1751', '2025-01-02 21:04:34'),
    ('TLKM.JK', '3267', '2025-05-09 19:27:30'),
    ('TLKM.JK', '3793', '2025-03-05 19:40:13'),
    ('TLKM.JK', '6857', '2025-03-26 23:53:50'),
    ('TLKM.JK', '5395', '2025-01-19 01:11:04'),
    ('TLKM.JK', '7105', '2025-03-08 13:12:13'),
    ('TLKM.JK', '3996', '2025-01-23 02:29:44'),
    ('TLKM.JK', '7566', '2025-03-19 17:18:04'),
    ('TLKM.JK', '8479', '2025-02-22 18:50:02'),
    ('TLKM.JK', '7319', '2025-04-03 20:46:59'),
    ('TLKM.JK', '7909', '2025-05-06 23:50:37'),
    ('TLKM.JK', '3732', '2025-01-22 22:52:54'),
    ('TLKM.JK', '3171', '2025-01-12 09:18:43'),
    ('TLKM.JK', '3611', '2025-01-21 03:20:17'),
    ('TLKM.JK', '7816', '2025-04-25 17:05:45'),
    ('TLKM.JK', '8908', '2025-04-21 11:28:06'),
    ('TLKM.JK', '8178', '2025-02-05 04:44:07'),
    ('TLKM.JK', '7221', '2025-03-11 15:11:31'),
    ('TLKM.JK', '1472', '2025-05-13 21:50:02'),
    ('TLKM.JK', '3140', '2025-04-04 19:18:51'),
    ('TLKM.JK', '8997', '2025-01-22 22:19:36'),
    ('TLKM.JK', '7738', '2025-03-27 13:45:15'),
    ('TLKM.JK', '1753', '2025-01-13 07:10:02'),
    ('TLKM.JK', '5286', '2025-05-08 04:23:53'),
    ('TLKM.JK', '6148', '2025-01-03 09:36:09'),
    ('TLKM.JK', '9598', '2025-04-22 23:22:44'),
    ('TLKM.JK', '4669', '2025-05-11 01:42:03'),
    ('TLKM.JK', '6542', '2025-04-11 19:10:47'),
    ('TLKM.JK', '9570', '2025-05-01 01:12:09'),
    ('TLKM.JK', '2560', '2025-03-26 01:13:02'),
    ('TLKM.JK', '5072', '2025-04-04 13:57:18'),
    ('TLKM.JK', '6664', '2025-05-09 21:06:56'),
    ('TLKM.JK', '7305', '2025-01-29 20:46:47'),
    ('TLKM.JK', '1894', '2025-01-03 06:16:08'),
    ('TLKM.JK', '3571', '2025-04-09 04:06:56'),
    ('TLKM.JK', '8688', '2025-04-07 06:45:29'),
    ('TLKM.JK', '3709', '2025-01-15 12:53:50'),
    ('TLKM.JK', '9055', '2025-03-04 06:15:42'),
    ('TLKM.JK', '4946', '2025-03-06 06:04:54'),
    ('TLKM.JK', '5557', '2025-01-10 18:39:04'),
    ('TLKM.JK', '9305', '2025-02-13 05:53:15'),
    ('TLKM.JK', '7203', '2025-03-20 07:24:25'),
    ('TLKM.JK', '4850', '2025-01-16 07:22:37'),
    ('TLKM.JK', '8521', '2025-03-28 06:04:12'),
    ('TLKM.JK', '8341', '2025-01-18 02:12:08'),
    ('TLKM.JK', '9166', '2025-03-28 19:29:18'),
    ('TLKM.JK', '6178', '2025-01-24 01:12:50'),
    ('TLKM.JK', '9148', '2025-05-07 20:56:20'),
    ('TLKM.JK', '1291', '2025-01-20 22:21:09'),
    ('TLKM.JK', '7609', '2025-03-22 01:38:12'),
    ('TLKM.JK', '1587', '2025-04-19 04:25:07'),
    ('TLKM.JK', '9996', '2025-01-01 00:47:27'),
    ('TLKM.JK', '2489', '2025-04-28 07:47:28'),
    ('TLKM.JK', '5990', '2025-04-09 17:01:32'),
    ('TLKM.JK', '4389', '2025-05-08 02:38:18'),
    ('TLKM.JK', '8474', '2025-03-08 04:29:44'),
    ('TLKM.JK', '6953', '2025-01-11 12:56:26'),
    ('TLKM.JK', '4652', '2025-03-30 05:56:13'),
    ('TLKM.JK', '6439', '2025-04-19 18:29:31'),
    ('TLKM.JK', '8751', '2025-05-08 14:37:16'),
    ('TLKM.JK', '6952', '2025-03-29 20:57:14'),
    ('TLKM.JK', '2868', '2025-01-19 22:05:21'),
    ('TLKM.JK', '4633', '2025-01-01 10:14:18'),
    ('TLKM.JK', '6592', '2025-03-10 23:04:03'),
    ('TLKM.JK', '5783', '2025-04-17 08:25:23'),
    ('TLKM.JK', '9552', '2025-03-14 14:27:19'),
    ('TLKM.JK', '2741', '2025-01-09 21:20:29'),
    ('TLKM.JK', '3689', '2025-04-06 14:51:12'),
    ('TLKM.JK', '3301', '2025-03-21 11:03:37'),
    ('TLKM.JK', '2752', '2025-02-19 09:04:26'),
    ('TLKM.JK', '4209', '2025-02-06 10:00:56'),
    ('TLKM.JK', '2978', '2025-03-18 07:01:49'),
    ('TLKM.JK', '4532', '2025-03-30 17:59:19'),
    ('TLKM.JK', '4122', '2025-03-07 14:53:04'),
    ('TLKM.JK', '2765', '2025-03-22 11:34:18'),
    ('TLKM.JK', '1761', '2025-05-03 23:06:52'),
    ('TLKM.JK', '3018', '2025-03-29 11:30:12'),
    ('TLKM.JK', '8493', '2025-05-08 20:37:50'),
    ('TLKM.JK', '9260', '2025-01-27 03:26:57'),
    ('TLKM.JK', '9172', '2025-01-01 20:12:53'),
    ('TLKM.JK', '9689', '2025-01-10 10:21:36'),
    ('TLKM.JK', '8091', '2025-04-24 14:51:36'),
    ('TLKM.JK', '8912', '2025-04-09 17:00:10'),
    ('TLKM.JK', '3903', '2025-04-23 08:15:31'),
    ('TLKM.JK', '3845', '2025-01-25 22:18:08'),
    ('TLKM.JK', '2696', '2025-03-17 05:26:27'),
    ('TLKM.JK', '6273', '2025-04-08 21:19:24'),
    ('TLKM.JK', '7302', '2025-03-23 07:07:08'),
    ('TLKM.JK', '5067', '2025-02-23 03:02:57'),
    ('TLKM.JK', '7518', '2025-03-08 13:50:16'),
    ('TLKM.JK', '5819', '2025-03-29 22:24:50'),
    ('TLKM.JK', '3185', '2025-01-27 19:57:55'),
    ('TLKM.JK', '7762', '2025-04-27 23:58:02'),
    ('TLKM.JK', '9393', '2025-02-28 01:02:10'),
    ('TLKM.JK', '9975', '2025-03-02 22:55:49'),
    ('TLKM.JK', '4560', '2025-02-09 00:12:39'),
    ('TLKM.JK', '4435', '2025-05-02 04:49:54'),
    ('TLKM.JK', '5760', '2025-03-09 01:11:04'),
    ('TLKM.JK', '3173', '2025-05-07 05:37:19'),
    ('TLKM.JK', '3913', '2025-04-08 20:18:49'),
    ('TLKM.JK', '9888', '2025-05-04 16:03:50'),
    ('TLKM.JK', '6281', '2025-01-23 09:49:38'),
    ('TLKM.JK', '6771', '2025-04-20 04:24:56'),
    ('TLKM.JK', '8870', '2025-04-24 04:04:26'),
    ('TLKM.JK', '7839', '2025-05-11 22:12:08'),
    ('TLKM.JK', '9747', '2025-02-25 12:31:15'),
    ('TLKM.JK', '7920', '2025-01-03 11:30:53'),
    ('TLKM.JK', '9564', '2025-01-21 16:11:18'),
    ('TLKM.JK', '1414', '2025-03-15 22:59:03'),
    ('TLKM.JK', '3381', '2025-01-11 07:18:02'),
    ('TLKM.JK', '1927', '2025-02-08 19:36:46'),
    ('TLKM.JK', '5374', '2025-02-01 06:00:47'),
    ('TLKM.JK', '5695', '2025-05-13 16:49:47'),
    ('TLKM.JK', '5105', '2025-01-29 10:24:20'),
    ('TLKM.JK', '2016', '2025-02-27 07:27:17'),
    ('TLKM.JK', '4342', '2025-04-16 02:02:41'),
    ('UNVR.JK', '1529', '2025-03-11 15:34:52'),
    ('UNVR.JK', '8415', '2025-01-20 21:35:29'),
    ('UNVR.JK', '4675', '2025-05-06 15:47:42'),
    ('UNVR.JK', '7371', '2025-02-16 03:16:30'),
    ('UNVR.JK', '9370', '2025-02-25 20:29:35'),
    ('UNVR.JK', '1769', '2025-03-16 02:18:14'),
    ('UNVR.JK', '7349', '2025-03-22 21:20:21'),
    ('UNVR.JK', '6122', '2025-04-18 05:05:13'),
    ('UNVR.JK', '1881', '2025-01-03 12:25:20'),
    ('UNVR.JK', '5117', '2025-02-09 10:27:18'),
    ('UNVR.JK', '8259', '2025-02-13 19:07:55'),
    ('UNVR.JK', '7025', '2025-04-25 06:04:27'),
    ('UNVR.JK', '9955', '2025-04-28 03:59:13'),
    ('UNVR.JK', '4218', '2025-02-07 13:45:52'),
    ('UNVR.JK', '5819', '2025-03-29 03:37:44'),
    ('UNVR.JK', '3906', '2025-05-13 13:25:15'),
    ('UNVR.JK', '2220', '2025-02-06 07:22:26'),
    ('UNVR.JK', '3847', '2025-04-10 18:41:59'),
    ('UNVR.JK', '2955', '2025-03-15 05:52:16'),
    ('UNVR.JK', '1665', '2025-03-25 04:59:28'),
    ('UNVR.JK', '5572', '2025-04-19 01:56:15'),
    ('UNVR.JK', '5329', '2025-01-26 06:09:14'),
    ('UNVR.JK', '3636', '2025-04-24 09:34:20'),
    ('UNVR.JK', '5178', '2025-01-02 02:18:29'),
    ('UNVR.JK', '6415', '2025-04-01 13:15:41'),
    ('UNVR.JK', '3536', '2025-01-08 18:08:11'),
    ('UNVR.JK', '3518', '2025-03-04 15:33:53'),
    ('UNVR.JK', '1833', '2025-05-02 10:25:11'),
    ('UNVR.JK', '5934', '2025-04-06 06:07:59'),
    ('UNVR.JK', '6866', '2025-01-15 03:38:56'),
    ('UNVR.JK', '6207', '2025-04-13 00:31:06'),
    ('UNVR.JK', '4603', '2025-02-05 16:53:31'),
    ('UNVR.JK', '9529', '2025-01-14 05:43:31'),
    ('UNVR.JK', '9276', '2025-01-31 22:43:13'),
    ('UNVR.JK', '7814', '2025-04-16 10:56:13'),
    ('UNVR.JK', '9798', '2025-03-20 08:03:35'),
    ('UNVR.JK', '2506', '2025-03-09 20:20:08'),
    ('UNVR.JK', '4624', '2025-02-11 10:18:02'),
    ('UNVR.JK', '6437', '2025-03-06 06:52:54'),
    ('UNVR.JK', '6911', '2025-02-27 00:09:20'),
    ('UNVR.JK', '4579', '2025-05-01 01:23:47'),
    ('UNVR.JK', '9691', '2025-04-03 04:59:41'),
    ('UNVR.JK', '1144', '2025-01-23 06:38:34'),
    ('UNVR.JK', '6668', '2025-03-28 12:57:35'),
    ('UNVR.JK', '4937', '2025-05-05 17:10:07'),
    ('UNVR.JK', '4994', '2025-01-08 17:50:29'),
    ('UNVR.JK', '6258', '2025-03-16 01:19:30'),
    ('UNVR.JK', '2857', '2025-03-16 22:18:43'),
    ('UNVR.JK', '5203', '2025-04-15 21:41:18'),
    ('UNVR.JK', '5633', '2025-01-05 19:08:13'),
    ('UNVR.JK', '9468', '2025-03-14 19:25:52'),
    ('UNVR.JK', '9426', '2025-04-09 18:52:46'),
    ('UNVR.JK', '8300', '2025-04-05 12:40:27'),
    ('UNVR.JK', '1718', '2025-02-27 13:28:56'),
    ('UNVR.JK', '4154', '2025-03-04 04:45:56'),
    ('UNVR.JK', '9419', '2025-01-16 23:45:27'),
    ('UNVR.JK', '2572', '2025-02-02 12:06:58'),
    ('UNVR.JK', '9814', '2025-04-14 12:55:09'),
    ('UNVR.JK', '1120', '2025-05-02 17:43:11'),
    ('UNVR.JK', '2072', '2025-02-10 22:18:46'),
    ('UNVR.JK', '4492', '2025-03-24 08:57:33'),
    ('UNVR.JK', '2702', '2025-02-09 22:04:12'),
    ('UNVR.JK', '9810', '2025-03-26 12:21:17'),
    ('UNVR.JK', '2181', '2025-01-30 20:32:53'),
    ('UNVR.JK', '1389', '2025-03-31 04:08:40'),
    ('UNVR.JK', '6434', '2025-01-08 08:33:46'),
    ('UNVR.JK', '2433', '2025-01-15 05:21:38'),
    ('UNVR.JK', '1889', '2025-02-04 13:30:12'),
    ('UNVR.JK', '5127', '2025-04-19 08:51:39'),
    ('UNVR.JK', '2154', '2025-04-22 15:31:06'),
    ('UNVR.JK', '4729', '2025-02-20 05:23:12'),
    ('UNVR.JK', '7678', '2025-03-17 08:21:46'),
    ('UNVR.JK', '8391', '2025-05-03 09:01:31'),
    ('UNVR.JK', '7626', '2025-03-26 02:02:34'),
    ('UNVR.JK', '6183', '2025-01-04 06:43:03'),
    ('UNVR.JK', '7381', '2025-05-11 17:47:58'),
    ('UNVR.JK', '2938', '2025-04-14 20:30:31'),
    ('UNVR.JK', '1096', '2025-05-05 13:14:47'),
    ('UNVR.JK', '2036', '2025-04-24 17:07:52'),
    ('UNVR.JK', '1745', '2025-01-15 02:17:28'),
    ('UNVR.JK', '6860', '2025-04-08 15:23:24'),
    ('UNVR.JK', '2738', '2025-02-26 06:44:11'),
    ('UNVR.JK', '5937', '2025-04-28 18:48:06'),
    ('UNVR.JK', '2417', '2025-02-24 15:57:58'),
    ('UNVR.JK', '8170', '2025-03-16 01:30:57'),
    ('UNVR.JK', '7473', '2025-05-09 07:11:35'),
    ('UNVR.JK', '1504', '2025-04-03 00:56:33'),
    ('UNVR.JK', '3561', '2025-04-14 14:08:23'),
    ('UNVR.JK', '4602', '2025-01-27 11:35:01'),
    ('UNVR.JK', '7406', '2025-04-16 23:15:37'),
    ('UNVR.JK', '5832', '2025-05-04 02:52:01'),
    ('UNVR.JK', '3360', '2025-02-27 21:02:38'),
    ('UNVR.JK', '7113', '2025-01-03 03:57:49'),
    ('UNVR.JK', '3316', '2025-01-24 22:19:02'),
    ('UNVR.JK', '1684', '2025-01-01 23:26:26'),
    ('UNVR.JK', '7456', '2025-04-15 07:18:35'),
    ('UNVR.JK', '9970', '2025-01-17 12:43:11'),
    ('UNVR.JK', '5992', '2025-02-10 18:55:02'),
    ('UNVR.JK', '6633', '2025-02-11 02:45:56'),
    ('UNVR.JK', '7760', '2025-05-06 10:15:32'),
    ('UNVR.JK', '9397', '2025-01-28 15:53:20'),
    ('UNVR.JK', '3637', '2025-02-05 17:28:05'),
    ('UNVR.JK', '4617', '2025-04-30 18:53:31'),
    ('UNVR.JK', '5140', '2025-02-07 17:37:32'),
    ('UNVR.JK', '2877', '2025-02-05 05:11:22'),
    ('UNVR.JK', '1891', '2025-04-17 13:49:53'),
    ('UNVR.JK', '8557', '2025-05-06 04:24:03'),
    ('UNVR.JK', '2198', '2025-02-26 10:32:22'),
    ('UNVR.JK', '2103', '2025-02-18 16:17:20'),
    ('UNVR.JK', '2608', '2025-02-08 08:01:57'),
    ('UNVR.JK', '8982', '2025-03-06 05:52:37'),
    ('UNVR.JK', '6851', '2025-01-25 21:31:33'),
    ('UNVR.JK', '4842', '2025-01-20 10:14:37'),
    ('UNVR.JK', '5671', '2025-05-01 07:09:10'),
    ('UNVR.JK', '2143', '2025-02-07 13:46:07'),
    ('UNVR.JK', '6206', '2025-04-05 08:16:38'),
    ('UNVR.JK', '8383', '2025-03-05 18:12:13'),
    ('UNVR.JK', '6008', '2025-04-24 10:25:45'),
    ('UNVR.JK', '3496', '2025-04-20 19:39:48'),
    ('UNVR.JK', '6971', '2025-03-03 10:13:09'),
    ('UNVR.JK', '8017', '2025-02-02 17:55:01'),
    ('UNVR.JK', '1079', '2025-03-02 19:41:12'),
    ('UNVR.JK', '5033', '2025-02-13 00:23:04'),
    ('UNVR.JK', '8145', '2025-02-23 17:25:17'),
    ('UNVR.JK', '6889', '2025-01-27 01:54:37'),
    ('UNVR.JK', '6432', '2025-04-04 04:44:51'),
    ('UNVR.JK', '8583', '2025-03-28 11:31:06'),
    ('UNVR.JK', '6877', '2025-03-01 07:36:06'),
    ('UNVR.JK', '8978', '2025-04-18 02:58:37'),
    ('UNVR.JK', '2783', '2025-02-04 03:08:53'),
    ('UNVR.JK', '2343', '2025-02-24 11:45:54'),
    ('UNVR.JK', '3293', '2025-04-15 14:08:31'),
    ('UNVR.JK', '4218', '2025-02-21 02:45:44'),
    ('UNVR.JK', '2252', '2025-01-15 15:23:21'),
    ('UNVR.JK', '1305', '2025-04-09 11:37:20'),
    ('UNVR.JK', '1511', '2025-04-23 23:48:22'),
    ('UNVR.JK', '7637', '2025-04-25 13:46:06'),
    ('UNVR.JK', '4485', '2025-01-08 02:49:50'),
    ('UNVR.JK', '5269', '2025-04-16 12:45:02'),
    ('UNVR.JK', '9842', '2025-04-02 16:09:49'),
    ('UNVR.JK', '3435', '2025-03-13 00:50:18'),
    ('UNVR.JK', '7430', '2025-02-13 08:41:03'),
    ('UNVR.JK', '5767', '2025-01-26 23:55:54'),
    ('UNVR.JK', '8613', '2025-04-08 07:24:11'),
    ('UNVR.JK', '9362', '2025-01-18 14:00:44'),
    ('UNVR.JK', '7500', '2025-03-12 15:44:11'),
    ('UNVR.JK', '9227', '2025-01-03 01:21:38'),
    ('UNVR.JK', '4913', '2025-04-30 05:36:54'),
    ('UNVR.JK', '3717', '2025-04-10 20:03:02'),
    ('UNVR.JK', '3299', '2025-03-28 15:32:16'),
    ('UNVR.JK', '3608', '2025-02-04 18:52:37'),
    ('UNVR.JK', '3395', '2025-04-04 21:17:21'),
    ('UNVR.JK', '6878', '2025-01-08 20:22:12'),
    ('UNVR.JK', '4585', '2025-04-05 16:34:37'),
    ('UNVR.JK', '4796', '2025-01-13 04:57:15'),
    ('UNVR.JK', '5331', '2025-03-13 17:41:33'),
    ('UNVR.JK', '4834', '2025-01-09 07:30:06'),
    ('UNVR.JK', '4387', '2025-04-11 13:31:12'),
    ('UNVR.JK', '6918', '2025-03-17 08:38:41'),
    ('UNVR.JK', '8695', '2025-03-30 06:47:31'),
    ('UNVR.JK', '1760', '2025-01-08 17:58:09'),
    ('UNVR.JK', '6309', '2025-01-21 01:03:48'),
    ('UNVR.JK', '9542', '2025-05-04 00:38:10'),
    ('UNVR.JK', '5480', '2025-02-21 03:08:30'),
    ('UNVR.JK', '9918', '2025-04-21 17:08:20'),
    ('UNVR.JK', '3848', '2025-03-15 03:21:38'),
    ('UNVR.JK', '7201', '2025-03-12 22:24:22'),
    ('UNVR.JK', '2275', '2025-04-11 07:49:25'),
    ('UNVR.JK', '5121', '2025-03-15 01:49:09'),
    ('UNVR.JK', '4651', '2025-04-11 06:28:00'),
    ('UNVR.JK', '7649', '2025-03-10 12:37:26'),
    ('UNVR.JK', '6653', '2025-04-05 12:56:21'),
    ('UNVR.JK', '8898', '2025-04-28 07:49:38'),
    ('UNVR.JK', '1108', '2025-04-08 10:43:47'),
    ('UNVR.JK', '3276', '2025-03-27 10:04:35'),
    ('UNVR.JK', '3713', '2025-02-14 15:50:04'),
    ('UNVR.JK', '2263', '2025-04-10 21:56:10'),
    ('UNVR.JK', '5600', '2025-02-11 01:44:28'),
    ('UNVR.JK', '3461', '2025-02-06 07:02:36'),
    ('UNVR.JK', '3578', '2025-03-12 08:04:52'),
    ('UNVR.JK', '2938', '2025-05-09 08:59:39'),
    ('UNVR.JK', '4773', '2025-03-22 12:14:23'),
    ('UNVR.JK', '6410', '2025-01-23 00:11:47'),
    ('UNVR.JK', '8889', '2025-05-12 02:47:49'),
    ('UNVR.JK', '8844', '2025-04-04 00:24:01'),
    ('UNVR.JK', '4452', '2025-04-25 17:17:06'),
    ('UNVR.JK', '3641', '2025-05-06 16:26:47'),
    ('UNVR.JK', '7732', '2025-01-05 08:36:22'),
    ('UNVR.JK', '4992', '2025-01-09 09:04:01'),
    ('UNVR.JK', '3095', '2025-04-22 08:38:27'),
    ('UNVR.JK', '3639', '2025-01-27 03:51:34'),
    ('UNVR.JK', '9399', '2025-01-08 14:38:33'),
    ('UNVR.JK', '3406', '2025-01-11 20:34:07'),
    ('UNVR.JK', '3725', '2025-02-20 03:34:37'),
    ('UNVR.JK', '3949', '2025-04-11 07:43:12'),
    ('UNVR.JK', '7642', '2025-04-27 09:12:30'),
    ('UNVR.JK', '1305', '2025-05-09 11:57:19'),
    ('UNVR.JK', '5644', '2025-01-17 15:37:01'),
    ('UNVR.JK', '4548', '2025-03-29 05:26:21'),
    ('UNVR.JK', '8723', '2025-04-04 12:44:14'),
    ('UNVR.JK', '3794', '2025-02-12 14:18:34'),
    ('UNVR.JK', '7730', '2025-04-27 16:06:40'),
    ('UNVR.JK', '3338', '2025-04-24 03:19:40'),
    ('UNVR.JK', '3979', '2025-05-02 00:22:37'),
    ('UNVR.JK', '9369', '2025-02-21 08:45:20'),
    ('UNVR.JK', '3747', '2025-03-08 12:57:49'),
    ('UNVR.JK', '8429', '2025-04-26 20:02:49'),
    ('UNVR.JK', '2127', '2025-02-14 15:00:35'),
    ('UNVR.JK', '7196', '2025-03-16 20:22:57'),
    ('UNVR.JK', '3166', '2025-01-22 01:58:24'),
    ('UNVR.JK', '1271', '2025-02-09 07:00:45'),
    ('UNVR.JK', '9564', '2025-04-08 22:29:08'),
    ('UNVR.JK', '7877', '2025-01-30 01:00:20'),
    ('UNVR.JK', '2577', '2025-02-04 10:50:50'),
    ('UNVR.JK', '8796', '2025-04-30 08:56:02'),
    ('UNVR.JK', '1639', '2025-04-14 04:38:35'),
    ('UNVR.JK', '9246', '2025-01-23 19:39:58'),
    ('UNVR.JK', '2526', '2025-04-04 15:24:20'),
    ('UNVR.JK', '3135', '2025-04-28 04:23:44'),
    ('UNVR.JK', '9835', '2025-01-01 05:35:36'),
    ('UNVR.JK', '8069', '2025-04-12 08:54:08'),
    ('UNVR.JK', '7892', '2025-03-13 22:05:02'),
    ('UNVR.JK', '1711', '2025-04-13 21:07:26'),
    ('UNVR.JK', '8028', '2025-02-14 13:29:00'),
    ('UNVR.JK', '8899', '2025-03-16 00:41:27'),
    ('UNVR.JK', '6742', '2025-04-25 09:09:46'),
    ('UNVR.JK', '2600', '2025-03-24 14:55:27'),
    ('UNVR.JK', '3193', '2025-02-19 10:08:23'),
    ('UNVR.JK', '8817', '2025-02-15 03:35:18'),
    ('UNVR.JK', '2373', '2025-02-25 00:07:06'),
    ('UNVR.JK', '9908', '2025-03-21 08:25:54'),
    ('UNVR.JK', '5223', '2025-02-06 16:54:06'),
    ('UNVR.JK', '1089', '2025-01-02 09:09:14'),
    ('UNVR.JK', '9561', '2025-01-23 21:07:15'),
    ('UNVR.JK', '9515', '2025-01-02 09:31:36'),
    ('UNVR.JK', '7144', '2025-05-08 02:24:21'),
    ('UNVR.JK', '4365', '2025-03-03 08:12:31'),
    ('UNVR.JK', '7698', '2025-03-12 08:17:58'),
    ('BMRI.JK', '2746', '2025-01-31 01:19:13'),
    ('BMRI.JK', '7980', '2025-05-07 12:33:50'),
    ('BMRI.JK', '5155', '2025-02-20 17:45:35'),
    ('BMRI.JK', '9783', '2025-03-24 05:56:23'),
    ('BMRI.JK', '6990', '2025-04-29 19:34:14'),
    ('BMRI.JK', '5514', '2025-05-13 03:51:08'),
    ('BMRI.JK', '7511', '2025-02-09 13:16:52'),
    ('BMRI.JK', '7770', '2025-04-18 04:59:43'),
    ('BMRI.JK', '8904', '2025-02-04 16:53:37'),
    ('BMRI.JK', '7065', '2025-04-19 13:33:57'),
    ('BMRI.JK', '8925', '2025-02-19 06:41:22'),
    ('BMRI.JK', '6024', '2025-04-23 04:02:58'),
    ('BMRI.JK', '6641', '2025-03-19 07:25:08'),
    ('BMRI.JK', '3262', '2025-05-09 00:28:50'),
    ('BMRI.JK', '2951', '2025-02-14 14:48:42'),
    ('BMRI.JK', '8317', '2025-02-01 10:01:11'),
    ('BMRI.JK', '2642', '2025-02-11 15:26:50'),
    ('BMRI.JK', '9328', '2025-03-19 18:44:56'),
    ('BMRI.JK', '6544', '2025-04-17 21:52:16'),
    ('BMRI.JK', '1852', '2025-02-01 05:05:36'),
    ('BMRI.JK', '7375', '2025-05-04 11:23:59'),
    ('BMRI.JK', '1086', '2025-01-18 16:30:12'),
    ('BMRI.JK', '3381', '2025-04-02 14:08:06'),
    ('BMRI.JK', '8133', '2025-01-18 02:45:55'),
    ('BMRI.JK', '2049', '2025-02-21 02:05:51'),
    ('BMRI.JK', '4633', '2025-03-14 00:13:01'),
    ('BMRI.JK', '2311', '2025-04-29 06:16:48'),
    ('BMRI.JK', '1618', '2025-03-16 15:05:20'),
    ('BMRI.JK', '7564', '2025-04-30 05:17:13'),
    ('BMRI.JK', '9536', '2025-02-25 15:02:36'),
    ('BMRI.JK', '1941', '2025-02-04 00:49:21'),
    ('BMRI.JK', '9099', '2025-03-27 05:45:28'),
    ('BMRI.JK', '1175', '2025-02-09 04:01:25'),
    ('BMRI.JK', '9489', '2025-02-25 12:53:13'),
    ('BMRI.JK', '4190', '2025-01-07 12:37:51'),
    ('BMRI.JK', '9364', '2025-04-11 03:51:56'),
    ('BMRI.JK', '4795', '2025-04-30 10:59:35'),
    ('BMRI.JK', '3776', '2025-05-11 21:10:52'),
    ('BMRI.JK', '1590', '2025-03-11 20:30:35'),
    ('BMRI.JK', '4919', '2025-05-08 04:36:37'),
    ('BMRI.JK', '1004', '2025-01-31 13:44:44'),
    ('BMRI.JK', '2422', '2025-02-23 13:57:32'),
    ('BMRI.JK', '7544', '2025-03-10 13:41:39'),
    ('BMRI.JK', '7474', '2025-03-20 17:32:18'),
    ('BMRI.JK', '4281', '2025-04-11 12:51:21'),
    ('BMRI.JK', '1251', '2025-01-14 07:46:45'),
    ('BMRI.JK', '2477', '2025-04-17 17:17:14'),
    ('BMRI.JK', '5661', '2025-04-19 13:39:34'),
    ('BMRI.JK', '6703', '2025-03-09 11:21:04'),
    ('BMRI.JK', '5530', '2025-02-13 22:36:48'),
    ('BMRI.JK', '4187', '2025-03-30 07:19:50'),
    ('BMRI.JK', '7618', '2025-04-22 15:15:34'),
    ('BMRI.JK', '1076', '2025-02-20 16:50:57'),
    ('BMRI.JK', '3867', '2025-03-21 01:23:05'),
    ('BMRI.JK', '9294', '2025-01-21 16:09:45'),
    ('BMRI.JK', '2185', '2025-04-08 16:56:17'),
    ('BMRI.JK', '5821', '2025-03-08 00:21:21'),
    ('BMRI.JK', '2917', '2025-04-10 16:05:21'),
    ('BMRI.JK', '5222', '2025-04-15 10:48:41'),
    ('BMRI.JK', '5098', '2025-03-27 23:27:05'),
    ('BMRI.JK', '7178', '2025-04-20 08:33:21'),
    ('BMRI.JK', '8923', '2025-02-17 05:44:07'),
    ('BMRI.JK', '6565', '2025-03-31 02:23:19'),
    ('BMRI.JK', '8548', '2025-04-24 22:48:35'),
    ('BMRI.JK', '1448', '2025-04-04 14:08:37'),
    ('BMRI.JK', '2904', '2025-02-20 01:31:37'),
    ('BMRI.JK', '2106', '2025-03-16 07:23:11'),
    ('BMRI.JK', '4610', '2025-05-12 10:38:35'),
    ('BMRI.JK', '4767', '2025-03-03 07:24:42'),
    ('BMRI.JK', '7757', '2025-03-10 13:32:52'),
    ('BMRI.JK', '9462', '2025-04-15 00:19:07'),
    ('BMRI.JK', '1159', '2025-02-21 03:17:54'),
    ('BMRI.JK', '5067', '2025-02-25 18:51:59'),
    ('BMRI.JK', '2523', '2025-03-19 11:09:05'),
    ('BMRI.JK', '6603', '2025-01-15 18:19:11'),
    ('BMRI.JK', '3924', '2025-04-03 12:54:33'),
    ('BMRI.JK', '6142', '2025-03-10 15:36:22'),
    ('BMRI.JK', '4580', '2025-04-22 09:41:40'),
    ('BMRI.JK', '5408', '2025-02-05 11:50:14'),
    ('BMRI.JK', '4115', '2025-04-07 21:30:19'),
    ('BMRI.JK', '4271', '2025-02-15 14:31:59'),
    ('BMRI.JK', '4965', '2025-02-21 12:52:43'),
    ('BMRI.JK', '4387', '2025-02-14 12:11:04'),
    ('BMRI.JK', '4322', '2025-02-18 11:39:54'),
    ('BMRI.JK', '6833', '2025-01-31 06:59:31'),
    ('BMRI.JK', '2747', '2025-01-24 06:40:27'),
    ('BMRI.JK', '2285', '2025-05-12 05:30:45'),
    ('BMRI.JK', '9071', '2025-04-30 04:38:27'),
    ('BMRI.JK', '1108', '2025-04-16 03:27:05'),
    ('BMRI.JK', '1692', '2025-04-04 15:38:38'),
    ('BMRI.JK', '7081', '2025-05-01 12:31:12'),
    ('BMRI.JK', '6167', '2025-04-06 14:28:20'),
    ('BMRI.JK', '5501', '2025-04-06 07:19:07'),
    ('BMRI.JK', '3996', '2025-04-10 06:03:19'),
    ('BMRI.JK', '5591', '2025-03-19 06:15:10'),
    ('BMRI.JK', '4638', '2025-04-22 23:27:16'),
    ('BMRI.JK', '3101', '2025-01-11 12:20:55'),
    ('BMRI.JK', '9613', '2025-03-24 04:08:32'),
    ('BMRI.JK', '8836', '2025-04-16 00:09:40'),
    ('BMRI.JK', '1533', '2025-04-08 13:42:15'),
    ('BMRI.JK', '6689', '2025-03-18 10:51:13'),
    ('BMRI.JK', '3863', '2025-03-30 18:41:16'),
    ('BMRI.JK', '2972', '2025-04-11 15:00:39'),
    ('BMRI.JK', '8537', '2025-03-03 07:02:29'),
    ('BMRI.JK', '1137', '2025-01-03 07:05:06'),
    ('BMRI.JK', '4452', '2025-03-15 16:15:45'),
    ('BMRI.JK', '2650', '2025-03-05 04:38:33'),
    ('BMRI.JK', '6924', '2025-04-29 23:45:10'),
    ('BMRI.JK', '5254', '2025-02-06 08:11:36'),
    ('BMRI.JK', '9987', '2025-02-21 00:57:55'),
    ('BMRI.JK', '4885', '2025-02-22 07:32:00'),
    ('BMRI.JK', '8722', '2025-04-30 01:10:43'),
    ('BMRI.JK', '6621', '2025-03-13 01:19:48'),
    ('BMRI.JK', '4013', '2025-04-07 20:26:12'),
    ('BMRI.JK', '7945', '2025-02-10 21:09:08'),
    ('BMRI.JK', '7866', '2025-03-14 07:05:19'),
    ('BMRI.JK', '6981', '2025-03-19 18:53:48'),
    ('BMRI.JK', '5581', '2025-03-29 12:32:57'),
    ('BMRI.JK', '3947', '2025-04-21 22:57:44'),
    ('BMRI.JK', '3148', '2025-04-22 19:51:16'),
    ('BMRI.JK', '4744', '2025-01-20 09:25:36'),
    ('BMRI.JK', '5422', '2025-02-15 18:55:54'),
    ('BMRI.JK', '8081', '2025-03-15 23:02:42'),
    ('BMRI.JK', '4212', '2025-01-29 07:40:51'),
    ('BMRI.JK', '3450', '2025-04-02 20:16:45'),
    ('BMRI.JK', '1159', '2025-02-04 07:02:58'),
    ('BMRI.JK', '7906', '2025-04-08 00:17:40'),
    ('BMRI.JK', '3203', '2025-05-03 11:03:04'),
    ('BMRI.JK', '9470', '2025-04-14 16:32:21'),
    ('BMRI.JK', '6172', '2025-04-05 11:48:52'),
    ('BMRI.JK', '5915', '2025-02-18 17:37:25'),
    ('BMRI.JK', '1781', '2025-03-19 08:41:14'),
    ('BMRI.JK', '2621', '2025-02-01 17:13:42'),
    ('BMRI.JK', '1983', '2025-02-11 20:09:01'),
    ('BMRI.JK', '5166', '2025-04-03 12:50:04'),
    ('BMRI.JK', '2577', '2025-03-29 08:28:31'),
    ('BMRI.JK', '6483', '2025-02-20 10:36:42'),
    ('BMRI.JK', '6914', '2025-03-11 23:09:01'),
    ('BMRI.JK', '5222', '2025-03-08 19:48:35'),
    ('BMRI.JK', '1324', '2025-03-21 22:56:41'),
    ('BMRI.JK', '2986', '2025-03-10 04:12:00'),
    ('BMRI.JK', '4259', '2025-04-23 00:20:00'),
    ('BMRI.JK', '9821', '2025-02-03 21:24:35'),
    ('BMRI.JK', '5663', '2025-03-10 22:55:41'),
    ('BMRI.JK', '6326', '2025-05-11 17:18:21'),
    ('BMRI.JK', '9363', '2025-04-05 15:53:07'),
    ('BMRI.JK', '8322', '2025-01-16 05:24:19'),
    ('BMRI.JK', '7243', '2025-04-30 03:52:49'),
    ('BMRI.JK', '5694', '2025-04-01 01:14:28'),
    ('BMRI.JK', '3373', '2025-02-02 12:57:30'),
    ('BMRI.JK', '6527', '2025-03-23 21:48:26'),
    ('BMRI.JK', '7631', '2025-01-14 20:29:15'),
    ('BMRI.JK', '2296', '2025-02-01 10:58:20'),
    ('BMRI.JK', '6629', '2025-02-14 07:34:21'),
    ('BMRI.JK', '6136', '2025-03-03 12:45:34'),
    ('BMRI.JK', '5773', '2025-02-21 22:30:42'),
    ('BMRI.JK', '7479', '2025-02-22 16:06:27'),
    ('BMRI.JK', '8289', '2025-03-12 12:28:14'),
    ('BMRI.JK', '9535', '2025-03-29 10:29:50'),
    ('BMRI.JK', '7782', '2025-02-02 11:45:32'),
    ('BMRI.JK', '4012', '2025-01-05 11:39:32'),
    ('BMRI.JK', '3048', '2025-02-15 13:26:31'),
    ('BMRI.JK', '5122', '2025-01-16 13:07:43'),
    ('BMRI.JK', '4450', '2025-02-02 09:51:32'),
    ('BMRI.JK', '7505', '2025-01-21 00:03:29'),
    ('BMRI.JK', '2565', '2025-01-13 09:17:38'),
    ('BMRI.JK', '8752', '2025-04-17 11:53:11'),
    ('BMRI.JK', '1881', '2025-01-06 02:52:09'),
    ('BMRI.JK', '7504', '2025-04-12 17:56:12'),
    ('BMRI.JK', '2363', '2025-01-21 04:20:29'),
    ('BMRI.JK', '5300', '2025-05-01 00:33:53'),
    ('BMRI.JK', '3544', '2025-01-17 08:55:08'),
    ('BMRI.JK', '7387', '2025-03-02 01:46:18'),
    ('BMRI.JK', '4757', '2025-02-18 00:57:04'),
    ('BMRI.JK', '5655', '2025-03-28 01:16:38'),
    ('BMRI.JK', '3071', '2025-01-26 11:47:44'),
    ('BMRI.JK', '9630', '2025-02-03 03:05:27'),
    ('BMRI.JK', '1468', '2025-01-07 19:50:02'),
    ('BMRI.JK', '6846', '2025-03-05 03:32:52'),
    ('BMRI.JK', '8801', '2025-04-01 17:16:45'),
    ('BMRI.JK', '9856', '2025-02-22 21:32:35'),
    ('BMRI.JK', '9987', '2025-03-28 09:07:39'),
    ('BMRI.JK', '3213', '2025-04-15 17:15:44'),
    ('BMRI.JK', '3900', '2025-04-25 17:28:18'),
    ('BMRI.JK', '8480', '2025-05-03 12:53:40'),
    ('BMRI.JK', '8126', '2025-04-12 15:29:58'),
    ('BMRI.JK', '9745', '2025-03-02 03:07:34'),
    ('BMRI.JK', '6688', '2025-04-04 12:39:34'),
    ('BMRI.JK', '9841', '2025-02-14 02:29:42'),
    ('BMRI.JK', '2467', '2025-03-27 19:13:05'),
    ('BMRI.JK', '6044', '2025-03-13 00:40:25'),
    ('BMRI.JK', '7753', '2025-02-20 10:47:18'),
    ('BMRI.JK', '3551', '2025-02-28 22:45:08'),
    ('BMRI.JK', '1172', '2025-01-01 00:25:49'),
    ('BMRI.JK', '9574', '2025-01-27 11:12:22'),
    ('BMRI.JK', '6634', '2025-02-25 16:24:32'),
    ('BMRI.JK', '8687', '2025-04-14 21:44:29'),
    ('BMRI.JK', '1136', '2025-04-06 12:34:03'),
    ('BMRI.JK', '8816', '2025-02-28 04:17:10'),
    ('BMRI.JK', '1149', '2025-03-25 13:58:26'),
    ('BMRI.JK', '5799', '2025-04-26 22:14:20'),
    ('BMRI.JK', '4788', '2025-01-02 09:38:17'),
    ('BMRI.JK', '9981', '2025-03-14 13:18:24'),
    ('BMRI.JK', '4089', '2025-03-21 22:49:41'),
    ('BMRI.JK', '8161', '2025-03-18 15:40:40'),
    ('BMRI.JK', '5094', '2025-02-01 16:53:27'),
    ('BMRI.JK', '7385', '2025-03-15 11:16:34'),
    ('BMRI.JK', '4614', '2025-02-21 01:34:36'),
    ('BMRI.JK', '2297', '2025-03-23 23:46:41'),
    ('BMRI.JK', '4924', '2025-04-11 07:34:38'),
    ('BMRI.JK', '5454', '2025-02-25 06:41:25'),
    ('BMRI.JK', '9715', '2025-02-22 04:48:05'),
    ('BMRI.JK', '7765', '2025-02-06 12:08:47'),
    ('BMRI.JK', '2121', '2025-02-05 10:04:44'),
    ('BMRI.JK', '3238', '2025-02-26 05:36:42'),
    ('BMRI.JK', '2808', '2025-05-04 16:08:06'),
    ('BMRI.JK', '8460', '2025-04-30 22:49:39'),
    ('BMRI.JK', '8418', '2025-02-22 20:14:13'),
    ('BMRI.JK', '9060', '2025-02-06 11:09:44'),
    ('BMRI.JK', '6253', '2025-01-04 18:23:20'),
    ('BMRI.JK', '3492', '2025-01-10 15:18:07'),
    ('BMRI.JK', '9764', '2025-01-05 07:08:14'),
    ('BMRI.JK', '4046', '2025-01-20 20:37:44'),
    ('BMRI.JK', '5622', '2025-02-22 06:32:24'),
    ('BMRI.JK', '3048', '2025-03-27 03:10:10'),
    ('BMRI.JK', '1134', '2025-02-15 04:58:32'),
    ('BMRI.JK', '2477', '2025-01-30 06:14:12'),
    ('BMRI.JK', '1241', '2025-04-06 20:14:50'),
    ('BMRI.JK', '4558', '2025-03-08 09:25:45'),
    ('BMRI.JK', '7885', '2025-03-02 12:03:09'),
    ('BMRI.JK', '9165', '2025-03-14 02:50:09'),
    ('BMRI.JK', '8597', '2025-01-07 03:54:20'),
    ('BMRI.JK', '6410', '2025-01-16 13:52:00'),
    ('BMRI.JK', '3393', '2025-01-11 21:09:27'),
    ('BMRI.JK', '5366', '2025-03-18 04:49:04'),
    ('BMRI.JK', '2169', '2025-04-16 11:27:28'),
    ('BMRI.JK', '8702', '2025-02-05 06:20:05'),
    ('BMRI.JK', '4148', '2025-02-18 13:27:17'),
    ('ASII.JK', '7251', '2025-01-03 10:47:32'),
    ('ASII.JK', '2998', '2025-02-18 08:14:55'),
    ('ASII.JK', '7304', '2025-03-28 00:20:51'),
    ('ASII.JK', '5049', '2025-01-07 12:10:09'),
    ('ASII.JK', '4263', '2025-03-31 11:38:42'),
    ('ASII.JK', '2539', '2025-04-12 04:41:03'),
    ('ASII.JK', '4415', '2025-04-02 19:31:36'),
    ('ASII.JK', '7375', '2025-05-13 07:45:04'),
    ('ASII.JK', '6113', '2025-03-04 17:35:00'),
    ('ASII.JK', '3598', '2025-05-03 04:07:04'),
    ('ASII.JK', '1691', '2025-04-17 17:13:41'),
    ('ASII.JK', '9534', '2025-01-24 17:13:14'),
    ('ASII.JK', '5150', '2025-04-04 10:41:32'),
    ('ASII.JK', '5895', '2025-02-08 14:07:09'),
    ('ASII.JK', '6905', '2025-01-11 02:44:43'),
    ('ASII.JK', '4568', '2025-01-22 22:17:05'),
    ('ASII.JK', '4866', '2025-05-03 21:34:10'),
    ('ASII.JK', '8113', '2025-03-05 00:20:32'),
    ('ASII.JK', '1246', '2025-02-02 11:57:20'),
    ('ASII.JK', '5523', '2025-04-24 12:53:05'),
    ('ASII.JK', '2960', '2025-03-18 20:36:01'),
    ('ASII.JK', '4982', '2025-01-02 17:36:58'),
    ('ASII.JK', '1688', '2025-04-23 20:00:54'),
    ('ASII.JK', '8786', '2025-04-26 18:33:02'),
    ('ASII.JK', '3539', '2025-03-14 02:50:35'),
    ('ASII.JK', '2466', '2025-02-18 07:07:47'),
    ('ASII.JK', '3583', '2025-04-08 01:47:32'),
    ('ASII.JK', '2497', '2025-05-01 03:05:38'),
    ('ASII.JK', '6544', '2025-05-02 09:19:40'),
    ('ASII.JK', '1983', '2025-01-12 14:34:20'),
    ('ASII.JK', '6824', '2025-05-06 03:56:12'),
    ('ASII.JK', '3521', '2025-04-15 03:35:15'),
    ('ASII.JK', '2759', '2025-01-25 10:23:54'),
    ('ASII.JK', '8992', '2025-02-15 04:20:32'),
    ('ASII.JK', '6189', '2025-04-19 10:06:05'),
    ('ASII.JK', '6690', '2025-03-27 04:34:41'),
    ('ASII.JK', '4161', '2025-01-05 03:30:41'),
    ('ASII.JK', '7189', '2025-03-11 13:10:53'),
    ('ASII.JK', '3207', '2025-02-18 16:19:44'),
    ('ASII.JK', '1646', '2025-04-05 05:40:18'),
    ('ASII.JK', '8168', '2025-04-19 13:14:39'),
    ('ASII.JK', '5828', '2025-04-16 09:19:26'),
    ('ASII.JK', '9029', '2025-02-06 20:25:10'),
    ('ASII.JK', '4057', '2025-04-16 13:27:19'),
    ('ASII.JK', '6696', '2025-03-04 20:27:43'),
    ('ASII.JK', '8674', '2025-02-23 11:06:17'),
    ('ASII.JK', '3627', '2025-01-14 08:59:17'),
    ('ASII.JK', '9702', '2025-01-31 02:28:15'),
    ('ASII.JK', '8362', '2025-02-27 09:56:04'),
    ('ASII.JK', '5314', '2025-04-16 04:04:00'),
    ('ASII.JK', '7014', '2025-03-30 04:09:41'),
    ('ASII.JK', '1011', '2025-05-04 21:25:01'),
    ('ASII.JK', '9289', '2025-03-15 14:28:15'),
    ('ASII.JK', '4039', '2025-01-04 15:14:27'),
    ('ASII.JK', '6965', '2025-05-01 10:19:44'),
    ('ASII.JK', '4912', '2025-03-04 06:32:34'),
    ('ASII.JK', '2037', '2025-05-08 19:51:03'),
    ('ASII.JK', '9830', '2025-03-17 05:50:17'),
    ('ASII.JK', '4110', '2025-04-12 18:20:31'),
    ('ASII.JK', '9151', '2025-04-18 02:01:34'),
    ('ASII.JK', '3525', '2025-04-30 00:58:11'),
    ('ASII.JK', '5638', '2025-03-04 15:25:30'),
    ('ASII.JK', '7714', '2025-05-05 10:49:43'),
    ('ASII.JK', '6276', '2025-01-22 10:48:00'),
    ('ASII.JK', '2577', '2025-04-12 14:17:28'),
    ('ASII.JK', '2092', '2025-01-09 12:01:00'),
    ('ASII.JK', '3126', '2025-02-04 16:31:01'),
    ('ASII.JK', '1512', '2025-02-09 05:45:23'),
    ('ASII.JK', '2753', '2025-04-05 05:59:22'),
    ('ASII.JK', '4139', '2025-01-20 04:13:30'),
    ('ASII.JK', '1521', '2025-04-21 21:06:34'),
    ('ASII.JK', '7366', '2025-05-08 18:08:07'),
    ('ASII.JK', '9026', '2025-04-13 02:30:18'),
    ('ASII.JK', '5193', '2025-01-10 12:45:20'),
    ('ASII.JK', '7002', '2025-02-12 20:38:33'),
    ('ASII.JK', '2161', '2025-01-03 12:59:08'),
    ('ASII.JK', '4419', '2025-05-08 08:00:48'),
    ('ASII.JK', '9051', '2025-01-16 12:37:32'),
    ('ASII.JK', '8668', '2025-05-05 01:34:03'),
    ('ASII.JK', '1994', '2025-03-12 02:02:14'),
    ('ASII.JK', '7814', '2025-03-13 15:59:04'),
    ('ASII.JK', '1955', '2025-04-30 19:07:03'),
    ('ASII.JK', '5355', '2025-04-13 17:24:56'),
    ('ASII.JK', '1666', '2025-01-14 16:01:56'),
    ('ASII.JK', '5979', '2025-01-16 03:12:18'),
    ('ASII.JK', '4537', '2025-04-11 20:58:36'),
    ('ASII.JK', '2591', '2025-01-20 15:44:35'),
    ('ASII.JK', '4784', '2025-04-14 05:43:12'),
    ('ASII.JK', '7313', '2025-02-06 18:56:58'),
    ('ASII.JK', '4164', '2025-04-13 04:13:57'),
    ('ASII.JK', '5075', '2025-04-21 16:31:17'),
    ('ASII.JK', '3931', '2025-04-19 10:26:31'),
    ('ASII.JK', '7802', '2025-01-21 11:43:54'),
    ('ASII.JK', '6864', '2025-05-11 23:21:47'),
    ('ASII.JK', '8515', '2025-05-10 04:15:14'),
    ('ASII.JK', '7997', '2025-01-21 05:09:08'),
    ('ASII.JK', '3733', '2025-02-05 00:42:31'),
    ('ASII.JK', '7579', '2025-04-09 00:02:19'),
    ('ASII.JK', '6529', '2025-05-08 16:19:14'),
    ('ASII.JK', '3591', '2025-04-14 16:09:23'),
    ('ASII.JK', '8258', '2025-03-10 09:56:57'),
    ('ASII.JK', '6163', '2025-04-17 19:33:53'),
    ('ASII.JK', '6319', '2025-03-14 04:20:18'),
    ('ASII.JK', '7755', '2025-05-03 23:06:58'),
    ('ASII.JK', '8054', '2025-03-04 19:23:25'),
    ('ASII.JK', '4943', '2025-04-20 08:26:40'),
    ('ASII.JK', '9939', '2025-02-11 12:58:38'),
    ('ASII.JK', '7145', '2025-04-17 20:17:53'),
    ('ASII.JK', '5162', '2025-03-11 21:45:41'),
    ('ASII.JK', '8412', '2025-03-28 21:30:00'),
    ('ASII.JK', '7505', '2025-01-01 00:54:42'),
    ('ASII.JK', '1567', '2025-02-25 05:46:58'),
    ('ASII.JK', '1267', '2025-04-11 12:14:04'),
    ('ASII.JK', '3213', '2025-02-28 14:41:02'),
    ('ASII.JK', '1107', '2025-02-28 07:39:27'),
    ('ASII.JK', '4635', '2025-02-11 17:08:48'),
    ('ASII.JK', '6159', '2025-01-05 05:08:08'),
    ('ASII.JK', '5521', '2025-04-18 12:15:26'),
    ('ASII.JK', '9376', '2025-04-19 00:39:12'),
    ('ASII.JK', '3534', '2025-01-19 07:24:35'),
    ('ASII.JK', '1618', '2025-03-31 09:28:43'),
    ('ASII.JK', '6827', '2025-01-31 07:30:42'),
    ('ASII.JK', '3267', '2025-02-21 10:56:03'),
    ('ASII.JK', '7014', '2025-04-24 01:02:32'),
    ('ASII.JK', '5093', '2025-02-15 05:49:53'),
    ('ASII.JK', '5198', '2025-02-28 07:30:38'),
    ('ASII.JK', '2505', '2025-04-21 18:39:46'),
    ('ASII.JK', '7550', '2025-04-21 12:02:05'),
    ('ASII.JK', '4562', '2025-01-15 23:47:07'),
    ('ASII.JK', '6319', '2025-04-04 16:46:03'),
    ('ASII.JK', '3832', '2025-04-05 19:31:58'),
    ('ASII.JK', '2562', '2025-04-26 13:58:42'),
    ('ASII.JK', '5921', '2025-01-08 06:09:51'),
    ('ASII.JK', '7251', '2025-01-16 05:43:52'),
    ('ASII.JK', '1916', '2025-03-06 22:22:07'),
    ('ASII.JK', '6700', '2025-03-26 08:00:18'),
    ('ASII.JK', '7824', '2025-01-24 09:45:34'),
    ('ASII.JK', '4714', '2025-05-07 18:10:17'),
    ('ASII.JK', '1187', '2025-05-04 02:07:40'),
    ('ASII.JK', '7266', '2025-01-11 12:15:16'),
    ('ASII.JK', '5993', '2025-04-12 19:48:12'),
    ('ASII.JK', '1674', '2025-03-04 00:07:22'),
    ('ASII.JK', '9846', '2025-04-20 16:41:05'),
    ('ASII.JK', '3450', '2025-03-05 11:08:44'),
    ('ASII.JK', '9231', '2025-02-12 20:59:21'),
    ('ASII.JK', '3509', '2025-01-10 19:26:21'),
    ('ASII.JK', '7436', '2025-03-28 12:43:19'),
    ('ASII.JK', '9269', '2025-01-18 11:49:01'),
    ('ASII.JK', '4638', '2025-03-25 20:57:58'),
    ('ASII.JK', '5747', '2025-03-18 13:40:32'),
    ('ASII.JK', '3425', '2025-01-26 16:02:44'),
    ('ASII.JK', '6507', '2025-01-17 00:41:17'),
    ('ASII.JK', '8796', '2025-04-21 23:06:22'),
    ('ASII.JK', '1807', '2025-04-17 10:34:31'),
    ('ASII.JK', '7540', '2025-02-20 23:36:31'),
    ('ASII.JK', '2393', '2025-03-19 09:16:14'),
    ('ASII.JK', '9221', '2025-03-26 08:52:31'),
    ('ASII.JK', '3136', '2025-01-27 04:32:35'),
    ('ASII.JK', '8879', '2025-04-19 14:30:32'),
    ('ASII.JK', '4245', '2025-04-05 17:35:51'),
    ('ASII.JK', '7476', '2025-05-07 15:41:52'),
    ('ASII.JK', '4212', '2025-04-19 23:13:50'),
    ('ASII.JK', '9589', '2025-02-17 19:35:19'),
    ('ASII.JK', '4970', '2025-01-14 21:53:06'),
    ('ASII.JK', '5362', '2025-03-25 12:15:05'),
    ('ASII.JK', '6298', '2025-05-13 23:06:36'),
    ('ASII.JK', '2467', '2025-01-22 20:25:37'),
    ('ASII.JK', '7776', '2025-03-24 05:50:32'),
    ('ASII.JK', '6984', '2025-03-09 15:13:56'),
    ('ASII.JK', '4120', '2025-03-04 06:44:56'),
    ('ASII.JK', '6644', '2025-04-26 07:40:05'),
    ('ASII.JK', '1396', '2025-03-01 04:33:31'),
    ('ASII.JK', '3773', '2025-03-09 21:47:47'),
    ('ASII.JK', '8245', '2025-05-02 00:14:21'),
    ('ASII.JK', '3389', '2025-03-27 12:42:30'),
    ('ASII.JK', '1735', '2025-02-15 08:08:25'),
    ('ASII.JK', '4271', '2025-03-14 14:07:52'),
    ('ASII.JK', '3555', '2025-01-17 15:55:27'),
    ('ASII.JK', '2841', '2025-01-11 14:09:56'),
    ('ASII.JK', '4982', '2025-05-01 14:04:52'),
    ('ASII.JK', '3419', '2025-02-25 20:42:34'),
    ('ASII.JK', '1225', '2025-03-08 15:45:37'),
    ('ASII.JK', '2823', '2025-03-01 05:57:11'),
    ('ASII.JK', '8373', '2025-04-02 11:54:21'),
    ('ASII.JK', '1372', '2025-03-06 10:39:27'),
    ('ASII.JK', '4424', '2025-04-15 11:17:13'),
    ('ASII.JK', '4471', '2025-02-09 13:46:59'),
    ('ASII.JK', '9952', '2025-04-12 14:35:44'),
    ('ASII.JK', '5237', '2025-04-17 13:35:37'),
    ('ASII.JK', '8913', '2025-05-01 23:35:10'),
    ('ASII.JK', '3315', '2025-05-10 18:19:12'),
    ('ASII.JK', '1301', '2025-03-15 03:06:51'),
    ('ASII.JK', '9631', '2025-01-09 10:38:27'),
    ('ASII.JK', '5185', '2025-02-03 01:44:49'),
    ('ASII.JK', '1984', '2025-02-25 03:35:56'),
    ('ASII.JK', '4288', '2025-04-30 23:55:28'),
    ('ASII.JK', '5444', '2025-01-11 07:23:42'),
    ('ASII.JK', '8617', '2025-05-08 03:23:34'),
    ('ASII.JK', '1136', '2025-01-13 22:22:05'),
    ('ASII.JK', '7367', '2025-05-09 05:33:37'),
    ('ASII.JK', '5445', '2025-05-09 17:43:06'),
    ('ASII.JK', '6901', '2025-01-21 22:48:37'),
    ('ASII.JK', '1312', '2025-02-26 19:07:41'),
    ('ASII.JK', '7332', '2025-02-14 21:19:25'),
    ('ASII.JK', '7237', '2025-04-09 17:58:10'),
    ('ASII.JK', '2631', '2025-03-03 06:07:52'),
    ('ASII.JK', '8940', '2025-04-26 22:43:03'),
    ('ASII.JK', '9709', '2025-01-18 02:12:21'),
    ('ASII.JK', '4054', '2025-02-08 14:49:32'),
    ('ASII.JK', '9202', '2025-03-30 22:22:14'),
    ('ASII.JK', '1352', '2025-01-08 17:15:34'),
    ('ASII.JK', '5053', '2025-04-13 19:15:15'),
    ('ASII.JK', '5995', '2025-03-06 18:32:49'),
    ('ASII.JK', '9027', '2025-03-18 09:22:33'),
    ('ASII.JK', '3572', '2025-01-04 13:37:14'),
    ('ASII.JK', '6681', '2025-05-13 21:07:19'),
    ('ASII.JK', '6765', '2025-03-11 00:10:55'),
    ('ASII.JK', '5953', '2025-02-15 20:47:38'),
    ('ASII.JK', '9212', '2025-02-23 13:41:09'),
    ('ASII.JK', '2015', '2025-05-02 12:24:13'),
    ('ASII.JK', '5221', '2025-03-17 04:20:44'),
    ('ASII.JK', '1482', '2025-04-18 18:12:17'),
    ('ASII.JK', '5590', '2025-02-13 19:17:29'),
    ('ASII.JK', '3485', '2025-03-08 08:50:20'),
    ('ASII.JK', '7436', '2025-05-08 13:31:26'),
    ('ASII.JK', '3248', '2025-01-18 01:09:15'),
    ('ASII.JK', '7262', '2025-04-12 02:43:15'),
    ('ASII.JK', '4726', '2025-03-23 00:54:51'),
    ('ASII.JK', '4938', '2025-04-22 05:54:02'),
    ('ASII.JK', '3502', '2025-03-24 19:28:15'),
    ('ASII.JK', '6118', '2025-04-28 13:13:24'),
    ('ASII.JK', '6395', '2025-03-29 05:16:48'),
    ('ASII.JK', '9883', '2025-01-26 14:06:09'),
    ('ASII.JK', '4387', '2025-05-07 16:44:34'),
    ('ASII.JK', '3270', '2025-04-23 19:47:57'),
    ('ASII.JK', '9869', '2025-05-13 19:53:51'),
    ('ASII.JK', '4314', '2025-01-27 19:38:15'),
    ('ASII.JK', '6062', '2025-04-12 17:06:37'),
    ('BRPT.JK', '3215', '2025-03-25 12:14:41'),
    ('BRPT.JK', '3378', '2025-05-08 10:15:41'),
    ('BRPT.JK', '3589', '2025-03-03 15:38:22'),
    ('BRPT.JK', '2111', '2025-04-19 05:23:38'),
    ('BRPT.JK', '9732', '2025-01-23 23:43:29'),
    ('BRPT.JK', '4016', '2025-03-03 16:06:43'),
    ('BRPT.JK', '3384', '2025-01-06 17:24:08'),
    ('BRPT.JK', '6221', '2025-03-22 09:34:01'),
    ('BRPT.JK', '7737', '2025-02-28 21:42:16'),
    ('BRPT.JK', '8258', '2025-05-04 15:55:26'),
    ('BRPT.JK', '5485', '2025-01-30 12:10:16'),
    ('BRPT.JK', '4079', '2025-01-21 17:35:27'),
    ('BRPT.JK', '3155', '2025-02-05 20:58:51'),
    ('BRPT.JK', '1429', '2025-04-29 20:02:27'),
    ('BRPT.JK', '5372', '2025-04-28 14:19:17'),
    ('BRPT.JK', '4783', '2025-04-26 19:14:32'),
    ('BRPT.JK', '4804', '2025-02-14 20:07:46'),
    ('BRPT.JK', '1427', '2025-03-11 18:16:45'),
    ('BRPT.JK', '2302', '2025-04-03 13:07:38'),
    ('BRPT.JK', '3196', '2025-04-08 13:00:08'),
    ('BRPT.JK', '8680', '2025-05-07 03:12:31'),
    ('BRPT.JK', '7126', '2025-02-05 17:23:33'),
    ('BRPT.JK', '7348', '2025-04-06 10:18:08'),
    ('BRPT.JK', '8763', '2025-01-27 16:51:20'),
    ('BRPT.JK', '3683', '2025-02-07 12:39:21'),
    ('BRPT.JK', '4707', '2025-01-07 06:12:02'),
    ('BRPT.JK', '7694', '2025-01-03 21:58:17'),
    ('BRPT.JK', '5421', '2025-03-22 04:55:28'),
    ('BRPT.JK', '4646', '2025-05-11 08:40:00'),
    ('BRPT.JK', '4323', '2025-02-09 17:19:42'),
    ('BRPT.JK', '2083', '2025-02-04 09:14:39'),
    ('BRPT.JK', '8197', '2025-04-30 19:42:18'),
    ('BRPT.JK', '9027', '2025-03-05 02:07:24'),
    ('BRPT.JK', '8496', '2025-02-17 22:05:45'),
    ('BRPT.JK', '8005', '2025-03-20 14:48:57'),
    ('BRPT.JK', '1685', '2025-04-29 01:09:32'),
    ('BRPT.JK', '7232', '2025-03-02 18:12:28'),
    ('BRPT.JK', '7457', '2025-04-29 17:49:09'),
    ('BRPT.JK', '9784', '2025-04-12 23:45:06'),
    ('BRPT.JK', '1630', '2025-04-12 02:24:02'),
    ('BRPT.JK', '2791', '2025-03-29 16:39:11'),
    ('BRPT.JK', '8485', '2025-01-09 05:40:20'),
    ('BRPT.JK', '5025', '2025-04-11 17:19:46'),
    ('BRPT.JK', '9812', '2025-03-18 19:40:54'),
    ('BRPT.JK', '1643', '2025-04-19 07:04:29'),
    ('BRPT.JK', '7347', '2025-04-11 05:19:28'),
    ('BRPT.JK', '1807', '2025-02-06 20:46:00'),
    ('BRPT.JK', '5770', '2025-03-27 08:28:10'),
    ('BRPT.JK', '7521', '2025-03-01 03:19:30'),
    ('BRPT.JK', '5684', '2025-03-31 14:02:01'),
    ('BRPT.JK', '3727', '2025-03-24 00:48:59'),
    ('BRPT.JK', '5823', '2025-04-30 01:24:46'),
    ('BRPT.JK', '1893', '2025-04-11 09:15:11'),
    ('BRPT.JK', '3330', '2025-04-01 00:26:04'),
    ('BRPT.JK', '8400', '2025-01-18 13:29:04'),
    ('BRPT.JK', '9202', '2025-01-22 23:25:04'),
    ('BRPT.JK', '3945', '2025-04-24 16:23:02'),
    ('BRPT.JK', '9952', '2025-01-27 06:34:29'),
    ('BRPT.JK', '7440', '2025-03-22 07:19:33'),
    ('BRPT.JK', '6299', '2025-03-29 13:16:49'),
    ('BRPT.JK', '1408', '2025-02-04 17:38:04'),
    ('BRPT.JK', '8433', '2025-04-25 15:04:10'),
    ('BRPT.JK', '4308', '2025-03-30 06:58:38'),
    ('BRPT.JK', '2477', '2025-02-18 13:28:04'),
    ('BRPT.JK', '6309', '2025-05-06 22:35:06'),
    ('BRPT.JK', '3686', '2025-01-24 23:45:28'),
    ('BRPT.JK', '2494', '2025-01-23 04:02:49'),
    ('BRPT.JK', '8362', '2025-05-04 02:59:29'),
    ('BRPT.JK', '6946', '2025-01-17 13:33:26'),
    ('BRPT.JK', '9582', '2025-03-16 13:58:36'),
    ('BRPT.JK', '9383', '2025-04-29 20:27:53'),
    ('BRPT.JK', '3619', '2025-03-15 12:46:13'),
    ('BRPT.JK', '7235', '2025-01-09 12:37:01'),
    ('BRPT.JK', '3799', '2025-03-07 02:06:47'),
    ('BRPT.JK', '3459', '2025-02-01 11:33:10'),
    ('BRPT.JK', '3369', '2025-02-04 17:34:46'),
    ('BRPT.JK', '1840', '2025-03-23 11:23:32'),
    ('BRPT.JK', '6047', '2025-03-02 02:27:35'),
    ('BRPT.JK', '8311', '2025-02-26 01:48:53'),
    ('BRPT.JK', '3960', '2025-01-23 19:50:28'),
    ('BRPT.JK', '3155', '2025-02-09 09:21:26'),
    ('BRPT.JK', '1057', '2025-05-01 21:20:29'),
    ('BRPT.JK', '5146', '2025-01-03 08:53:32'),
    ('BRPT.JK', '8514', '2025-04-07 15:06:45'),
    ('BRPT.JK', '9169', '2025-04-16 12:53:56'),
    ('BRPT.JK', '1094', '2025-04-29 01:24:37'),
    ('BRPT.JK', '9084', '2025-02-16 04:35:36'),
    ('BRPT.JK', '4553', '2025-04-25 08:17:50'),
    ('BRPT.JK', '8794', '2025-03-30 02:34:28'),
    ('BRPT.JK', '7719', '2025-03-27 19:17:18'),
    ('BRPT.JK', '2300', '2025-04-27 17:52:20'),
    ('BRPT.JK', '1107', '2025-02-17 12:26:45'),
    ('BRPT.JK', '9967', '2025-02-24 00:06:00'),
    ('BRPT.JK', '4401', '2025-01-10 11:58:41'),
    ('BRPT.JK', '4028', '2025-01-29 18:55:25'),
    ('BRPT.JK', '1902', '2025-05-07 20:29:27'),
    ('BRPT.JK', '6718', '2025-01-08 03:07:57'),
    ('BRPT.JK', '3381', '2025-01-07 07:08:40'),
    ('BRPT.JK', '5889', '2025-03-06 07:05:22'),
    ('BRPT.JK', '2436', '2025-01-10 12:30:09'),
    ('BRPT.JK', '2784', '2025-03-22 23:09:36'),
    ('BRPT.JK', '3920', '2025-02-01 07:52:35'),
    ('BRPT.JK', '5659', '2025-04-29 15:53:04'),
    ('BRPT.JK', '3906', '2025-03-30 10:01:41'),
    ('BRPT.JK', '6901', '2025-01-07 23:01:36'),
    ('BRPT.JK', '2525', '2025-02-28 02:48:48'),
    ('BRPT.JK', '6289', '2025-03-13 13:39:28'),
    ('BRPT.JK', '7208', '2025-01-14 03:20:58'),
    ('BRPT.JK', '8001', '2025-04-17 21:22:52'),
    ('BRPT.JK', '2063', '2025-02-26 20:41:57'),
    ('BRPT.JK', '8713', '2025-01-27 03:01:43'),
    ('BRPT.JK', '2999', '2025-02-23 06:52:59'),
    ('BRPT.JK', '6393', '2025-04-13 08:14:37'),
    ('BRPT.JK', '7779', '2025-04-12 21:01:42'),
    ('BRPT.JK', '4438', '2025-02-10 14:14:53'),
    ('BRPT.JK', '1953', '2025-01-22 05:23:07'),
    ('BRPT.JK', '9666', '2025-01-18 00:34:14'),
    ('BRPT.JK', '8924', '2025-04-28 10:28:11'),
    ('BRPT.JK', '5705', '2025-03-24 22:12:50'),
    ('BRPT.JK', '6185', '2025-02-20 10:06:12'),
    ('BRPT.JK', '9608', '2025-04-22 16:21:33'),
    ('BRPT.JK', '6797', '2025-01-26 04:30:25'),
    ('BRPT.JK', '9132', '2025-04-11 22:00:16'),
    ('BRPT.JK', '9154', '2025-04-06 15:14:13'),
    ('BRPT.JK', '3947', '2025-04-29 08:02:12'),
    ('BRPT.JK', '4812', '2025-02-26 09:46:20'),
    ('BRPT.JK', '4171', '2025-01-01 07:22:03'),
    ('BRPT.JK', '2936', '2025-01-05 15:47:11'),
    ('BRPT.JK', '8616', '2025-05-02 10:51:29'),
    ('BRPT.JK', '2932', '2025-02-10 06:13:54'),
    ('BRPT.JK', '7793', '2025-03-22 09:34:17'),
    ('BRPT.JK', '1745', '2025-03-06 19:35:04'),
    ('BRPT.JK', '6728', '2025-04-19 19:43:31'),
    ('BRPT.JK', '4478', '2025-01-03 04:38:56'),
    ('BRPT.JK', '4296', '2025-02-24 16:28:32'),
    ('BRPT.JK', '5168', '2025-01-14 04:08:20'),
    ('BRPT.JK', '6042', '2025-02-28 07:25:29'),
    ('BRPT.JK', '9301', '2025-04-17 19:09:21'),
    ('BRPT.JK', '6307', '2025-01-02 04:34:25'),
    ('BRPT.JK', '2865', '2025-03-06 17:12:39'),
    ('BRPT.JK', '6592', '2025-03-18 21:43:25'),
    ('BRPT.JK', '1477', '2025-02-04 02:29:27'),
    ('BRPT.JK', '4178', '2025-03-06 04:18:38'),
    ('BRPT.JK', '6536', '2025-05-11 13:57:04'),
    ('BRPT.JK', '8849', '2025-04-03 03:19:56'),
    ('BRPT.JK', '1582', '2025-05-06 08:57:26'),
    ('BRPT.JK', '3224', '2025-04-04 11:55:54'),
    ('BRPT.JK', '3545', '2025-05-02 18:57:58'),
    ('BRPT.JK', '8546', '2025-04-15 06:27:00'),
    ('BRPT.JK', '6490', '2025-03-31 19:16:00'),
    ('BRPT.JK', '7782', '2025-01-11 21:04:57'),
    ('BRPT.JK', '9537', '2025-02-28 03:02:34'),
    ('BRPT.JK', '6169', '2025-04-18 19:18:47'),
    ('BRPT.JK', '9779', '2025-01-04 15:14:03'),
    ('BRPT.JK', '4412', '2025-04-23 02:52:04'),
    ('BRPT.JK', '6434', '2025-03-10 15:52:28'),
    ('BRPT.JK', '2084', '2025-01-29 23:48:40'),
    ('BRPT.JK', '5595', '2025-01-07 01:16:38'),
    ('BRPT.JK', '6556', '2025-03-14 20:44:55'),
    ('BRPT.JK', '9753', '2025-02-02 05:28:25'),
    ('BRPT.JK', '7382', '2025-02-06 09:14:56'),
    ('BRPT.JK', '2914', '2025-03-01 20:41:43'),
    ('BRPT.JK', '6152', '2025-01-07 03:23:53'),
    ('BRPT.JK', '5448', '2025-03-22 08:46:19'),
    ('BRPT.JK', '2422', '2025-04-07 12:26:29'),
    ('BRPT.JK', '4893', '2025-03-14 03:42:17'),
    ('BRPT.JK', '8404', '2025-02-28 18:21:07'),
    ('BRPT.JK', '4541', '2025-04-12 23:08:43'),
    ('BRPT.JK', '5953', '2025-02-03 23:37:06'),
    ('BRPT.JK', '2838', '2025-03-14 15:58:17'),
    ('BRPT.JK', '1612', '2025-02-09 05:50:48'),
    ('BRPT.JK', '2517', '2025-03-28 04:08:13'),
    ('BRPT.JK', '9290', '2025-01-05 20:12:16'),
    ('BRPT.JK', '8907', '2025-04-08 02:25:19'),
    ('BRPT.JK', '3524', '2025-02-06 22:27:02'),
    ('BRPT.JK', '6572', '2025-04-04 21:08:33'),
    ('BRPT.JK', '9579', '2025-03-02 06:22:35'),
    ('BRPT.JK', '6363', '2025-01-28 19:48:11'),
    ('BRPT.JK', '2609', '2025-04-11 05:25:03'),
    ('BRPT.JK', '3174', '2025-02-09 20:14:28'),
    ('BRPT.JK', '1598', '2025-03-31 04:48:43'),
    ('BRPT.JK', '7350', '2025-04-12 10:18:12'),
    ('BRPT.JK', '2897', '2025-01-01 19:09:12'),
    ('BRPT.JK', '6095', '2025-01-09 13:11:40'),
    ('BRPT.JK', '2426', '2025-03-06 17:14:34'),
    ('BRPT.JK', '8649', '2025-01-09 23:01:36'),
    ('BRPT.JK', '2689', '2025-04-12 02:04:04'),
    ('BRPT.JK', '6119', '2025-01-05 08:45:56'),
    ('BRPT.JK', '6114', '2025-05-05 01:15:38'),
    ('BRPT.JK', '4438', '2025-03-04 07:24:39'),
    ('BRPT.JK', '4285', '2025-02-07 09:19:39'),
    ('BRPT.JK', '5695', '2025-02-23 17:16:49'),
    ('BRPT.JK', '9720', '2025-03-03 23:20:44'),
    ('BRPT.JK', '8227', '2025-05-11 07:39:53'),
    ('BRPT.JK', '2927', '2025-02-22 22:39:38'),
    ('BRPT.JK', '3446', '2025-01-31 13:59:04'),
    ('BRPT.JK', '5483', '2025-01-23 05:25:26'),
    ('BRPT.JK', '1249', '2025-05-01 23:08:02'),
    ('BRPT.JK', '9422', '2025-01-20 21:06:12'),
    ('BRPT.JK', '4384', '2025-04-16 08:22:01'),
    ('BRPT.JK', '6739', '2025-04-17 16:13:46'),
    ('BRPT.JK', '6218', '2025-02-22 15:11:39'),
    ('BRPT.JK', '3319', '2025-02-25 00:07:23'),
    ('BRPT.JK', '5011', '2025-02-03 06:11:57'),
    ('BRPT.JK', '2167', '2025-03-02 11:07:28'),
    ('BRPT.JK', '6549', '2025-04-15 23:16:18'),
    ('BRPT.JK', '8268', '2025-01-10 20:24:04'),
    ('BRPT.JK', '3131', '2025-01-06 15:06:56'),
    ('BRPT.JK', '8712', '2025-05-12 04:02:21'),
    ('BRPT.JK', '1826', '2025-01-21 13:39:18'),
    ('BRPT.JK', '7284', '2025-01-11 10:43:32'),
    ('BRPT.JK', '2410', '2025-03-24 19:28:27'),
    ('BRPT.JK', '7421', '2025-02-04 18:07:16'),
    ('BRPT.JK', '8304', '2025-04-30 16:14:15'),
    ('BRPT.JK', '6826', '2025-03-02 16:04:44'),
    ('BRPT.JK', '6444', '2025-02-08 11:25:57'),
    ('BRPT.JK', '9740', '2025-01-16 06:02:56'),
    ('BRPT.JK', '8629', '2025-04-21 06:05:23'),
    ('BRPT.JK', '3159', '2025-01-19 01:01:14'),
    ('BRPT.JK', '8672', '2025-01-19 21:16:42'),
    ('BRPT.JK', '8464', '2025-03-02 06:31:48'),
    ('BRPT.JK', '8625', '2025-04-02 08:54:09'),
    ('BRPT.JK', '4796', '2025-02-13 10:57:27'),
    ('BRPT.JK', '3354', '2025-04-30 19:09:30'),
    ('BRPT.JK', '5227', '2025-03-12 13:47:48'),
    ('BRPT.JK', '7423', '2025-02-05 14:29:14'),
    ('BRPT.JK', '6412', '2025-03-05 01:29:46'),
    ('BRPT.JK', '8426', '2025-04-05 15:56:45'),
    ('BRPT.JK', '1495', '2025-01-13 16:37:26'),
    ('BRPT.JK', '8787', '2025-01-22 22:05:30'),
    ('BRPT.JK', '6758', '2025-04-03 22:40:49'),
    ('BRPT.JK', '8556', '2025-02-03 03:59:34'),
    ('BRPT.JK', '5624', '2025-03-09 16:39:56'),
    ('BRPT.JK', '3087', '2025-04-09 15:13:01'),
    ('BRPT.JK', '2686', '2025-03-20 18:38:01'),
    ('BRPT.JK', '2752', '2025-03-05 06:39:46'),
    ('BRPT.JK', '2162', '2025-02-28 15:58:21'),
    ('BRPT.JK', '9728', '2025-03-31 12:17:54'),
    ('PGAS.JK', '7566', '2025-04-25 16:05:49'),
    ('PGAS.JK', '7773', '2025-02-16 07:50:29'),
    ('PGAS.JK', '4992', '2025-04-17 09:37:39'),
    ('PGAS.JK', '3605', '2025-04-04 16:01:43'),
    ('PGAS.JK', '7288', '2025-01-13 19:51:41'),
    ('PGAS.JK', '6582', '2025-02-10 10:27:36'),
    ('PGAS.JK', '8063', '2025-03-26 12:53:43'),
    ('PGAS.JK', '6606', '2025-04-16 17:40:45'),
    ('PGAS.JK', '4869', '2025-02-03 14:38:12'),
    ('PGAS.JK', '2276', '2025-04-22 11:54:40'),
    ('PGAS.JK', '8972', '2025-01-23 04:46:59'),
    ('PGAS.JK', '8584', '2025-03-05 04:22:18'),
    ('PGAS.JK', '2599', '2025-03-28 10:51:28'),
    ('PGAS.JK', '3886', '2025-03-01 19:33:01'),
    ('PGAS.JK', '7648', '2025-01-14 12:23:42'),
    ('PGAS.JK', '2781', '2025-04-26 19:27:02'),
    ('PGAS.JK', '7208', '2025-03-05 13:49:58'),
    ('PGAS.JK', '9098', '2025-05-06 05:52:01'),
    ('PGAS.JK', '2007', '2025-01-18 13:54:51'),
    ('PGAS.JK', '4565', '2025-01-27 23:23:56'),
    ('PGAS.JK', '1003', '2025-01-29 11:47:22'),
    ('PGAS.JK', '3444', '2025-03-29 23:00:49'),
    ('PGAS.JK', '9704', '2025-02-26 14:30:13'),
    ('PGAS.JK', '7389', '2025-04-30 12:46:27'),
    ('PGAS.JK', '8326', '2025-02-07 23:52:21'),
    ('PGAS.JK', '4369', '2025-05-13 08:05:54'),
    ('PGAS.JK', '6187', '2025-02-28 04:52:04'),
    ('PGAS.JK', '5989', '2025-03-26 09:58:29'),
    ('PGAS.JK', '6640', '2025-01-18 08:06:34'),
    ('PGAS.JK', '1133', '2025-04-29 17:45:12'),
    ('PGAS.JK', '9362', '2025-03-20 11:41:47'),
    ('PGAS.JK', '3089', '2025-02-27 02:59:59'),
    ('PGAS.JK', '2022', '2025-03-13 16:42:12'),
    ('PGAS.JK', '9992', '2025-01-11 07:35:28'),
    ('PGAS.JK', '1013', '2025-04-19 17:55:48'),
    ('PGAS.JK', '6885', '2025-01-22 07:13:52'),
    ('PGAS.JK', '5623', '2025-01-07 01:19:53'),
    ('PGAS.JK', '4854', '2025-03-25 19:56:24'),
    ('PGAS.JK', '7459', '2025-05-02 09:42:35'),
    ('PGAS.JK', '6212', '2025-03-16 07:55:44'),
    ('PGAS.JK', '7652', '2025-03-16 02:13:19'),
    ('PGAS.JK', '8130', '2025-04-16 20:26:15'),
    ('PGAS.JK', '4460', '2025-05-09 15:24:56'),
    ('PGAS.JK', '3841', '2025-04-03 05:03:40'),
    ('PGAS.JK', '3278', '2025-02-06 13:12:02'),
    ('PGAS.JK', '7301', '2025-03-11 23:03:47'),
    ('PGAS.JK', '7835', '2025-01-30 22:56:15'),
    ('PGAS.JK', '5726', '2025-05-11 02:44:03'),
    ('PGAS.JK', '3056', '2025-01-27 01:46:41'),
    ('PGAS.JK', '1190', '2025-01-14 22:21:38'),
    ('PGAS.JK', '1257', '2025-01-28 23:04:10'),
    ('PGAS.JK', '8974', '2025-05-08 18:09:38'),
    ('PGAS.JK', '8155', '2025-01-27 08:45:39'),
    ('PGAS.JK', '2387', '2025-01-27 15:29:34'),
    ('PGAS.JK', '7813', '2025-03-30 13:14:51'),
    ('PGAS.JK', '7974', '2025-05-02 00:32:54'),
    ('PGAS.JK', '3945', '2025-03-30 05:37:52'),
    ('PGAS.JK', '9346', '2025-03-24 08:33:51'),
    ('PGAS.JK', '8373', '2025-03-16 16:54:01'),
    ('PGAS.JK', '6821', '2025-02-13 20:01:44'),
    ('PGAS.JK', '4044', '2025-03-24 11:34:49'),
    ('PGAS.JK', '1121', '2025-04-23 05:23:19'),
    ('PGAS.JK', '9161', '2025-02-15 23:20:05'),
    ('PGAS.JK', '9220', '2025-02-22 06:47:52'),
    ('PGAS.JK', '7731', '2025-04-17 01:19:09'),
    ('PGAS.JK', '7012', '2025-01-07 11:56:37'),
    ('PGAS.JK', '1620', '2025-04-21 07:46:08'),
    ('PGAS.JK', '8917', '2025-03-13 13:42:02'),
    ('PGAS.JK', '2854', '2025-04-23 16:14:54'),
    ('PGAS.JK', '8889', '2025-01-16 13:07:16'),
    ('PGAS.JK', '3327', '2025-04-13 05:14:21'),
    ('PGAS.JK', '5578', '2025-04-01 06:45:37'),
    ('PGAS.JK', '9469', '2025-01-16 04:35:58'),
    ('PGAS.JK', '9574', '2025-04-29 11:08:06'),
    ('PGAS.JK', '2449', '2025-02-17 14:51:38'),
    ('PGAS.JK', '8740', '2025-05-03 11:06:06'),
    ('PGAS.JK', '2279', '2025-05-13 20:00:57'),
    ('PGAS.JK', '9834', '2025-04-23 13:15:51'),
    ('PGAS.JK', '6119', '2025-04-30 00:58:09'),
    ('PGAS.JK', '1864', '2025-03-08 17:02:28'),
    ('PGAS.JK', '9765', '2025-01-03 02:15:15'),
    ('PGAS.JK', '8681', '2025-03-30 03:57:19'),
    ('PGAS.JK', '9399', '2025-04-02 02:46:53'),
    ('PGAS.JK', '6431', '2025-03-23 18:04:38'),
    ('PGAS.JK', '6782', '2025-02-27 05:01:08'),
    ('PGAS.JK', '5738', '2025-02-02 12:38:40'),
    ('PGAS.JK', '1578', '2025-04-27 01:11:16'),
    ('PGAS.JK', '5981', '2025-04-20 11:03:41'),
    ('PGAS.JK', '5267', '2025-01-12 22:13:39'),
    ('PGAS.JK', '8752', '2025-04-23 06:19:57'),
    ('PGAS.JK', '3770', '2025-04-22 05:43:15'),
    ('PGAS.JK', '1845', '2025-05-08 10:40:20'),
    ('PGAS.JK', '5780', '2025-05-02 05:31:41'),
    ('PGAS.JK', '1447', '2025-02-25 16:39:28'),
    ('PGAS.JK', '8942', '2025-01-17 00:31:30'),
    ('PGAS.JK', '3077', '2025-04-09 04:14:55'),
    ('PGAS.JK', '2259', '2025-02-23 22:52:09'),
    ('PGAS.JK', '5129', '2025-01-26 17:40:31'),
    ('PGAS.JK', '5603', '2025-02-23 10:36:16'),
    ('PGAS.JK', '5209', '2025-01-03 18:11:26'),
    ('PGAS.JK', '2827', '2025-04-28 06:00:44'),
    ('PGAS.JK', '3860', '2025-04-25 21:50:55'),
    ('PGAS.JK', '3476', '2025-05-08 23:53:16'),
    ('PGAS.JK', '8317', '2025-03-13 19:14:17'),
    ('PGAS.JK', '3873', '2025-02-20 17:31:31'),
    ('PGAS.JK', '4869', '2025-04-05 03:53:02'),
    ('PGAS.JK', '3962', '2025-04-13 09:48:36'),
    ('PGAS.JK', '1542', '2025-03-08 13:47:14'),
    ('PGAS.JK', '2382', '2025-01-29 04:04:34'),
    ('PGAS.JK', '3525', '2025-04-07 07:17:11'),
    ('PGAS.JK', '7765', '2025-03-16 09:41:15'),
    ('PGAS.JK', '4898', '2025-05-09 06:55:57'),
    ('PGAS.JK', '8211', '2025-05-04 19:18:47'),
    ('PGAS.JK', '3740', '2025-02-10 22:39:49'),
    ('PGAS.JK', '6653', '2025-01-11 13:10:35'),
    ('PGAS.JK', '5331', '2025-01-23 12:34:22'),
    ('PGAS.JK', '1860', '2025-02-02 13:04:28'),
    ('PGAS.JK', '8602', '2025-03-19 10:17:07'),
    ('PGAS.JK', '8802', '2025-02-28 12:28:21'),
    ('PGAS.JK', '8803', '2025-04-14 09:43:37'),
    ('PGAS.JK', '4828', '2025-03-15 17:59:59'),
    ('PGAS.JK', '7390', '2025-04-03 03:44:51'),
    ('PGAS.JK', '5302', '2025-01-29 04:26:50'),
    ('PGAS.JK', '9690', '2025-03-26 10:00:31'),
    ('PGAS.JK', '1194', '2025-02-26 01:52:09'),
    ('PGAS.JK', '8353', '2025-03-16 04:16:05'),
    ('PGAS.JK', '6172', '2025-04-13 23:09:36'),
    ('PGAS.JK', '1672', '2025-01-19 21:45:02'),
    ('PGAS.JK', '9704', '2025-05-04 18:36:42'),
    ('PGAS.JK', '6797', '2025-03-25 20:16:04'),
    ('PGAS.JK', '5466', '2025-03-07 01:03:40'),
    ('PGAS.JK', '5429', '2025-02-21 20:43:09'),
    ('PGAS.JK', '2610', '2025-02-19 13:59:20'),
    ('PGAS.JK', '7408', '2025-03-31 12:55:18'),
    ('PGAS.JK', '4961', '2025-05-11 11:14:01'),
    ('PGAS.JK', '4193', '2025-04-11 23:09:12'),
    ('PGAS.JK', '6528', '2025-05-12 14:23:43'),
    ('PGAS.JK', '3947', '2025-03-02 19:56:35'),
    ('PGAS.JK', '9972', '2025-01-03 01:17:49'),
    ('PGAS.JK', '1138', '2025-01-14 04:40:44'),
    ('PGAS.JK', '1195', '2025-03-21 20:33:29'),
    ('PGAS.JK', '2600', '2025-04-12 23:54:32'),
    ('PGAS.JK', '2702', '2025-03-28 14:14:28'),
    ('PGAS.JK', '6759', '2025-02-12 14:33:15'),
    ('PGAS.JK', '5641', '2025-02-18 21:55:15'),
    ('PGAS.JK', '4163', '2025-01-07 14:38:46'),
    ('PGAS.JK', '1388', '2025-05-01 06:36:01'),
    ('PGAS.JK', '2506', '2025-01-12 01:05:20'),
    ('PGAS.JK', '4552', '2025-04-27 09:20:11'),
    ('PGAS.JK', '2995', '2025-01-24 07:08:01'),
    ('PGAS.JK', '2415', '2025-04-28 10:02:24'),
    ('PGAS.JK', '3128', '2025-03-15 00:05:35'),
    ('PGAS.JK', '4027', '2025-01-22 12:34:31'),
    ('PGAS.JK', '4018', '2025-02-19 04:37:48'),
    ('PGAS.JK', '5826', '2025-04-01 16:10:14'),
    ('PGAS.JK', '2240', '2025-05-05 00:55:58'),
    ('PGAS.JK', '8429', '2025-02-23 16:02:26'),
    ('PGAS.JK', '7995', '2025-05-10 15:08:40'),
    ('PGAS.JK', '6298', '2025-02-19 23:16:31'),
    ('PGAS.JK', '3653', '2025-01-15 08:51:04'),
    ('PGAS.JK', '5543', '2025-01-13 02:44:46'),
    ('PGAS.JK', '7271', '2025-03-17 10:57:45'),
    ('PGAS.JK', '6450', '2025-01-12 15:53:36'),
    ('PGAS.JK', '5230', '2025-02-21 09:25:39'),
    ('PGAS.JK', '3915', '2025-03-27 13:13:39'),
    ('PGAS.JK', '2137', '2025-04-06 11:35:22'),
    ('PGAS.JK', '4287', '2025-04-29 12:12:46'),
    ('PGAS.JK', '7432', '2025-02-04 15:36:02'),
    ('PGAS.JK', '9061', '2025-01-22 01:19:21'),
    ('PGAS.JK', '3357', '2025-04-15 23:31:42'),
    ('PGAS.JK', '8065', '2025-02-12 09:45:17'),
    ('PGAS.JK', '2740', '2025-03-27 17:55:11'),
    ('PGAS.JK', '5243', '2025-01-21 01:21:10'),
    ('PGAS.JK', '1571', '2025-01-15 03:49:46'),
    ('PGAS.JK', '2153', '2025-04-21 22:39:31'),
    ('PGAS.JK', '5105', '2025-03-28 13:57:39'),
    ('PGAS.JK', '1307', '2025-04-07 15:27:23'),
    ('PGAS.JK', '3438', '2025-05-07 18:34:22'),
    ('PGAS.JK', '1014', '2025-01-08 08:19:36'),
    ('PGAS.JK', '7397', '2025-02-21 17:41:02'),
    ('PGAS.JK', '3483', '2025-03-06 01:07:23'),
    ('PGAS.JK', '7411', '2025-04-22 14:01:03'),
    ('PGAS.JK', '1060', '2025-04-11 01:51:31'),
    ('PGAS.JK', '9039', '2025-04-03 20:17:28'),
    ('PGAS.JK', '8144', '2025-03-20 10:22:11'),
    ('PGAS.JK', '2148', '2025-04-15 21:10:56'),
    ('PGAS.JK', '4700', '2025-01-01 15:24:48'),
    ('PGAS.JK', '7298', '2025-04-04 14:35:31'),
    ('PGAS.JK', '2985', '2025-04-21 03:32:53'),
    ('PGAS.JK', '9770', '2025-03-11 16:40:50'),
    ('PGAS.JK', '6463', '2025-05-13 09:35:05'),
    ('PGAS.JK', '5961', '2025-03-19 19:00:01'),
    ('PGAS.JK', '1904', '2025-05-03 18:36:12'),
    ('PGAS.JK', '2485', '2025-03-12 22:40:45'),
    ('PGAS.JK', '9759', '2025-03-08 00:48:26'),
    ('PGAS.JK', '2318', '2025-03-31 06:04:28'),
    ('PGAS.JK', '5750', '2025-05-06 18:55:55'),
    ('PGAS.JK', '4327', '2025-02-04 07:06:03'),
    ('PGAS.JK', '1644', '2025-03-16 14:19:56'),
    ('PGAS.JK', '4129', '2025-02-28 00:50:12'),
    ('PGAS.JK', '7391', '2025-01-21 17:34:30'),
    ('PGAS.JK', '6886', '2025-04-05 11:16:15'),
    ('PGAS.JK', '2390', '2025-05-03 21:01:15'),
    ('PGAS.JK', '8175', '2025-02-06 18:58:06'),
    ('PGAS.JK', '3292', '2025-01-07 22:21:57'),
    ('PGAS.JK', '4163', '2025-01-05 22:12:27'),
    ('PGAS.JK', '4907', '2025-04-05 23:59:20'),
    ('PGAS.JK', '7369', '2025-01-13 05:34:00'),
    ('PGAS.JK', '9856', '2025-05-05 22:29:48'),
    ('PGAS.JK', '6041', '2025-04-08 00:41:48'),
    ('PGAS.JK', '9748', '2025-03-29 05:55:25'),
    ('PGAS.JK', '1268', '2025-01-08 04:37:53'),
    ('PGAS.JK', '6558', '2025-01-11 21:13:57'),
    ('PGAS.JK', '6533', '2025-01-09 07:31:48'),
    ('PGAS.JK', '7643', '2025-01-23 22:47:30'),
    ('PGAS.JK', '4468', '2025-05-07 23:09:41'),
    ('PGAS.JK', '9570', '2025-03-31 00:09:38'),
    ('PGAS.JK', '9791', '2025-01-29 22:10:27'),
    ('PGAS.JK', '4817', '2025-01-14 23:42:01'),
    ('PGAS.JK', '1604', '2025-01-28 11:51:33'),
    ('PGAS.JK', '9010', '2025-05-07 23:04:32'),
    ('PGAS.JK', '1312', '2025-04-02 12:02:33'),
    ('PGAS.JK', '1750', '2025-02-17 02:58:57'),
    ('PGAS.JK', '3138', '2025-01-03 18:56:48'),
    ('PGAS.JK', '3822', '2025-05-03 20:24:57'),
    ('PGAS.JK', '1818', '2025-03-01 16:17:44'),
    ('PGAS.JK', '2594', '2025-03-30 13:58:27'),
    ('PGAS.JK', '3796', '2025-04-25 18:27:27'),
    ('PGAS.JK', '2047', '2025-01-21 15:32:21'),
    ('PGAS.JK', '2870', '2025-04-07 12:51:23'),
    ('PGAS.JK', '4613', '2025-01-13 06:06:51'),
    ('PGAS.JK', '4320', '2025-03-24 18:17:21'),
    ('PGAS.JK', '6527', '2025-05-12 17:33:47'),
    ('PGAS.JK', '7586', '2025-03-04 23:02:39'),
    ('PGAS.JK', '2979', '2025-05-13 20:04:58'),
    ('PGAS.JK', '9943', '2025-01-27 16:00:05'),
    ('PGAS.JK', '6268', '2025-02-11 09:43:56'),
    ('PGAS.JK', '1746', '2025-04-26 03:58:39'),
    ('GGRM.JK', '3841', '2025-03-07 03:33:38'),
    ('GGRM.JK', '2035', '2025-01-24 10:42:53'),
    ('GGRM.JK', '5487', '2025-01-28 10:12:40'),
    ('GGRM.JK', '7801', '2025-02-02 15:10:25'),
    ('GGRM.JK', '7060', '2025-04-18 11:04:01'),
    ('GGRM.JK', '3703', '2025-03-27 04:18:33'),
    ('GGRM.JK', '4991', '2025-04-24 00:15:01'),
    ('GGRM.JK', '1666', '2025-01-26 21:33:12'),
    ('GGRM.JK', '2637', '2025-05-03 18:14:25'),
    ('GGRM.JK', '7162', '2025-01-31 15:11:07'),
    ('GGRM.JK', '1256', '2025-04-05 13:25:58'),
    ('GGRM.JK', '2322', '2025-01-02 05:35:28'),
    ('GGRM.JK', '1118', '2025-02-04 20:07:28'),
    ('GGRM.JK', '2460', '2025-05-07 13:24:07'),
    ('GGRM.JK', '5648', '2025-03-22 19:44:10'),
    ('GGRM.JK', '8798', '2025-01-25 15:21:41'),
    ('GGRM.JK', '4377', '2025-01-28 18:50:15'),
    ('GGRM.JK', '5439', '2025-04-12 13:45:41'),
    ('GGRM.JK', '8379', '2025-03-22 00:12:18'),
    ('GGRM.JK', '4919', '2025-02-03 21:27:25'),
    ('GGRM.JK', '1616', '2025-04-26 18:49:43'),
    ('GGRM.JK', '3949', '2025-04-08 01:38:42'),
    ('GGRM.JK', '2442', '2025-05-02 18:55:29'),
    ('GGRM.JK', '5934', '2025-03-09 13:06:54'),
    ('GGRM.JK', '7861', '2025-01-01 21:17:52'),
    ('GGRM.JK', '4860', '2025-02-07 06:19:55'),
    ('GGRM.JK', '2925', '2025-04-13 22:54:23'),
    ('GGRM.JK', '2567', '2025-05-01 04:22:50'),
    ('GGRM.JK', '6929', '2025-04-15 19:17:26'),
    ('GGRM.JK', '9315', '2025-02-12 13:54:03'),
    ('GGRM.JK', '8605', '2025-05-02 15:32:05'),
    ('GGRM.JK', '4409', '2025-02-23 16:14:28'),
    ('GGRM.JK', '1869', '2025-02-07 14:47:45'),
    ('GGRM.JK', '2846', '2025-01-29 23:24:12'),
    ('GGRM.JK', '8772', '2025-04-07 14:35:13'),
    ('GGRM.JK', '3888', '2025-02-01 00:32:01'),
    ('GGRM.JK', '1706', '2025-01-11 11:47:12'),
    ('GGRM.JK', '6966', '2025-02-25 08:29:49'),
    ('GGRM.JK', '4433', '2025-03-26 09:43:00'),
    ('GGRM.JK', '5118', '2025-03-06 21:55:33'),
    ('GGRM.JK', '8424', '2025-01-09 09:52:26'),
    ('GGRM.JK', '2710', '2025-01-11 04:27:55'),
    ('GGRM.JK', '9804', '2025-02-04 03:41:44'),
    ('GGRM.JK', '3589', '2025-01-06 15:27:13'),
    ('GGRM.JK', '8947', '2025-04-10 23:37:30'),
    ('GGRM.JK', '2901', '2025-01-14 18:13:45'),
    ('GGRM.JK', '4855', '2025-03-28 09:00:56'),
    ('GGRM.JK', '6340', '2025-03-23 08:59:25'),
    ('GGRM.JK', '4256', '2025-05-12 10:21:41'),
    ('GGRM.JK', '6336', '2025-02-14 16:10:20'),
    ('GGRM.JK', '2804', '2025-03-05 07:53:10'),
    ('GGRM.JK', '4731', '2025-01-20 01:00:43'),
    ('GGRM.JK', '4884', '2025-03-22 02:50:03'),
    ('GGRM.JK', '4276', '2025-03-14 22:06:27'),
    ('GGRM.JK', '4615', '2025-01-15 06:40:23'),
    ('GGRM.JK', '8716', '2025-04-24 14:43:39'),
    ('GGRM.JK', '8936', '2025-01-11 13:14:23'),
    ('GGRM.JK', '8141', '2025-01-29 03:28:31'),
    ('GGRM.JK', '4541', '2025-04-29 08:09:58'),
    ('GGRM.JK', '8454', '2025-02-04 13:49:23'),
    ('GGRM.JK', '7346', '2025-03-14 12:33:59'),
    ('GGRM.JK', '3234', '2025-03-30 21:13:26'),
    ('GGRM.JK', '4181', '2025-05-03 17:25:54'),
    ('GGRM.JK', '6875', '2025-02-22 08:52:03'),
    ('GGRM.JK', '4313', '2025-03-07 05:22:01'),
    ('GGRM.JK', '3084', '2025-01-07 05:34:17'),
    ('GGRM.JK', '1977', '2025-02-24 11:42:36'),
    ('GGRM.JK', '3236', '2025-01-22 13:48:24'),
    ('GGRM.JK', '8627', '2025-03-31 01:07:57'),
    ('GGRM.JK', '7852', '2025-02-03 05:51:21'),
    ('GGRM.JK', '6629', '2025-02-12 16:35:30'),
    ('GGRM.JK', '5835', '2025-04-28 05:08:51'),
    ('GGRM.JK', '3568', '2025-05-04 21:17:30'),
    ('GGRM.JK', '3784', '2025-04-23 06:14:28'),
    ('GGRM.JK', '4763', '2025-01-17 18:59:58'),
    ('GGRM.JK', '7745', '2025-04-12 07:37:07'),
    ('GGRM.JK', '9015', '2025-02-12 00:41:44'),
    ('GGRM.JK', '8757', '2025-03-31 20:37:53'),
    ('GGRM.JK', '5573', '2025-01-03 19:35:34'),
    ('GGRM.JK', '8014', '2025-02-17 21:29:30'),
    ('GGRM.JK', '5060', '2025-03-05 13:18:34'),
    ('GGRM.JK', '8114', '2025-04-23 12:30:43'),
    ('GGRM.JK', '4643', '2025-04-25 21:51:20'),
    ('GGRM.JK', '3440', '2025-04-22 09:38:21'),
    ('GGRM.JK', '1083', '2025-03-23 02:57:28'),
    ('GGRM.JK', '1724', '2025-01-08 18:41:13'),
    ('GGRM.JK', '8711', '2025-04-08 21:49:06'),
    ('GGRM.JK', '1550', '2025-03-24 15:53:41'),
    ('GGRM.JK', '9701', '2025-03-18 13:39:54'),
    ('GGRM.JK', '8852', '2025-01-20 00:42:33'),
    ('GGRM.JK', '8412', '2025-04-07 04:11:44'),
    ('GGRM.JK', '4940', '2025-01-17 03:14:04'),
    ('GGRM.JK', '1203', '2025-03-20 22:58:39'),
    ('GGRM.JK', '4571', '2025-01-26 18:28:57'),
    ('GGRM.JK', '6872', '2025-02-27 10:28:59'),
    ('GGRM.JK', '4916', '2025-05-06 18:13:19'),
    ('GGRM.JK', '2486', '2025-01-04 02:14:23'),
    ('GGRM.JK', '8860', '2025-05-10 21:55:54'),
    ('GGRM.JK', '5994', '2025-02-01 10:03:21'),
    ('GGRM.JK', '8524', '2025-04-21 18:10:01'),
    ('GGRM.JK', '1399', '2025-03-30 07:42:42'),
    ('GGRM.JK', '8598', '2025-01-27 22:02:03'),
    ('GGRM.JK', '7641', '2025-02-05 21:54:34'),
    ('GGRM.JK', '7068', '2025-05-02 17:09:02'),
    ('GGRM.JK', '8607', '2025-05-03 23:52:07'),
    ('GGRM.JK', '1022', '2025-05-02 19:27:11'),
    ('GGRM.JK', '2158', '2025-03-16 17:40:02'),
    ('GGRM.JK', '6454', '2025-04-14 02:16:05'),
    ('GGRM.JK', '1535', '2025-02-27 14:12:34'),
    ('GGRM.JK', '7977', '2025-02-22 09:18:34'),
    ('GGRM.JK', '9887', '2025-04-22 16:45:47'),
    ('GGRM.JK', '4393', '2025-05-13 22:46:15'),
    ('GGRM.JK', '2326', '2025-05-01 11:31:51'),
    ('GGRM.JK', '6500', '2025-01-11 15:26:27'),
    ('GGRM.JK', '9433', '2025-05-12 00:06:38'),
    ('GGRM.JK', '6963', '2025-01-11 00:17:56'),
    ('GGRM.JK', '2818', '2025-03-16 08:41:58'),
    ('GGRM.JK', '6989', '2025-04-01 08:42:05'),
    ('GGRM.JK', '1669', '2025-03-12 23:41:06'),
    ('GGRM.JK', '7003', '2025-02-04 00:48:19'),
    ('GGRM.JK', '2097', '2025-04-19 21:19:21'),
    ('GGRM.JK', '4354', '2025-01-27 21:01:04'),
    ('GGRM.JK', '6487', '2025-02-16 08:06:32'),
    ('GGRM.JK', '9841', '2025-01-23 01:13:01'),
    ('GGRM.JK', '8839', '2025-04-23 15:33:08'),
    ('GGRM.JK', '4437', '2025-02-13 18:36:49'),
    ('GGRM.JK', '6250', '2025-03-10 11:45:19'),
    ('GGRM.JK', '5380', '2025-04-08 18:47:15'),
    ('GGRM.JK', '7929', '2025-02-23 19:35:27'),
    ('GGRM.JK', '1892', '2025-01-13 07:19:18'),
    ('GGRM.JK', '7108', '2025-03-09 00:52:20'),
    ('GGRM.JK', '8412', '2025-04-05 09:58:53'),
    ('GGRM.JK', '9215', '2025-04-13 06:31:07'),
    ('GGRM.JK', '3010', '2025-04-02 07:07:20'),
    ('GGRM.JK', '9714', '2025-05-12 17:08:44'),
    ('GGRM.JK', '9730', '2025-02-26 18:03:02'),
    ('GGRM.JK', '8405', '2025-05-01 13:50:33'),
    ('GGRM.JK', '7031', '2025-05-11 17:50:08'),
    ('GGRM.JK', '2075', '2025-02-06 13:47:28'),
    ('GGRM.JK', '8501', '2025-01-17 22:53:17'),
    ('GGRM.JK', '2313', '2025-03-17 20:42:44'),
    ('GGRM.JK', '3929', '2025-02-25 23:54:50'),
    ('GGRM.JK', '2260', '2025-01-22 05:40:38'),
    ('GGRM.JK', '3699', '2025-02-23 13:59:10'),
    ('GGRM.JK', '2835', '2025-01-29 17:30:56'),
    ('GGRM.JK', '9131', '2025-01-30 05:22:18'),
    ('GGRM.JK', '4346', '2025-04-12 02:34:48'),
    ('GGRM.JK', '1371', '2025-02-26 22:16:07'),
    ('GGRM.JK', '7824', '2025-05-13 12:13:48'),
    ('GGRM.JK', '9870', '2025-01-26 15:17:31'),
    ('GGRM.JK', '8764', '2025-03-09 07:44:24'),
    ('GGRM.JK', '7883', '2025-03-28 04:32:15'),
    ('GGRM.JK', '1351', '2025-02-26 14:34:00'),
    ('GGRM.JK', '4097', '2025-01-13 05:21:57'),
    ('GGRM.JK', '1361', '2025-02-15 02:43:38'),
    ('GGRM.JK', '9513', '2025-05-06 04:23:21'),
    ('GGRM.JK', '6503', '2025-03-21 22:37:21'),
    ('GGRM.JK', '6616', '2025-05-08 08:03:55'),
    ('GGRM.JK', '6346', '2025-04-05 09:36:56'),
    ('GGRM.JK', '9686', '2025-04-17 12:02:58'),
    ('GGRM.JK', '8295', '2025-03-30 22:28:03'),
    ('GGRM.JK', '5982', '2025-04-21 03:35:03'),
    ('GGRM.JK', '3161', '2025-03-01 12:22:12'),
    ('GGRM.JK', '3813', '2025-02-20 11:43:21'),
    ('GGRM.JK', '4715', '2025-04-05 00:44:11'),
    ('GGRM.JK', '7093', '2025-02-25 22:51:32'),
    ('GGRM.JK', '1775', '2025-01-29 19:18:24'),
    ('GGRM.JK', '6785', '2025-02-25 05:18:58'),
    ('GGRM.JK', '8469', '2025-02-02 07:18:29'),
    ('GGRM.JK', '3634', '2025-04-14 22:45:23'),
    ('GGRM.JK', '5673', '2025-02-05 09:29:19'),
    ('GGRM.JK', '3873', '2025-05-10 09:26:37'),
    ('GGRM.JK', '3514', '2025-02-01 07:30:05'),
    ('GGRM.JK', '4897', '2025-01-23 16:52:27'),
    ('GGRM.JK', '1674', '2025-03-03 11:35:00'),
    ('GGRM.JK', '3072', '2025-03-27 14:41:23'),
    ('GGRM.JK', '5266', '2025-03-13 18:47:49'),
    ('GGRM.JK', '4022', '2025-02-09 20:05:35'),
    ('GGRM.JK', '1568', '2025-05-10 05:42:11'),
    ('GGRM.JK', '6192', '2025-03-08 18:26:35'),
    ('GGRM.JK', '3423', '2025-03-14 09:54:34'),
    ('GGRM.JK', '8347', '2025-04-15 19:57:38'),
    ('GGRM.JK', '3663', '2025-04-14 14:57:23'),
    ('GGRM.JK', '5940', '2025-01-24 14:11:04'),
    ('GGRM.JK', '1408', '2025-03-20 13:23:49'),
    ('GGRM.JK', '9182', '2025-01-29 05:32:16'),
    ('GGRM.JK', '8504', '2025-03-04 04:19:25'),
    ('GGRM.JK', '3556', '2025-01-01 20:00:46'),
    ('GGRM.JK', '9948', '2025-04-09 12:41:50'),
    ('GGRM.JK', '6427', '2025-05-06 16:22:31'),
    ('GGRM.JK', '5842', '2025-04-03 00:35:01'),
    ('GGRM.JK', '5748', '2025-04-22 09:45:51'),
    ('GGRM.JK', '3409', '2025-04-20 18:10:11'),
    ('GGRM.JK', '8243', '2025-03-07 18:23:01'),
    ('GGRM.JK', '2840', '2025-04-04 00:12:51'),
    ('GGRM.JK', '1656', '2025-01-28 01:45:34'),
    ('GGRM.JK', '2914', '2025-03-01 19:46:01'),
    ('GGRM.JK', '1406', '2025-03-19 23:43:51'),
    ('GGRM.JK', '4610', '2025-03-28 14:23:00'),
    ('GGRM.JK', '6855', '2025-01-18 22:59:35'),
    ('GGRM.JK', '6347', '2025-01-11 16:28:31'),
    ('GGRM.JK', '4197', '2025-04-24 06:59:15'),
    ('GGRM.JK', '9625', '2025-02-13 03:15:55'),
    ('GGRM.JK', '5553', '2025-02-08 00:06:04'),
    ('GGRM.JK', '1369', '2025-01-17 05:33:19'),
    ('GGRM.JK', '9821', '2025-03-28 11:59:06'),
    ('GGRM.JK', '2431', '2025-04-10 09:06:09'),
    ('GGRM.JK', '7462', '2025-02-07 18:12:10'),
    ('GGRM.JK', '9035', '2025-03-03 16:51:31'),
    ('GGRM.JK', '9381', '2025-01-11 21:12:02'),
    ('GGRM.JK', '6915', '2025-03-19 04:45:16'),
    ('GGRM.JK', '3423', '2025-03-25 00:56:56'),
    ('GGRM.JK', '7056', '2025-03-16 23:24:54'),
    ('GGRM.JK', '7108', '2025-01-03 08:48:47'),
    ('GGRM.JK', '5663', '2025-03-08 23:26:40'),
    ('GGRM.JK', '6756', '2025-03-01 19:46:54'),
    ('GGRM.JK', '8300', '2025-04-19 22:36:12'),
    ('GGRM.JK', '2435', '2025-02-11 21:12:44'),
    ('GGRM.JK', '8278', '2025-03-22 16:52:54'),
    ('GGRM.JK', '8249', '2025-02-26 01:07:55'),
    ('GGRM.JK', '3683', '2025-03-24 07:12:04'),
    ('GGRM.JK', '7786', '2025-01-28 02:25:57'),
    ('GGRM.JK', '2410', '2025-01-28 21:24:27'),
    ('GGRM.JK', '4404', '2025-02-28 21:09:34'),
    ('GGRM.JK', '8776', '2025-04-13 00:04:49'),
    ('GGRM.JK', '6495', '2025-01-13 20:07:18'),
    ('GGRM.JK', '7156', '2025-01-18 04:11:55'),
    ('GGRM.JK', '1108', '2025-03-21 12:13:29'),
    ('GGRM.JK', '5478', '2025-03-22 11:46:31'),
    ('GGRM.JK', '3865', '2025-04-18 22:16:48'),
    ('GGRM.JK', '8571', '2025-04-21 06:40:54'),
    ('GGRM.JK', '3243', '2025-02-08 16:36:27'),
    ('GGRM.JK', '4047', '2025-03-16 03:10:29'),
    ('GGRM.JK', '5742', '2025-04-18 13:12:25'),
    ('GGRM.JK', '9037', '2025-01-09 04:49:10'),
    ('GGRM.JK', '5947', '2025-04-24 15:16:05'),
    ('GGRM.JK', '5979', '2025-04-06 22:40:30'),
    ('GGRM.JK', '8593', '2025-02-13 14:20:24'),
    ('HMSP.JK', '1439', '2025-01-01 11:24:08'),
    ('HMSP.JK', '3523', '2025-02-21 00:09:49'),
    ('HMSP.JK', '5917', '2025-05-05 09:12:13'),
    ('HMSP.JK', '8742', '2025-01-25 02:42:23'),
    ('HMSP.JK', '5713', '2025-03-23 00:05:29'),
    ('HMSP.JK', '3938', '2025-04-06 12:21:26'),
    ('HMSP.JK', '5009', '2025-01-06 12:33:07'),
    ('HMSP.JK', '2955', '2025-02-23 19:55:30'),
    ('HMSP.JK', '9078', '2025-01-13 22:57:36'),
    ('HMSP.JK', '6927', '2025-04-23 19:57:45'),
    ('HMSP.JK', '8872', '2025-04-20 19:46:07'),
    ('HMSP.JK', '8144', '2025-02-20 01:57:17'),
    ('HMSP.JK', '8799', '2025-01-24 05:18:01'),
    ('HMSP.JK', '7114', '2025-04-10 12:32:37'),
    ('HMSP.JK', '1287', '2025-02-20 09:31:51'),
    ('HMSP.JK', '3668', '2025-04-23 22:42:23'),
    ('HMSP.JK', '1958', '2025-01-29 09:02:54'),
    ('HMSP.JK', '6237', '2025-03-31 12:37:14'),
    ('HMSP.JK', '3219', '2025-03-11 09:32:13'),
    ('HMSP.JK', '3675', '2025-01-11 06:28:38'),
    ('HMSP.JK', '5467', '2025-03-12 03:08:37'),
    ('HMSP.JK', '7873', '2025-05-04 13:07:35'),
    ('HMSP.JK', '6832', '2025-01-10 11:01:40'),
    ('HMSP.JK', '5749', '2025-02-26 15:15:11'),
    ('HMSP.JK', '9677', '2025-05-05 01:42:23'),
    ('HMSP.JK', '2258', '2025-04-10 18:47:29'),
    ('HMSP.JK', '4175', '2025-05-02 22:49:54'),
    ('HMSP.JK', '4002', '2025-01-19 08:26:32'),
    ('HMSP.JK', '3738', '2025-04-16 13:52:59'),
    ('HMSP.JK', '6285', '2025-03-03 09:38:50'),
    ('HMSP.JK', '5932', '2025-02-22 17:05:25'),
    ('HMSP.JK', '6939', '2025-01-19 14:36:57'),
    ('HMSP.JK', '9755', '2025-04-23 15:12:47'),
    ('HMSP.JK', '6761', '2025-01-28 21:46:19'),
    ('HMSP.JK', '1211', '2025-01-27 14:13:50'),
    ('HMSP.JK', '9489', '2025-02-24 15:30:06'),
    ('HMSP.JK', '7111', '2025-04-05 03:47:35'),
    ('HMSP.JK', '7750', '2025-03-08 01:58:26'),
    ('HMSP.JK', '3671', '2025-01-20 21:18:06'),
    ('HMSP.JK', '4569', '2025-01-31 00:16:41'),
    ('HMSP.JK', '9247', '2025-02-12 22:27:48'),
    ('HMSP.JK', '4087', '2025-04-19 11:31:19'),
    ('HMSP.JK', '9612', '2025-04-14 07:44:43'),
    ('HMSP.JK', '2867', '2025-03-23 00:58:28'),
    ('HMSP.JK', '8544', '2025-01-15 20:03:04'),
    ('HMSP.JK', '2909', '2025-01-26 11:35:10'),
    ('HMSP.JK', '1284', '2025-04-04 02:43:00'),
    ('HMSP.JK', '6705', '2025-03-02 12:02:15'),
    ('HMSP.JK', '6940', '2025-01-27 23:51:07'),
    ('HMSP.JK', '8240', '2025-04-27 01:14:40'),
    ('HMSP.JK', '9570', '2025-03-08 10:02:45'),
    ('HMSP.JK', '3821', '2025-03-01 03:55:53'),
    ('HMSP.JK', '1471', '2025-01-24 00:42:05'),
    ('HMSP.JK', '4643', '2025-01-25 23:51:10'),
    ('HMSP.JK', '3332', '2025-02-13 23:54:48'),
    ('HMSP.JK', '6036', '2025-01-25 08:08:46'),
    ('HMSP.JK', '4438', '2025-01-26 06:51:39'),
    ('HMSP.JK', '2287', '2025-03-24 11:44:06'),
    ('HMSP.JK', '2830', '2025-01-16 02:16:21'),
    ('HMSP.JK', '1308', '2025-04-05 00:47:28'),
    ('HMSP.JK', '8065', '2025-01-09 06:08:35'),
    ('HMSP.JK', '4217', '2025-01-21 22:27:55'),
    ('HMSP.JK', '1537', '2025-05-09 02:50:19'),
    ('HMSP.JK', '9412', '2025-04-26 04:24:04'),
    ('HMSP.JK', '1971', '2025-04-02 02:04:55'),
    ('HMSP.JK', '2948', '2025-02-19 03:07:24'),
    ('HMSP.JK', '1709', '2025-01-13 20:44:06'),
    ('HMSP.JK', '5942', '2025-05-10 15:10:41'),
    ('HMSP.JK', '1168', '2025-01-19 17:44:21'),
    ('HMSP.JK', '3028', '2025-04-27 20:33:13'),
    ('HMSP.JK', '4365', '2025-04-25 02:25:43'),
    ('HMSP.JK', '4277', '2025-02-05 21:08:44'),
    ('HMSP.JK', '6759', '2025-01-06 16:21:26'),
    ('HMSP.JK', '2487', '2025-01-29 06:20:40'),
    ('HMSP.JK', '5544', '2025-04-23 13:50:13'),
    ('HMSP.JK', '6698', '2025-03-10 09:23:10'),
    ('HMSP.JK', '3630', '2025-04-08 05:07:31'),
    ('HMSP.JK', '4962', '2025-04-09 01:02:51'),
    ('HMSP.JK', '2119', '2025-01-20 05:51:57'),
    ('HMSP.JK', '1229', '2025-04-13 16:34:01'),
    ('HMSP.JK', '4555', '2025-02-07 04:40:34'),
    ('HMSP.JK', '5617', '2025-02-03 08:31:20'),
    ('HMSP.JK', '9800', '2025-01-01 20:10:27'),
    ('HMSP.JK', '2616', '2025-02-11 13:23:02'),
    ('HMSP.JK', '9260', '2025-04-03 04:20:04'),
    ('HMSP.JK', '7004', '2025-04-25 10:42:45'),
    ('HMSP.JK', '4033', '2025-03-27 08:59:28'),
    ('HMSP.JK', '2758', '2025-02-05 02:48:54'),
    ('HMSP.JK', '6813', '2025-03-15 17:08:03'),
    ('HMSP.JK', '7948', '2025-02-11 14:35:21'),
    ('HMSP.JK', '9425', '2025-02-14 04:28:46'),
    ('HMSP.JK', '7677', '2025-01-22 21:53:52'),
    ('HMSP.JK', '6149', '2025-01-25 00:05:22'),
    ('HMSP.JK', '8633', '2025-01-22 10:06:38'),
    ('HMSP.JK', '9515', '2025-01-27 09:23:51'),
    ('HMSP.JK', '9123', '2025-03-12 03:32:56'),
    ('HMSP.JK', '5723', '2025-04-19 04:25:25'),
    ('HMSP.JK', '1665', '2025-01-16 23:18:11'),
    ('HMSP.JK', '6375', '2025-04-06 20:52:06'),
    ('HMSP.JK', '2895', '2025-03-16 17:12:35'),
    ('HMSP.JK', '5646', '2025-03-30 17:31:17'),
    ('HMSP.JK', '6111', '2025-03-28 04:59:03'),
    ('HMSP.JK', '4700', '2025-04-18 13:26:06'),
    ('HMSP.JK', '7672', '2025-02-26 10:14:39'),
    ('HMSP.JK', '8011', '2025-02-06 15:48:06'),
    ('HMSP.JK', '2140', '2025-04-03 08:48:52'),
    ('HMSP.JK', '7020', '2025-02-04 19:35:09'),
    ('HMSP.JK', '1209', '2025-05-11 21:48:29'),
    ('HMSP.JK', '9055', '2025-05-11 12:11:31'),
    ('HMSP.JK', '2723', '2025-03-18 23:13:01'),
    ('HMSP.JK', '8177', '2025-04-12 11:46:59'),
    ('HMSP.JK', '2392', '2025-01-24 03:35:43'),
    ('HMSP.JK', '3348', '2025-03-18 15:57:17'),
    ('HMSP.JK', '7563', '2025-04-25 16:11:46'),
    ('HMSP.JK', '2666', '2025-02-02 18:18:25'),
    ('HMSP.JK', '2060', '2025-03-12 15:00:41'),
    ('HMSP.JK', '4261', '2025-03-07 18:08:16'),
    ('HMSP.JK', '4281', '2025-04-26 12:43:06'),
    ('HMSP.JK', '7623', '2025-01-24 20:06:47'),
    ('HMSP.JK', '4815', '2025-03-24 11:15:54'),
    ('HMSP.JK', '9177', '2025-02-24 01:59:22'),
    ('HMSP.JK', '5472', '2025-05-06 00:28:14'),
    ('HMSP.JK', '7557', '2025-03-11 03:32:01'),
    ('HMSP.JK', '8795', '2025-05-10 10:56:24'),
    ('HMSP.JK', '7626', '2025-04-05 02:05:12'),
    ('HMSP.JK', '9379', '2025-02-24 03:43:28'),
    ('HMSP.JK', '3414', '2025-03-30 06:45:05'),
    ('HMSP.JK', '2770', '2025-01-24 17:26:49'),
    ('HMSP.JK', '5107', '2025-04-06 00:29:46'),
    ('HMSP.JK', '9147', '2025-02-14 19:42:27'),
    ('HMSP.JK', '3205', '2025-01-06 18:31:17'),
    ('HMSP.JK', '2631', '2025-01-11 06:18:36'),
    ('HMSP.JK', '2117', '2025-04-07 17:28:36'),
    ('HMSP.JK', '1438', '2025-02-04 18:38:47'),
    ('HMSP.JK', '7269', '2025-04-28 09:33:55'),
    ('HMSP.JK', '6356', '2025-01-30 15:48:15'),
    ('HMSP.JK', '5960', '2025-05-01 18:34:30'),
    ('HMSP.JK', '2578', '2025-01-15 20:35:46'),
    ('HMSP.JK', '9518', '2025-04-06 13:45:36'),
    ('HMSP.JK', '8635', '2025-02-09 05:04:12'),
    ('HMSP.JK', '5809', '2025-05-09 13:34:41'),
    ('HMSP.JK', '9157', '2025-04-06 04:43:56'),
    ('HMSP.JK', '9270', '2025-02-20 19:26:54'),
    ('HMSP.JK', '9887', '2025-03-08 17:21:53'),
    ('HMSP.JK', '9856', '2025-04-17 03:26:02'),
    ('HMSP.JK', '1289', '2025-01-07 03:15:35'),
    ('HMSP.JK', '8051', '2025-01-24 03:12:18'),
    ('HMSP.JK', '7285', '2025-03-29 09:41:25'),
    ('HMSP.JK', '6153', '2025-03-15 01:51:19'),
    ('HMSP.JK', '8250', '2025-03-31 06:09:12'),
    ('HMSP.JK', '1589', '2025-01-07 09:08:15'),
    ('HMSP.JK', '3897', '2025-04-19 02:15:14'),
    ('HMSP.JK', '5965', '2025-02-01 20:58:03'),
    ('HMSP.JK', '9052', '2025-03-25 15:07:10'),
    ('HMSP.JK', '3203', '2025-03-02 16:10:03'),
    ('HMSP.JK', '7374', '2025-04-05 15:42:16'),
    ('HMSP.JK', '2792', '2025-04-21 11:03:26'),
    ('HMSP.JK', '9037', '2025-05-09 04:11:21'),
    ('HMSP.JK', '9837', '2025-04-22 02:41:34'),
    ('HMSP.JK', '8697', '2025-04-03 09:54:22'),
    ('HMSP.JK', '3560', '2025-04-09 09:19:24'),
    ('HMSP.JK', '1913', '2025-03-17 23:59:07'),
    ('HMSP.JK', '5315', '2025-04-07 01:25:39'),
    ('HMSP.JK', '7189', '2025-04-30 19:08:50'),
    ('HMSP.JK', '6779', '2025-02-25 05:34:30'),
    ('HMSP.JK', '6250', '2025-01-12 22:15:23'),
    ('HMSP.JK', '1461', '2025-04-25 15:45:32'),
    ('HMSP.JK', '1739', '2025-01-25 21:26:46'),
    ('HMSP.JK', '7003', '2025-03-09 17:53:01'),
    ('HMSP.JK', '1440', '2025-05-02 09:25:26'),
    ('HMSP.JK', '6591', '2025-03-15 21:36:01'),
    ('HMSP.JK', '2594', '2025-03-25 03:18:54'),
    ('HMSP.JK', '6654', '2025-03-11 09:26:47'),
    ('HMSP.JK', '7749', '2025-03-10 05:02:00'),
    ('HMSP.JK', '1924', '2025-05-09 09:36:06'),
    ('HMSP.JK', '5001', '2025-02-18 01:57:52'),
    ('HMSP.JK', '4844', '2025-05-06 20:17:05'),
    ('HMSP.JK', '6113', '2025-04-26 01:23:51'),
    ('HMSP.JK', '2391', '2025-01-13 17:15:11'),
    ('HMSP.JK', '5995', '2025-01-23 05:28:29'),
    ('HMSP.JK', '6531', '2025-02-02 23:13:43'),
    ('HMSP.JK', '1322', '2025-04-15 13:12:15'),
    ('HMSP.JK', '6343', '2025-01-08 06:11:32'),
    ('HMSP.JK', '8551', '2025-05-08 17:25:12'),
    ('HMSP.JK', '7921', '2025-04-21 07:18:07'),
    ('HMSP.JK', '9433', '2025-03-23 18:48:24'),
    ('HMSP.JK', '5368', '2025-01-04 23:04:53'),
    ('HMSP.JK', '8695', '2025-04-25 04:13:42'),
    ('HMSP.JK', '1364', '2025-03-03 11:03:49'),
    ('HMSP.JK', '7188', '2025-04-21 18:02:24'),
    ('HMSP.JK', '7394', '2025-03-04 14:35:32'),
    ('HMSP.JK', '2601', '2025-04-05 19:54:58'),
    ('HMSP.JK', '2639', '2025-05-12 02:14:48'),
    ('HMSP.JK', '4373', '2025-03-07 05:43:18'),
    ('HMSP.JK', '9138', '2025-04-08 15:04:16'),
    ('HMSP.JK', '6563', '2025-02-02 08:32:20'),
    ('HMSP.JK', '5907', '2025-03-12 13:15:38'),
    ('HMSP.JK', '8143', '2025-02-09 04:15:48'),
    ('HMSP.JK', '9142', '2025-05-04 09:23:04'),
    ('HMSP.JK', '2234', '2025-04-15 01:10:03'),
    ('HMSP.JK', '4507', '2025-02-25 19:10:26'),
    ('HMSP.JK', '5344', '2025-01-10 05:30:43'),
    ('HMSP.JK', '5871', '2025-04-22 08:48:00'),
    ('HMSP.JK', '7586', '2025-02-13 20:42:17'),
    ('HMSP.JK', '2506', '2025-04-23 06:34:33'),
    ('HMSP.JK', '2552', '2025-04-25 22:17:21'),
    ('HMSP.JK', '6518', '2025-02-23 01:58:22'),
    ('HMSP.JK', '2102', '2025-04-20 23:44:49'),
    ('HMSP.JK', '9700', '2025-04-03 06:54:40'),
    ('HMSP.JK', '7997', '2025-02-10 17:27:19'),
    ('HMSP.JK', '6690', '2025-01-15 21:16:08'),
    ('HMSP.JK', '5945', '2025-04-08 23:47:26'),
    ('HMSP.JK', '5913', '2025-03-26 01:30:32'),
    ('HMSP.JK', '9846', '2025-03-02 20:19:50'),
    ('HMSP.JK', '4278', '2025-03-22 10:50:39'),
    ('HMSP.JK', '7591', '2025-02-18 18:58:43'),
    ('HMSP.JK', '9443', '2025-03-30 00:11:54'),
    ('HMSP.JK', '9971', '2025-02-05 01:39:39'),
    ('HMSP.JK', '1304', '2025-05-02 21:57:53'),
    ('HMSP.JK', '9457', '2025-02-06 05:20:04'),
    ('HMSP.JK', '9178', '2025-02-11 08:25:55'),
    ('HMSP.JK', '8656', '2025-02-22 00:40:19'),
    ('HMSP.JK', '9728', '2025-04-30 07:24:55'),
    ('HMSP.JK', '8106', '2025-04-20 22:17:37'),
    ('HMSP.JK', '1981', '2025-04-12 09:57:09'),
    ('HMSP.JK', '4287', '2025-03-12 17:38:34'),
    ('HMSP.JK', '8577', '2025-01-29 16:32:07'),
    ('HMSP.JK', '4938', '2025-01-30 05:15:12'),
    ('HMSP.JK', '5919', '2025-03-26 13:03:31'),
    ('HMSP.JK', '7721', '2025-03-03 21:01:53'),
    ('HMSP.JK', '2055', '2025-05-04 02:18:58'),
    ('HMSP.JK', '4335', '2025-03-22 02:06:07'),
    ('HMSP.JK', '5373', '2025-02-25 17:43:29'),
    ('HMSP.JK', '3631', '2025-02-19 19:07:40'),
    ('HMSP.JK', '4868', '2025-03-20 19:28:20'),
    ('HMSP.JK', '4907', '2025-01-23 01:13:16'),
    ('HMSP.JK', '3456', '2025-02-07 06:23:36'),
    ('HMSP.JK', '1453', '2025-02-17 16:30:59'),
    ('ITMG.JK', '6087', '2025-04-01 03:08:27'),
    ('ITMG.JK', '8952', '2025-04-19 16:58:25'),
    ('ITMG.JK', '8145', '2025-03-23 22:45:06'),
    ('ITMG.JK', '1606', '2025-02-09 05:20:38'),
    ('ITMG.JK', '3610', '2025-02-22 22:55:47'),
    ('ITMG.JK', '3235', '2025-01-06 15:48:39'),
    ('ITMG.JK', '5233', '2025-02-23 22:30:40'),
    ('ITMG.JK', '3883', '2025-05-06 02:37:36'),
    ('ITMG.JK', '1691', '2025-04-05 08:11:15'),
    ('ITMG.JK', '1326', '2025-01-11 17:50:37'),
    ('ITMG.JK', '2375', '2025-03-02 22:54:08'),
    ('ITMG.JK', '5882', '2025-01-13 08:18:43'),
    ('ITMG.JK', '7668', '2025-03-12 13:43:34'),
    ('ITMG.JK', '2479', '2025-03-19 01:39:53'),
    ('ITMG.JK', '3302', '2025-02-15 20:01:53'),
    ('ITMG.JK', '2833', '2025-04-21 20:55:43'),
    ('ITMG.JK', '9196', '2025-01-24 10:14:07'),
    ('ITMG.JK', '9551', '2025-05-09 23:28:34'),
    ('ITMG.JK', '9605', '2025-02-18 21:30:38'),
    ('ITMG.JK', '9133', '2025-01-18 12:35:23'),
    ('ITMG.JK', '4900', '2025-04-27 11:22:11'),
    ('ITMG.JK', '3003', '2025-03-02 20:35:52'),
    ('ITMG.JK', '6395', '2025-04-24 11:09:27'),
    ('ITMG.JK', '7388', '2025-02-15 19:33:04'),
    ('ITMG.JK', '7928', '2025-02-12 07:59:33'),
    ('ITMG.JK', '3363', '2025-01-21 17:47:21'),
    ('ITMG.JK', '3869', '2025-02-11 13:49:06'),
    ('ITMG.JK', '5498', '2025-03-27 08:06:13'),
    ('ITMG.JK', '7690', '2025-02-19 09:09:05'),
    ('ITMG.JK', '1916', '2025-04-06 05:14:11'),
    ('ITMG.JK', '9740', '2025-03-14 18:15:06'),
    ('ITMG.JK', '2850', '2025-03-03 10:57:00'),
    ('ITMG.JK', '9941', '2025-03-24 06:57:50'),
    ('ITMG.JK', '8780', '2025-05-13 13:47:30'),
    ('ITMG.JK', '5036', '2025-02-23 22:19:59'),
    ('ITMG.JK', '3374', '2025-03-12 11:41:36'),
    ('ITMG.JK', '8786', '2025-03-13 09:47:21'),
    ('ITMG.JK', '6049', '2025-01-05 02:12:46'),
    ('ITMG.JK', '1570', '2025-05-09 14:11:05'),
    ('ITMG.JK', '1895', '2025-05-11 09:52:34'),
    ('ITMG.JK', '4926', '2025-02-19 02:59:08'),
    ('ITMG.JK', '7302', '2025-03-02 01:17:44'),
    ('ITMG.JK', '6945', '2025-01-24 16:48:42'),
    ('ITMG.JK', '9763', '2025-02-15 21:37:10'),
    ('ITMG.JK', '8248', '2025-03-17 10:24:22'),
    ('ITMG.JK', '1128', '2025-03-18 07:23:55'),
    ('ITMG.JK', '5186', '2025-02-28 10:14:25'),
    ('ITMG.JK', '2478', '2025-02-15 17:19:30'),
    ('ITMG.JK', '5872', '2025-02-10 20:28:19'),
    ('ITMG.JK', '3625', '2025-03-27 05:10:11'),
    ('ITMG.JK', '6196', '2025-05-06 03:15:32'),
    ('ITMG.JK', '7656', '2025-01-07 13:54:00'),
    ('ITMG.JK', '5489', '2025-01-16 13:16:03'),
    ('ITMG.JK', '9055', '2025-04-02 11:26:40'),
    ('ITMG.JK', '7765', '2025-03-06 14:35:52'),
    ('ITMG.JK', '7920', '2025-01-20 11:52:38'),
    ('ITMG.JK', '3627', '2025-02-20 16:12:31'),
    ('ITMG.JK', '9295', '2025-01-13 21:17:37'),
    ('ITMG.JK', '6764', '2025-03-23 17:23:55'),
    ('ITMG.JK', '9973', '2025-03-05 10:51:03'),
    ('ITMG.JK', '8426', '2025-01-06 07:27:51'),
    ('ITMG.JK', '1853', '2025-05-05 13:00:49'),
    ('ITMG.JK', '4010', '2025-05-03 08:44:29'),
    ('ITMG.JK', '8264', '2025-05-05 11:44:13'),
    ('ITMG.JK', '3229', '2025-01-01 14:20:03'),
    ('ITMG.JK', '7564', '2025-02-08 20:25:06'),
    ('ITMG.JK', '6006', '2025-03-02 22:02:58'),
    ('ITMG.JK', '2347', '2025-01-22 12:29:48'),
    ('ITMG.JK', '3585', '2025-02-18 11:14:12'),
    ('ITMG.JK', '9460', '2025-05-07 01:24:02'),
    ('ITMG.JK', '3131', '2025-04-26 08:18:56'),
    ('ITMG.JK', '7722', '2025-03-04 00:30:28'),
    ('ITMG.JK', '8397', '2025-04-03 21:20:40'),
    ('ITMG.JK', '3187', '2025-02-20 14:51:22'),
    ('ITMG.JK', '3842', '2025-04-26 03:40:31'),
    ('ITMG.JK', '6367', '2025-02-24 17:16:14'),
    ('ITMG.JK', '4254', '2025-01-17 09:19:39'),
    ('ITMG.JK', '7791', '2025-03-13 09:08:17'),
    ('ITMG.JK', '3980', '2025-03-18 09:48:56'),
    ('ITMG.JK', '7182', '2025-04-21 18:12:45'),
    ('ITMG.JK', '4677', '2025-01-05 00:37:49'),
    ('ITMG.JK', '1376', '2025-04-19 10:56:18'),
    ('ITMG.JK', '4747', '2025-01-18 06:39:39'),
    ('ITMG.JK', '8576', '2025-02-08 11:59:14'),
    ('ITMG.JK', '5289', '2025-02-02 18:27:35'),
    ('ITMG.JK', '1815', '2025-03-19 20:57:29'),
    ('ITMG.JK', '8027', '2025-04-27 14:01:58'),
    ('ITMG.JK', '5262', '2025-01-29 23:33:39'),
    ('ITMG.JK', '2459', '2025-03-13 10:37:55'),
    ('ITMG.JK', '3787', '2025-04-21 03:32:36'),
    ('ITMG.JK', '2922', '2025-01-03 17:46:48'),
    ('ITMG.JK', '9615', '2025-03-26 11:59:12'),
    ('ITMG.JK', '8433', '2025-05-11 19:15:01'),
    ('ITMG.JK', '9096', '2025-01-24 00:18:27'),
    ('ITMG.JK', '4677', '2025-02-09 10:43:33'),
    ('ITMG.JK', '4121', '2025-02-21 16:35:42'),
    ('ITMG.JK', '5717', '2025-04-06 22:59:25'),
    ('ITMG.JK', '7259', '2025-01-26 06:46:22'),
    ('ITMG.JK', '8066', '2025-02-10 02:51:12'),
    ('ITMG.JK', '4531', '2025-02-24 22:43:22'),
    ('ITMG.JK', '4102', '2025-03-23 05:33:49'),
    ('ITMG.JK', '3955', '2025-03-21 07:51:37'),
    ('ITMG.JK', '3391', '2025-01-06 14:05:32'),
    ('ITMG.JK', '5754', '2025-02-20 20:04:26'),
    ('ITMG.JK', '4858', '2025-04-30 22:35:54'),
    ('ITMG.JK', '8388', '2025-02-18 05:14:44'),
    ('ITMG.JK', '7056', '2025-04-24 04:31:30'),
    ('ITMG.JK', '8506', '2025-01-17 15:34:16'),
    ('ITMG.JK', '1169', '2025-04-02 01:08:48'),
    ('ITMG.JK', '3182', '2025-03-04 18:26:07'),
    ('ITMG.JK', '7513', '2025-02-11 05:00:21'),
    ('ITMG.JK', '7283', '2025-03-24 04:40:43'),
    ('ITMG.JK', '5198', '2025-01-15 04:27:49'),
    ('ITMG.JK', '2561', '2025-04-19 03:48:28'),
    ('ITMG.JK', '1962', '2025-01-11 02:51:44'),
    ('ITMG.JK', '6453', '2025-02-15 14:26:25'),
    ('ITMG.JK', '8715', '2025-03-10 19:09:55'),
    ('ITMG.JK', '1745', '2025-01-02 00:59:02'),
    ('ITMG.JK', '5155', '2025-04-08 23:20:10'),
    ('ITMG.JK', '7241', '2025-02-28 17:47:11'),
    ('ITMG.JK', '7466', '2025-05-11 08:18:27'),
    ('ITMG.JK', '7076', '2025-01-26 16:16:29'),
    ('ITMG.JK', '1673', '2025-04-23 17:15:54'),
    ('ITMG.JK', '3938', '2025-02-20 13:02:49'),
    ('ITMG.JK', '3783', '2025-04-08 19:37:47'),
    ('ITMG.JK', '9074', '2025-03-07 20:40:41'),
    ('ITMG.JK', '8669', '2025-01-26 14:47:22'),
    ('ITMG.JK', '2468', '2025-03-03 14:48:22'),
    ('ITMG.JK', '9690', '2025-03-26 01:35:54'),
    ('ITMG.JK', '3323', '2025-02-20 13:34:47'),
    ('ITMG.JK', '2914', '2025-03-02 19:56:31'),
    ('ITMG.JK', '1723', '2025-01-25 19:55:27'),
    ('ITMG.JK', '9179', '2025-02-24 13:33:28'),
    ('ITMG.JK', '6907', '2025-03-25 12:20:46'),
    ('ITMG.JK', '5635', '2025-02-21 02:40:38'),
    ('ITMG.JK', '5321', '2025-04-11 09:16:02'),
    ('ITMG.JK', '6128', '2025-03-26 14:51:37'),
    ('ITMG.JK', '3703', '2025-03-03 06:32:11'),
    ('ITMG.JK', '9049', '2025-01-30 08:56:41'),
    ('ITMG.JK', '8208', '2025-01-11 08:02:00'),
    ('ITMG.JK', '4095', '2025-01-29 20:37:23'),
    ('ITMG.JK', '1894', '2025-02-14 15:13:40'),
    ('ITMG.JK', '4000', '2025-01-07 23:07:48'),
    ('ITMG.JK', '8704', '2025-02-20 12:43:53'),
    ('ITMG.JK', '3679', '2025-04-01 16:59:48'),
    ('ITMG.JK', '8150', '2025-01-23 12:42:40'),
    ('ITMG.JK', '9108', '2025-01-08 22:06:11'),
    ('ITMG.JK', '8233', '2025-03-11 05:30:14'),
    ('ITMG.JK', '8949', '2025-03-30 21:18:53'),
    ('ITMG.JK', '9077', '2025-01-22 20:14:43'),
    ('ITMG.JK', '3425', '2025-01-25 00:16:13'),
    ('ITMG.JK', '6727', '2025-01-19 04:06:16'),
    ('ITMG.JK', '4337', '2025-02-25 04:04:43'),
    ('ITMG.JK', '3959', '2025-02-02 16:18:41'),
    ('ITMG.JK', '9335', '2025-02-22 23:18:02'),
    ('ITMG.JK', '4479', '2025-04-24 07:31:40'),
    ('ITMG.JK', '1067', '2025-04-13 03:24:34'),
    ('ITMG.JK', '3958', '2025-03-22 20:39:11'),
    ('ITMG.JK', '2258', '2025-02-17 19:10:36'),
    ('ITMG.JK', '9161', '2025-05-12 10:37:20'),
    ('ITMG.JK', '2545', '2025-03-05 19:39:22'),
    ('ITMG.JK', '1425', '2025-02-25 04:50:47'),
    ('ITMG.JK', '2998', '2025-03-18 12:57:51'),
    ('ITMG.JK', '7120', '2025-04-25 15:10:36'),
    ('ITMG.JK', '2737', '2025-03-04 19:47:52'),
    ('ITMG.JK', '3519', '2025-01-06 14:33:53'),
    ('ITMG.JK', '2328', '2025-03-31 08:50:31'),
    ('ITMG.JK', '8861', '2025-03-30 04:03:07'),
    ('ITMG.JK', '5412', '2025-04-26 09:11:33'),
    ('ITMG.JK', '1095', '2025-03-05 23:14:26'),
    ('ITMG.JK', '1718', '2025-05-08 09:59:12'),
    ('ITMG.JK', '8423', '2025-03-05 02:12:56'),
    ('ITMG.JK', '3118', '2025-02-11 01:02:27'),
    ('ITMG.JK', '1797', '2025-05-05 23:35:54'),
    ('ITMG.JK', '5635', '2025-03-04 18:05:07'),
    ('ITMG.JK', '1909', '2025-01-14 17:35:53'),
    ('ITMG.JK', '9964', '2025-04-27 22:52:55'),
    ('ITMG.JK', '7248', '2025-01-18 23:19:08'),
    ('ITMG.JK', '7534', '2025-02-19 13:08:59'),
    ('ITMG.JK', '3916', '2025-02-16 14:51:16'),
    ('ITMG.JK', '7535', '2025-01-18 07:38:51'),
    ('ITMG.JK', '1336', '2025-02-10 10:23:17'),
    ('ITMG.JK', '3669', '2025-03-17 10:33:17'),
    ('ITMG.JK', '7592', '2025-02-25 07:53:50'),
    ('ITMG.JK', '3525', '2025-01-24 10:02:45'),
    ('ITMG.JK', '5891', '2025-04-06 07:30:14'),
    ('ITMG.JK', '8083', '2025-03-02 05:10:36'),
    ('ITMG.JK', '3151', '2025-03-11 17:16:03'),
    ('ITMG.JK', '2574', '2025-03-13 08:28:22'),
    ('ITMG.JK', '9399', '2025-02-08 19:28:03'),
    ('ITMG.JK', '9021', '2025-03-28 11:54:43'),
    ('ITMG.JK', '7358', '2025-04-03 12:22:11'),
    ('ITMG.JK', '5398', '2025-04-20 08:02:10'),
    ('ITMG.JK', '7931', '2025-01-18 12:27:59'),
    ('ITMG.JK', '7922', '2025-03-13 12:06:15'),
    ('ITMG.JK', '4053', '2025-03-26 07:04:48'),
    ('ITMG.JK', '7979', '2025-01-19 01:09:59'),
    ('ITMG.JK', '1662', '2025-04-10 16:20:40'),
    ('ITMG.JK', '6599', '2025-04-01 00:10:56'),
    ('ITMG.JK', '4673', '2025-05-06 18:05:03'),
    ('ITMG.JK', '3540', '2025-04-07 04:22:08'),
    ('ITMG.JK', '9638', '2025-05-03 05:57:37'),
    ('ITMG.JK', '9596', '2025-01-17 07:19:44'),
    ('ITMG.JK', '5762', '2025-04-01 22:03:34'),
    ('ITMG.JK', '8165', '2025-01-16 09:01:12'),
    ('ITMG.JK', '8825', '2025-02-28 07:56:02'),
    ('ITMG.JK', '3434', '2025-01-25 19:32:36'),
    ('ITMG.JK', '5921', '2025-02-18 06:48:33'),
    ('ITMG.JK', '9570', '2025-03-25 01:22:28'),
    ('ITMG.JK', '5841', '2025-04-21 09:34:06'),
    ('ITMG.JK', '1781', '2025-04-17 23:49:10'),
    ('ITMG.JK', '2253', '2025-01-09 18:09:26'),
    ('ITMG.JK', '9411', '2025-01-21 21:36:08'),
    ('ITMG.JK', '9366', '2025-03-24 12:14:25'),
    ('ITMG.JK', '7766', '2025-01-19 08:19:44'),
    ('ITMG.JK', '8612', '2025-05-09 07:48:31'),
    ('ITMG.JK', '5151', '2025-03-11 00:33:09'),
    ('ITMG.JK', '5175', '2025-04-24 16:56:38'),
    ('ITMG.JK', '2339', '2025-04-08 18:13:18'),
    ('ITMG.JK', '1266', '2025-01-23 02:58:40'),
    ('ITMG.JK', '8583', '2025-02-04 20:46:25'),
    ('ITMG.JK', '3985', '2025-03-18 07:18:50'),
    ('ITMG.JK', '1741', '2025-01-17 04:09:43'),
    ('ITMG.JK', '7819', '2025-02-27 19:08:16'),
    ('ITMG.JK', '6143', '2025-04-25 00:35:21'),
    ('ITMG.JK', '8454', '2025-05-11 03:38:14'),
    ('ITMG.JK', '8371', '2025-05-02 03:10:01'),
    ('ITMG.JK', '5342', '2025-03-08 06:44:00'),
    ('ITMG.JK', '4066', '2025-02-10 23:38:59'),
    ('ITMG.JK', '4032', '2025-01-16 04:32:02'),
    ('ITMG.JK', '5248', '2025-05-11 18:18:44'),
    ('ITMG.JK', '2742', '2025-03-26 05:38:58'),
    ('ITMG.JK', '9755', '2025-01-04 11:29:27'),
    ('ITMG.JK', '1095', '2025-03-18 16:31:30'),
    ('ITMG.JK', '2911', '2025-01-03 14:00:14'),
    ('ITMG.JK', '3813', '2025-05-08 08:15:14'),
    ('ITMG.JK', '8817', '2025-03-31 08:30:54'),
    ('ITMG.JK', '7637', '2025-05-08 17:11:01'),
    ('JPFA.JK', '8974', '2025-02-28 19:09:00'),
    ('JPFA.JK', '6910', '2025-05-11 20:09:00'),
    ('JPFA.JK', '7471', '2025-02-28 18:28:56'),
    ('JPFA.JK', '2435', '2025-01-25 06:57:33'),
    ('JPFA.JK', '3213', '2025-01-03 16:39:59'),
    ('JPFA.JK', '4126', '2025-01-22 17:33:00'),
    ('JPFA.JK', '1260', '2025-02-06 13:10:26'),
    ('JPFA.JK', '1439', '2025-02-10 15:04:48'),
    ('JPFA.JK', '8882', '2025-05-06 22:48:11'),
    ('JPFA.JK', '3378', '2025-05-07 04:00:25'),
    ('JPFA.JK', '4961', '2025-03-26 14:55:17'),
    ('JPFA.JK', '9824', '2025-02-07 01:43:33'),
    ('JPFA.JK', '2410', '2025-02-28 10:22:44'),
    ('JPFA.JK', '8592', '2025-01-29 18:30:07'),
    ('JPFA.JK', '8765', '2025-03-23 22:05:58'),
    ('JPFA.JK', '1357', '2025-01-23 14:44:14'),
    ('JPFA.JK', '3721', '2025-01-30 14:20:20'),
    ('JPFA.JK', '8295', '2025-04-05 04:28:55'),
    ('JPFA.JK', '8724', '2025-01-04 19:28:19'),
    ('JPFA.JK', '8364', '2025-04-24 15:21:07'),
    ('JPFA.JK', '4975', '2025-02-09 02:18:18'),
    ('JPFA.JK', '5830', '2025-04-21 13:44:17'),
    ('JPFA.JK', '7418', '2025-01-10 21:18:52'),
    ('JPFA.JK', '6469', '2025-01-02 12:41:48'),
    ('JPFA.JK', '2682', '2025-05-03 09:55:22'),
    ('JPFA.JK', '8074', '2025-03-22 17:14:12'),
    ('JPFA.JK', '9121', '2025-04-23 08:45:25'),
    ('JPFA.JK', '5764', '2025-01-08 04:30:45'),
    ('JPFA.JK', '8987', '2025-03-19 14:38:43'),
    ('JPFA.JK', '8964', '2025-04-10 16:24:39'),
    ('JPFA.JK', '8993', '2025-02-15 00:45:33'),
    ('JPFA.JK', '1994', '2025-04-13 14:05:51'),
    ('JPFA.JK', '1311', '2025-03-23 22:41:01'),
    ('JPFA.JK', '6174', '2025-04-18 10:21:30'),
    ('JPFA.JK', '2040', '2025-02-22 00:15:58'),
    ('JPFA.JK', '7834', '2025-04-02 21:54:53'),
    ('JPFA.JK', '2915', '2025-04-07 01:52:58'),
    ('JPFA.JK', '6681', '2025-03-29 01:20:51'),
    ('JPFA.JK', '8147', '2025-01-05 00:58:02'),
    ('JPFA.JK', '3643', '2025-02-25 22:13:39'),
    ('JPFA.JK', '4149', '2025-04-02 02:49:08'),
    ('JPFA.JK', '6633', '2025-03-27 01:44:37'),
    ('JPFA.JK', '4802', '2025-04-09 13:45:17'),
    ('JPFA.JK', '4599', '2025-04-25 02:41:17'),
    ('JPFA.JK', '6556', '2025-04-27 21:59:23'),
    ('JPFA.JK', '8675', '2025-01-26 11:14:35'),
    ('JPFA.JK', '5806', '2025-03-17 19:15:42'),
    ('JPFA.JK', '7829', '2025-05-11 16:54:26'),
    ('JPFA.JK', '6902', '2025-04-02 17:11:35'),
    ('JPFA.JK', '3654', '2025-05-01 17:59:43'),
    ('JPFA.JK', '4394', '2025-02-24 20:20:45'),
    ('JPFA.JK', '2412', '2025-05-10 12:42:30'),
    ('JPFA.JK', '8911', '2025-01-26 01:38:00'),
    ('JPFA.JK', '3839', '2025-02-08 17:39:49'),
    ('JPFA.JK', '3561', '2025-04-28 14:59:41'),
    ('JPFA.JK', '9063', '2025-01-20 14:14:43'),
    ('JPFA.JK', '7815', '2025-04-06 20:55:32'),
    ('JPFA.JK', '5975', '2025-02-15 13:52:09'),
    ('JPFA.JK', '4431', '2025-04-19 03:01:05'),
    ('JPFA.JK', '1770', '2025-01-04 12:29:40'),
    ('JPFA.JK', '6878', '2025-02-20 15:27:12'),
    ('JPFA.JK', '6849', '2025-05-12 10:42:44'),
    ('JPFA.JK', '3598', '2025-02-03 22:13:47'),
    ('JPFA.JK', '9248', '2025-01-07 04:59:27'),
    ('JPFA.JK', '2043', '2025-03-07 13:57:28'),
    ('JPFA.JK', '8055', '2025-01-23 03:08:07'),
    ('JPFA.JK', '4714', '2025-01-24 10:26:49'),
    ('JPFA.JK', '4671', '2025-04-05 10:37:35'),
    ('JPFA.JK', '5224', '2025-03-08 02:01:32'),
    ('JPFA.JK', '6820', '2025-01-10 01:31:39'),
    ('JPFA.JK', '5382', '2025-01-30 08:32:32'),
    ('JPFA.JK', '9444', '2025-04-28 08:11:35'),
    ('JPFA.JK', '2706', '2025-01-10 18:59:01'),
    ('JPFA.JK', '8173', '2025-03-30 18:24:23'),
    ('JPFA.JK', '2817', '2025-01-21 13:29:30'),
    ('JPFA.JK', '2669', '2025-04-20 05:18:48'),
    ('JPFA.JK', '1687', '2025-04-09 12:12:57'),
    ('JPFA.JK', '2727', '2025-02-02 10:29:31'),
    ('JPFA.JK', '2934', '2025-02-09 21:10:09'),
    ('JPFA.JK', '6925', '2025-01-31 11:49:28'),
    ('JPFA.JK', '5786', '2025-03-27 17:37:21'),
    ('JPFA.JK', '9288', '2025-04-07 18:40:13'),
    ('JPFA.JK', '2626', '2025-01-30 23:04:12'),
    ('JPFA.JK', '6959', '2025-03-06 23:23:02'),
    ('JPFA.JK', '3257', '2025-01-24 21:08:40'),
    ('JPFA.JK', '4307', '2025-03-27 06:23:37'),
    ('JPFA.JK', '7811', '2025-01-02 06:42:01'),
    ('JPFA.JK', '5019', '2025-04-02 23:25:52'),
    ('JPFA.JK', '6592', '2025-02-25 16:23:25'),
    ('JPFA.JK', '9274', '2025-02-03 06:08:16'),
    ('JPFA.JK', '2396', '2025-02-21 15:43:21'),
    ('JPFA.JK', '7101', '2025-03-22 14:04:49'),
    ('JPFA.JK', '6908', '2025-05-03 05:24:17'),
    ('JPFA.JK', '5021', '2025-01-30 10:33:34'),
    ('JPFA.JK', '9677', '2025-03-23 21:22:04'),
    ('JPFA.JK', '4738', '2025-01-27 19:06:00'),
    ('JPFA.JK', '8025', '2025-03-22 06:37:39'),
    ('JPFA.JK', '7706', '2025-03-31 01:56:39'),
    ('JPFA.JK', '9456', '2025-05-13 11:16:33'),
    ('JPFA.JK', '6927', '2025-01-06 18:42:19'),
    ('JPFA.JK', '8251', '2025-01-29 06:28:19'),
    ('JPFA.JK', '1162', '2025-04-11 11:01:10'),
    ('JPFA.JK', '2140', '2025-01-17 11:05:42'),
    ('JPFA.JK', '6542', '2025-03-03 03:05:44'),
    ('JPFA.JK', '7580', '2025-02-01 21:48:30'),
    ('JPFA.JK', '8111', '2025-01-12 22:27:47'),
    ('JPFA.JK', '7443', '2025-01-08 04:52:09'),
    ('JPFA.JK', '3473', '2025-04-22 13:37:51'),
    ('JPFA.JK', '1947', '2025-05-03 15:30:16'),
    ('JPFA.JK', '9516', '2025-02-27 10:10:32'),
    ('JPFA.JK', '7869', '2025-03-20 01:28:08'),
    ('JPFA.JK', '5986', '2025-03-02 21:55:32'),
    ('JPFA.JK', '6638', '2025-01-02 12:49:37'),
    ('JPFA.JK', '5583', '2025-04-13 11:41:15'),
    ('JPFA.JK', '3406', '2025-03-20 10:29:16'),
    ('JPFA.JK', '8310', '2025-05-06 00:41:42'),
    ('JPFA.JK', '4360', '2025-04-16 17:12:20'),
    ('JPFA.JK', '8244', '2025-03-09 00:59:04'),
    ('JPFA.JK', '7627', '2025-02-08 07:27:53'),
    ('JPFA.JK', '5940', '2025-01-17 08:46:39'),
    ('JPFA.JK', '1605', '2025-04-15 08:37:17'),
    ('JPFA.JK', '6480', '2025-03-17 17:30:05'),
    ('JPFA.JK', '3064', '2025-04-12 01:33:52'),
    ('JPFA.JK', '9860', '2025-02-25 03:11:59'),
    ('JPFA.JK', '4501', '2025-01-19 00:34:13'),
    ('JPFA.JK', '9383', '2025-04-18 03:30:30'),
    ('JPFA.JK', '6115', '2025-04-12 05:36:04'),
    ('JPFA.JK', '6582', '2025-05-04 10:30:33'),
    ('JPFA.JK', '3621', '2025-01-05 13:09:11'),
    ('JPFA.JK', '1456', '2025-04-15 20:16:06'),
    ('JPFA.JK', '5238', '2025-02-16 20:43:29'),
    ('JPFA.JK', '5979', '2025-03-24 02:08:18'),
    ('JPFA.JK', '9278', '2025-01-22 10:41:47'),
    ('JPFA.JK', '1982', '2025-03-14 10:12:27'),
    ('JPFA.JK', '5255', '2025-05-02 17:58:58'),
    ('JPFA.JK', '9314', '2025-03-10 19:57:55'),
    ('JPFA.JK', '3028', '2025-01-10 06:27:04'),
    ('JPFA.JK', '3043', '2025-03-29 03:15:55'),
    ('JPFA.JK', '5881', '2025-04-22 03:44:30'),
    ('JPFA.JK', '1085', '2025-03-29 23:49:07'),
    ('JPFA.JK', '6553', '2025-02-15 20:17:35'),
    ('JPFA.JK', '9737', '2025-04-26 15:27:32'),
    ('JPFA.JK', '4831', '2025-03-10 00:41:21'),
    ('JPFA.JK', '5902', '2025-02-25 06:01:53'),
    ('JPFA.JK', '3293', '2025-03-15 08:02:59'),
    ('JPFA.JK', '9514', '2025-02-18 02:03:17'),
    ('JPFA.JK', '2724', '2025-03-05 15:52:39'),
    ('JPFA.JK', '9461', '2025-04-24 02:02:11'),
    ('JPFA.JK', '4154', '2025-03-12 03:37:43'),
    ('JPFA.JK', '8443', '2025-01-20 00:39:23'),
    ('JPFA.JK', '3401', '2025-03-24 15:52:08'),
    ('JPFA.JK', '7751', '2025-01-16 21:54:05'),
    ('JPFA.JK', '2511', '2025-01-13 01:50:36'),
    ('JPFA.JK', '7961', '2025-01-26 06:08:20'),
    ('JPFA.JK', '8802', '2025-02-11 16:58:04'),
    ('JPFA.JK', '8309', '2025-01-16 03:50:42'),
    ('JPFA.JK', '7050', '2025-05-12 10:13:16'),
    ('JPFA.JK', '9622', '2025-03-20 04:58:05'),
    ('JPFA.JK', '9502', '2025-03-18 15:49:10'),
    ('JPFA.JK', '5320', '2025-04-24 11:03:10'),
    ('JPFA.JK', '9172', '2025-05-04 14:07:26'),
    ('JPFA.JK', '7937', '2025-03-27 10:55:16'),
    ('JPFA.JK', '9020', '2025-03-22 22:59:56'),
    ('JPFA.JK', '3668', '2025-01-29 00:42:07'),
    ('JPFA.JK', '9286', '2025-01-25 16:26:26'),
    ('JPFA.JK', '8942', '2025-03-30 21:05:46'),
    ('JPFA.JK', '3119', '2025-04-10 15:37:03'),
    ('JPFA.JK', '9669', '2025-01-23 22:11:27'),
    ('JPFA.JK', '4483', '2025-03-30 10:28:07'),
    ('JPFA.JK', '8755', '2025-01-07 07:57:41'),
    ('JPFA.JK', '3569', '2025-04-19 13:15:11'),
    ('JPFA.JK', '7051', '2025-01-24 01:29:23'),
    ('JPFA.JK', '7694', '2025-01-22 10:12:13'),
    ('JPFA.JK', '2980', '2025-03-13 18:23:43'),
    ('JPFA.JK', '5744', '2025-01-08 19:43:42'),
    ('JPFA.JK', '9565', '2025-01-30 18:27:02'),
    ('JPFA.JK', '2929', '2025-03-14 03:09:48'),
    ('JPFA.JK', '5995', '2025-03-14 17:06:32'),
    ('JPFA.JK', '5968', '2025-02-27 02:03:07'),
    ('JPFA.JK', '8961', '2025-01-06 10:23:09'),
    ('JPFA.JK', '3340', '2025-01-28 14:25:10'),
    ('JPFA.JK', '7910', '2025-01-10 10:43:49'),
    ('JPFA.JK', '5999', '2025-02-25 01:07:23'),
    ('JPFA.JK', '4532', '2025-02-05 13:12:04'),
    ('JPFA.JK', '9008', '2025-01-01 09:43:13'),
    ('JPFA.JK', '3004', '2025-04-17 07:42:31'),
    ('JPFA.JK', '6712', '2025-01-14 02:52:24'),
    ('JPFA.JK', '1732', '2025-03-23 02:02:28'),
    ('JPFA.JK', '8883', '2025-04-22 06:38:56'),
    ('JPFA.JK', '6074', '2025-04-20 20:39:04'),
    ('JPFA.JK', '8411', '2025-03-07 14:22:13'),
    ('JPFA.JK', '7181', '2025-04-03 06:43:15'),
    ('JPFA.JK', '3175', '2025-01-27 21:33:38'),
    ('JPFA.JK', '9270', '2025-05-04 14:07:11'),
    ('JPFA.JK', '8551', '2025-03-29 08:49:22'),
    ('JPFA.JK', '8357', '2025-01-29 22:18:33'),
    ('JPFA.JK', '6328', '2025-01-18 08:14:16'),
    ('JPFA.JK', '7711', '2025-03-17 04:38:47'),
    ('JPFA.JK', '4814', '2025-03-18 18:41:03'),
    ('JPFA.JK', '6554', '2025-04-16 01:13:00'),
    ('JPFA.JK', '1750', '2025-05-11 04:29:41'),
    ('JPFA.JK', '8259', '2025-02-23 20:39:41'),
    ('JPFA.JK', '2450', '2025-02-02 03:49:14'),
    ('JPFA.JK', '1406', '2025-04-22 01:41:20'),
    ('JPFA.JK', '6060', '2025-04-19 22:39:22'),
    ('JPFA.JK', '3028', '2025-05-06 00:51:27'),
    ('JPFA.JK', '2395', '2025-02-07 08:46:24'),
    ('JPFA.JK', '9877', '2025-04-23 00:20:30'),
    ('JPFA.JK', '1866', '2025-04-21 17:31:53'),
    ('JPFA.JK', '9548', '2025-02-06 18:38:55'),
    ('JPFA.JK', '8796', '2025-04-08 14:27:59'),
    ('JPFA.JK', '1305', '2025-01-24 08:33:36'),
    ('JPFA.JK', '9713', '2025-02-04 21:39:53'),
    ('JPFA.JK', '1310', '2025-02-23 09:25:05'),
    ('JPFA.JK', '4371', '2025-02-17 15:07:07'),
    ('JPFA.JK', '8278', '2025-01-17 10:29:16'),
    ('JPFA.JK', '9741', '2025-04-28 20:08:54'),
    ('JPFA.JK', '6249', '2025-03-20 00:30:49'),
    ('JPFA.JK', '1737', '2025-04-06 10:25:49'),
    ('JPFA.JK', '1381', '2025-03-08 00:18:44'),
    ('JPFA.JK', '8160', '2025-02-05 01:13:41'),
    ('JPFA.JK', '7798', '2025-01-05 16:06:48'),
    ('JPFA.JK', '9649', '2025-03-03 15:06:33'),
    ('JPFA.JK', '7258', '2025-02-19 22:32:07'),
    ('JPFA.JK', '2491', '2025-01-23 06:16:57'),
    ('JPFA.JK', '2627', '2025-04-16 04:52:27'),
    ('JPFA.JK', '3755', '2025-02-25 09:50:07'),
    ('JPFA.JK', '3359', '2025-02-05 11:17:56'),
    ('JPFA.JK', '5187', '2025-01-18 09:41:57'),
    ('JPFA.JK', '3526', '2025-03-01 13:45:52'),
    ('JPFA.JK', '7672', '2025-05-12 18:32:42'),
    ('JPFA.JK', '3772', '2025-01-12 10:33:28'),
    ('JPFA.JK', '6329', '2025-02-05 05:39:17'),
    ('JPFA.JK', '1445', '2025-01-12 08:38:17'),
    ('JPFA.JK', '5882', '2025-03-17 17:15:02'),
    ('JPFA.JK', '2617', '2025-03-04 03:30:04'),
    ('JPFA.JK', '3334', '2025-03-22 03:53:37'),
    ('JPFA.JK', '6311', '2025-02-20 02:03:39'),
    ('MDKA.JK', '7152', '2025-01-24 11:44:37'),
    ('MDKA.JK', '1849', '2025-02-09 07:59:43'),
    ('MDKA.JK', '4925', '2025-04-26 22:14:35'),
    ('MDKA.JK', '4874', '2025-04-06 17:27:02'),
    ('MDKA.JK', '9333', '2025-04-08 22:46:24'),
    ('MDKA.JK', '7308', '2025-01-23 08:19:05'),
    ('MDKA.JK', '5412', '2025-01-12 18:33:55'),
    ('MDKA.JK', '6215', '2025-04-01 06:14:04'),
    ('MDKA.JK', '7669', '2025-01-13 17:03:26'),
    ('MDKA.JK', '8932', '2025-01-06 14:42:49'),
    ('MDKA.JK', '7676', '2025-05-04 00:30:59'),
    ('MDKA.JK', '4829', '2025-01-04 14:47:19'),
    ('MDKA.JK', '5409', '2025-04-18 14:10:40'),
    ('MDKA.JK', '2663', '2025-02-17 19:54:58'),
    ('MDKA.JK', '3057', '2025-03-01 03:35:55'),
    ('MDKA.JK', '7664', '2025-03-28 14:25:40'),
    ('MDKA.JK', '2374', '2025-05-04 11:02:17'),
    ('MDKA.JK', '9199', '2025-02-09 12:10:40'),
    ('MDKA.JK', '3332', '2025-03-14 11:43:42'),
    ('MDKA.JK', '9854', '2025-02-02 15:48:51'),
    ('MDKA.JK', '5016', '2025-04-15 09:05:51'),
    ('MDKA.JK', '7942', '2025-04-18 19:11:49'),
    ('MDKA.JK', '8401', '2025-01-09 02:45:54'),
    ('MDKA.JK', '1016', '2025-04-01 05:26:07'),
    ('MDKA.JK', '5739', '2025-05-07 19:28:29'),
    ('MDKA.JK', '3742', '2025-01-01 02:31:48'),
    ('MDKA.JK', '1985', '2025-04-04 15:09:03'),
    ('MDKA.JK', '5477', '2025-04-27 02:15:56'),
    ('MDKA.JK', '5110', '2025-05-13 01:01:09'),
    ('MDKA.JK', '7228', '2025-03-10 05:43:34'),
    ('MDKA.JK', '4485', '2025-04-24 15:02:21'),
    ('MDKA.JK', '9361', '2025-02-24 15:00:20'),
    ('MDKA.JK', '1745', '2025-02-01 08:15:16'),
    ('MDKA.JK', '9750', '2025-04-20 08:09:01'),
    ('MDKA.JK', '2145', '2025-02-28 09:04:34'),
    ('MDKA.JK', '2469', '2025-03-18 18:15:15'),
    ('MDKA.JK', '3014', '2025-01-28 02:49:02'),
    ('MDKA.JK', '5578', '2025-03-25 21:05:27'),
    ('MDKA.JK', '4454', '2025-04-29 12:52:52'),
    ('MDKA.JK', '9270', '2025-03-03 19:24:13'),
    ('MDKA.JK', '6613', '2025-05-04 08:06:22'),
    ('MDKA.JK', '5282', '2025-03-29 21:49:09'),
    ('MDKA.JK', '5473', '2025-02-17 18:06:31'),
    ('MDKA.JK', '6269', '2025-03-08 08:06:37'),
    ('MDKA.JK', '4450', '2025-03-31 06:49:12'),
    ('MDKA.JK', '6381', '2025-01-04 01:58:51'),
    ('MDKA.JK', '3190', '2025-05-06 12:38:38'),
    ('MDKA.JK', '1033', '2025-04-29 05:09:06'),
    ('MDKA.JK', '8807', '2025-01-01 19:56:33'),
    ('MDKA.JK', '1156', '2025-05-11 15:02:20'),
    ('MDKA.JK', '3843', '2025-03-22 05:28:45'),
    ('MDKA.JK', '9011', '2025-03-18 06:32:20'),
    ('MDKA.JK', '9816', '2025-01-16 18:10:50'),
    ('MDKA.JK', '2270', '2025-04-15 14:17:16'),
    ('MDKA.JK', '1507', '2025-05-11 09:56:37'),
    ('MDKA.JK', '8293', '2025-05-11 12:53:34'),
    ('MDKA.JK', '3022', '2025-03-10 13:04:28'),
    ('MDKA.JK', '7166', '2025-04-27 18:18:42'),
    ('MDKA.JK', '6864', '2025-03-17 02:23:25'),
    ('MDKA.JK', '3903', '2025-01-02 15:17:35'),
    ('MDKA.JK', '3044', '2025-03-31 20:18:12'),
    ('MDKA.JK', '7069', '2025-02-07 11:24:09'),
    ('MDKA.JK', '8283', '2025-01-02 19:38:10'),
    ('MDKA.JK', '4629', '2025-01-04 20:11:21'),
    ('MDKA.JK', '5606', '2025-05-13 03:36:47'),
    ('MDKA.JK', '6862', '2025-02-07 04:30:32'),
    ('MDKA.JK', '2474', '2025-04-30 02:51:00'),
    ('MDKA.JK', '5967', '2025-02-12 22:37:22'),
    ('MDKA.JK', '4838', '2025-04-06 21:18:54'),
    ('MDKA.JK', '6947', '2025-01-08 03:28:55'),
    ('MDKA.JK', '5599', '2025-04-06 16:47:27'),
    ('MDKA.JK', '4425', '2025-01-02 09:15:12'),
    ('MDKA.JK', '4212', '2025-05-04 23:19:40'),
    ('MDKA.JK', '7489', '2025-01-22 13:02:53'),
    ('MDKA.JK', '5544', '2025-04-21 12:12:31'),
    ('MDKA.JK', '9197', '2025-04-06 22:15:34'),
    ('MDKA.JK', '3793', '2025-04-18 03:30:19'),
    ('MDKA.JK', '4174', '2025-05-09 03:04:11'),
    ('MDKA.JK', '3875', '2025-01-13 16:36:09'),
    ('MDKA.JK', '3101', '2025-01-13 15:09:06'),
    ('MDKA.JK', '3087', '2025-02-20 09:56:15'),
    ('MDKA.JK', '4734', '2025-04-12 13:43:45'),
    ('MDKA.JK', '5494', '2025-02-07 06:05:34'),
    ('MDKA.JK', '1378', '2025-05-12 14:28:17'),
    ('MDKA.JK', '9731', '2025-04-30 07:34:30'),
    ('MDKA.JK', '5143', '2025-05-13 04:12:01'),
    ('MDKA.JK', '8437', '2025-01-01 09:06:38'),
    ('MDKA.JK', '7997', '2025-05-05 11:07:09'),
    ('MDKA.JK', '1849', '2025-03-04 17:17:08'),
    ('MDKA.JK', '8086', '2025-03-21 00:10:44'),
    ('MDKA.JK', '5489', '2025-01-24 15:14:44'),
    ('MDKA.JK', '9491', '2025-04-01 14:27:06'),
    ('MDKA.JK', '9119', '2025-03-12 04:34:51'),
    ('MDKA.JK', '9474', '2025-01-09 10:33:36'),
    ('MDKA.JK', '4678', '2025-01-10 02:52:16'),
    ('MDKA.JK', '5553', '2025-03-23 13:37:52'),
    ('MDKA.JK', '9723', '2025-03-29 03:50:46'),
    ('MDKA.JK', '6181', '2025-01-02 00:02:38'),
    ('MDKA.JK', '7420', '2025-02-07 18:56:22'),
    ('MDKA.JK', '6483', '2025-01-16 21:15:25'),
    ('MDKA.JK', '1415', '2025-02-13 19:30:09'),
    ('MDKA.JK', '7943', '2025-01-15 10:55:02'),
    ('MDKA.JK', '5095', '2025-02-08 05:30:44'),
    ('MDKA.JK', '3694', '2025-03-05 22:17:52'),
    ('MDKA.JK', '6092', '2025-01-13 04:52:29'),
    ('MDKA.JK', '2584', '2025-01-06 09:53:47'),
    ('MDKA.JK', '8863', '2025-03-25 21:01:40'),
    ('MDKA.JK', '1393', '2025-04-26 01:23:36'),
    ('MDKA.JK', '6477', '2025-02-18 14:59:33'),
    ('MDKA.JK', '5049', '2025-01-21 22:34:25'),
    ('MDKA.JK', '8759', '2025-02-16 06:50:03'),
    ('MDKA.JK', '6583', '2025-01-11 13:40:31'),
    ('MDKA.JK', '6465', '2025-04-11 21:51:40'),
    ('MDKA.JK', '4878', '2025-01-15 03:47:20'),
    ('MDKA.JK', '8184', '2025-01-19 13:51:28'),
    ('MDKA.JK', '8314', '2025-04-23 10:01:48'),
    ('MDKA.JK', '3045', '2025-01-17 14:37:14'),
    ('MDKA.JK', '1994', '2025-01-07 11:23:34'),
    ('MDKA.JK', '7183', '2025-03-02 19:59:16'),
    ('MDKA.JK', '2065', '2025-01-25 18:21:35'),
    ('MDKA.JK', '2015', '2025-03-27 19:29:20'),
    ('MDKA.JK', '1897', '2025-02-28 12:57:25'),
    ('MDKA.JK', '8075', '2025-01-13 18:36:17'),
    ('MDKA.JK', '2668', '2025-05-12 13:40:45'),
    ('MDKA.JK', '1914', '2025-04-19 14:19:53'),
    ('MDKA.JK', '1855', '2025-02-27 06:24:42'),
    ('MDKA.JK', '7249', '2025-03-19 23:58:43'),
    ('MDKA.JK', '2570', '2025-04-30 20:50:08'),
    ('MDKA.JK', '7735', '2025-02-15 06:22:50'),
    ('MDKA.JK', '1173', '2025-03-30 01:02:58'),
    ('MDKA.JK', '7290', '2025-04-01 03:22:16'),
    ('MDKA.JK', '8014', '2025-05-01 10:23:28'),
    ('MDKA.JK', '2659', '2025-03-07 22:43:38'),
    ('MDKA.JK', '1425', '2025-03-30 04:09:03'),
    ('MDKA.JK', '9474', '2025-03-05 17:29:36'),
    ('MDKA.JK', '4153', '2025-01-21 23:20:49'),
    ('MDKA.JK', '2682', '2025-01-03 09:16:08'),
    ('MDKA.JK', '2106', '2025-04-26 03:03:04'),
    ('MDKA.JK', '4172', '2025-04-22 07:21:43'),
    ('MDKA.JK', '3064', '2025-05-04 18:19:49'),
    ('MDKA.JK', '9337', '2025-02-19 18:22:47'),
    ('MDKA.JK', '6822', '2025-03-23 18:02:05'),
    ('MDKA.JK', '8887', '2025-05-01 13:22:29'),
    ('MDKA.JK', '8284', '2025-02-06 02:27:57'),
    ('MDKA.JK', '4983', '2025-01-27 17:36:04'),
    ('MDKA.JK', '1722', '2025-01-12 17:54:33'),
    ('MDKA.JK', '3091', '2025-03-02 12:28:22'),
    ('MDKA.JK', '8140', '2025-04-10 15:20:21'),
    ('MDKA.JK', '6861', '2025-03-02 10:14:32'),
    ('MDKA.JK', '9866', '2025-01-29 06:39:36'),
    ('MDKA.JK', '3415', '2025-04-02 04:08:21'),
    ('MDKA.JK', '6057', '2025-04-28 03:43:09'),
    ('MDKA.JK', '6618', '2025-02-26 12:27:22'),
    ('MDKA.JK', '7042', '2025-01-02 13:39:50'),
    ('MDKA.JK', '9481', '2025-04-24 21:00:29'),
    ('MDKA.JK', '3369', '2025-01-12 03:07:10'),
    ('MDKA.JK', '4889', '2025-04-09 11:17:38'),
    ('MDKA.JK', '1894', '2025-03-23 22:56:50'),
    ('MDKA.JK', '6633', '2025-02-07 22:39:47'),
    ('MDKA.JK', '4282', '2025-05-05 09:12:06'),
    ('MDKA.JK', '4297', '2025-01-14 06:47:04'),
    ('MDKA.JK', '6595', '2025-02-06 18:27:39'),
    ('MDKA.JK', '8794', '2025-04-01 18:15:10'),
    ('MDKA.JK', '6425', '2025-04-23 07:35:22'),
    ('MDKA.JK', '6499', '2025-04-30 15:14:55'),
    ('MDKA.JK', '5909', '2025-03-23 07:15:41'),
    ('MDKA.JK', '6384', '2025-02-01 12:16:46'),
    ('MDKA.JK', '2717', '2025-03-30 05:12:04'),
    ('MDKA.JK', '1691', '2025-04-07 07:12:16'),
    ('MDKA.JK', '4594', '2025-01-01 17:13:46'),
    ('MDKA.JK', '4654', '2025-02-14 17:09:16'),
    ('MDKA.JK', '8643', '2025-05-02 03:40:40'),
    ('MDKA.JK', '4492', '2025-02-16 09:54:34'),
    ('MDKA.JK', '8876', '2025-03-06 08:58:20'),
    ('MDKA.JK', '7158', '2025-02-09 20:50:36'),
    ('MDKA.JK', '7558', '2025-02-05 18:38:29'),
    ('MDKA.JK', '1110', '2025-03-12 10:51:01'),
    ('MDKA.JK', '1162', '2025-01-15 07:36:43'),
    ('MDKA.JK', '6863', '2025-01-06 19:53:31'),
    ('MDKA.JK', '2887', '2025-01-28 15:38:28'),
    ('MDKA.JK', '5760', '2025-03-27 12:27:02'),
    ('MDKA.JK', '4185', '2025-05-03 14:13:56'),
    ('MDKA.JK', '6896', '2025-01-09 12:36:40'),
    ('MDKA.JK', '1486', '2025-02-08 15:58:47'),
    ('MDKA.JK', '4241', '2025-02-25 04:00:21'),
    ('MDKA.JK', '3853', '2025-02-12 12:21:28'),
    ('MDKA.JK', '5292', '2025-02-03 20:13:29'),
    ('MDKA.JK', '6567', '2025-04-18 16:10:49'),
    ('MDKA.JK', '5029', '2025-02-04 16:03:48'),
    ('MDKA.JK', '4211', '2025-01-05 04:09:36'),
    ('MDKA.JK', '3884', '2025-02-20 20:01:23'),
    ('MDKA.JK', '2657', '2025-01-05 01:50:16'),
    ('MDKA.JK', '3248', '2025-03-15 13:54:28'),
    ('MDKA.JK', '2818', '2025-03-07 16:58:49'),
    ('MDKA.JK', '4444', '2025-03-01 05:44:25'),
    ('MDKA.JK', '8474', '2025-02-16 15:10:47'),
    ('MDKA.JK', '7056', '2025-03-14 07:16:40'),
    ('MDKA.JK', '3807', '2025-04-13 07:39:23'),
    ('MDKA.JK', '8106', '2025-01-13 16:40:52'),
    ('MDKA.JK', '2941', '2025-01-29 01:06:10'),
    ('MDKA.JK', '3142', '2025-02-06 19:47:30'),
    ('MDKA.JK', '4140', '2025-04-14 09:53:05'),
    ('MDKA.JK', '7196', '2025-03-14 16:09:22'),
    ('MDKA.JK', '6209', '2025-04-27 10:06:05'),
    ('MDKA.JK', '8037', '2025-05-04 12:38:27'),
    ('MDKA.JK', '5006', '2025-01-09 23:17:06'),
    ('MDKA.JK', '4098', '2025-04-14 23:27:48'),
    ('MDKA.JK', '5819', '2025-01-29 20:22:19'),
    ('MDKA.JK', '6368', '2025-02-17 23:54:12'),
    ('MDKA.JK', '1872', '2025-05-03 05:29:31'),
    ('MDKA.JK', '5588', '2025-01-25 13:20:22'),
    ('MDKA.JK', '9327', '2025-04-24 10:01:13'),
    ('MDKA.JK', '9011', '2025-02-10 15:07:03'),
    ('MDKA.JK', '2333', '2025-04-02 09:28:06'),
    ('MDKA.JK', '2062', '2025-02-02 12:17:48'),
    ('MDKA.JK', '9333', '2025-03-17 08:45:03'),
    ('MDKA.JK', '9342', '2025-03-14 16:12:23'),
    ('MDKA.JK', '9168', '2025-04-11 18:12:49'),
    ('MDKA.JK', '8606', '2025-02-04 18:11:36'),
    ('MDKA.JK', '6272', '2025-03-14 14:24:04'),
    ('MDKA.JK', '9609', '2025-04-04 20:19:39'),
    ('MDKA.JK', '9106', '2025-04-02 23:52:22'),
    ('MDKA.JK', '5396', '2025-04-23 20:31:34'),
    ('MDKA.JK', '7569', '2025-05-04 21:47:15'),
    ('MDKA.JK', '1599', '2025-02-10 05:37:12'),
    ('MDKA.JK', '4596', '2025-02-09 10:03:03'),
    ('MDKA.JK', '8406', '2025-02-15 12:18:40'),
    ('MDKA.JK', '7486', '2025-02-12 10:43:14'),
    ('MDKA.JK', '6013', '2025-03-24 12:45:00'),
    ('MDKA.JK', '7178', '2025-04-21 22:46:44'),
    ('MDKA.JK', '3575', '2025-03-14 15:27:59'),
    ('MDKA.JK', '5170', '2025-04-17 21:45:29'),
    ('MDKA.JK', '2388', '2025-01-27 02:01:28'),
    ('MDKA.JK', '2376', '2025-02-27 07:01:24'),
    ('MDKA.JK', '8282', '2025-04-11 17:52:47'),
    ('MDKA.JK', '6760', '2025-02-14 16:42:18'),
    ('MDKA.JK', '1674', '2025-04-01 08:14:11'),
    ('MDKA.JK', '9392', '2025-05-01 14:39:22'),
    ('PTBA.JK', '6511', '2025-03-24 17:46:51'),
    ('PTBA.JK', '8391', '2025-04-01 18:56:43'),
    ('PTBA.JK', '8086', '2025-03-21 09:51:29'),
    ('PTBA.JK', '7021', '2025-04-07 14:43:07'),
    ('PTBA.JK', '6194', '2025-02-23 00:21:46'),
    ('PTBA.JK', '7264', '2025-01-05 19:11:42'),
    ('PTBA.JK', '3942', '2025-03-27 18:25:03'),
    ('PTBA.JK', '4830', '2025-02-21 13:54:05'),
    ('PTBA.JK', '2243', '2025-03-11 17:29:39'),
    ('PTBA.JK', '2350', '2025-02-27 04:33:09'),
    ('PTBA.JK', '9220', '2025-04-10 13:46:45'),
    ('PTBA.JK', '9956', '2025-05-05 23:38:48'),
    ('PTBA.JK', '2280', '2025-02-23 16:14:01'),
    ('PTBA.JK', '4731', '2025-01-20 02:37:10'),
    ('PTBA.JK', '2942', '2025-01-14 20:30:32'),
    ('PTBA.JK', '6902', '2025-01-08 10:24:15'),
    ('PTBA.JK', '9946', '2025-02-08 21:29:47'),
    ('PTBA.JK', '6468', '2025-02-08 04:26:17'),
    ('PTBA.JK', '6394', '2025-02-18 13:11:40'),
    ('PTBA.JK', '5959', '2025-05-13 17:31:26'),
    ('PTBA.JK', '5496', '2025-02-07 00:27:29'),
    ('PTBA.JK', '3258', '2025-04-16 11:08:56'),
    ('PTBA.JK', '5278', '2025-01-02 15:46:14'),
    ('PTBA.JK', '5906', '2025-02-24 17:29:38'),
    ('PTBA.JK', '6679', '2025-03-20 09:53:46'),
    ('PTBA.JK', '7647', '2025-04-23 14:46:49'),
    ('PTBA.JK', '1194', '2025-04-02 15:41:52'),
    ('PTBA.JK', '9399', '2025-01-29 23:42:01'),
    ('PTBA.JK', '7512', '2025-02-14 04:35:33'),
    ('PTBA.JK', '4717', '2025-02-10 18:05:18'),
    ('PTBA.JK', '8773', '2025-02-15 09:13:44'),
    ('PTBA.JK', '9451', '2025-04-24 23:38:06'),
    ('PTBA.JK', '8679', '2025-03-31 14:17:06'),
    ('PTBA.JK', '6581', '2025-01-17 16:12:37'),
    ('PTBA.JK', '6129', '2025-02-06 11:25:42'),
    ('PTBA.JK', '8025', '2025-03-23 02:33:59'),
    ('PTBA.JK', '4433', '2025-03-27 04:24:02'),
    ('PTBA.JK', '8372', '2025-04-19 10:33:02'),
    ('PTBA.JK', '1493', '2025-03-14 18:13:45'),
    ('PTBA.JK', '3276', '2025-04-23 03:23:03'),
    ('PTBA.JK', '3102', '2025-03-01 08:04:06'),
    ('PTBA.JK', '1158', '2025-04-08 01:14:16'),
    ('PTBA.JK', '6810', '2025-03-07 23:41:11'),
    ('PTBA.JK', '4694', '2025-03-23 09:22:05'),
    ('PTBA.JK', '7974', '2025-03-20 07:50:04'),
    ('PTBA.JK', '9808', '2025-02-28 04:24:38'),
    ('PTBA.JK', '6342', '2025-04-24 23:24:32'),
    ('PTBA.JK', '1380', '2025-04-21 05:06:09'),
    ('PTBA.JK', '1527', '2025-01-28 00:24:53'),
    ('PTBA.JK', '3518', '2025-03-06 03:04:44'),
    ('PTBA.JK', '7404', '2025-03-16 01:04:23'),
    ('PTBA.JK', '4345', '2025-03-17 20:29:47'),
    ('PTBA.JK', '2043', '2025-04-14 18:54:23'),
    ('PTBA.JK', '7331', '2025-02-06 13:43:18'),
    ('PTBA.JK', '8778', '2025-01-22 02:17:29'),
    ('PTBA.JK', '6387', '2025-04-21 14:07:56'),
    ('PTBA.JK', '8397', '2025-05-05 01:58:16'),
    ('PTBA.JK', '5991', '2025-01-19 02:32:12'),
    ('PTBA.JK', '3808', '2025-01-21 06:08:04'),
    ('PTBA.JK', '3910', '2025-01-07 05:24:23'),
    ('PTBA.JK', '9005', '2025-01-06 05:04:35'),
    ('PTBA.JK', '4058', '2025-02-08 15:24:04'),
    ('PTBA.JK', '2138', '2025-03-16 22:23:48'),
    ('PTBA.JK', '5650', '2025-02-09 23:31:39'),
    ('PTBA.JK', '4818', '2025-02-26 12:39:00'),
    ('PTBA.JK', '9591', '2025-01-14 14:07:40'),
    ('PTBA.JK', '8449', '2025-01-12 03:45:04'),
    ('PTBA.JK', '7039', '2025-04-11 16:31:58'),
    ('PTBA.JK', '1180', '2025-02-03 08:45:57'),
    ('PTBA.JK', '6353', '2025-03-21 18:45:07'),
    ('PTBA.JK', '7407', '2025-01-31 11:50:17'),
    ('PTBA.JK', '2814', '2025-01-26 01:49:30'),
    ('PTBA.JK', '9789', '2025-03-23 05:56:48'),
    ('PTBA.JK', '8835', '2025-01-14 08:27:31'),
    ('PTBA.JK', '7373', '2025-02-10 02:15:54'),
    ('PTBA.JK', '3128', '2025-02-09 22:31:27'),
    ('PTBA.JK', '6075', '2025-03-25 22:12:04'),
    ('PTBA.JK', '8778', '2025-01-31 19:58:27'),
    ('PTBA.JK', '6084', '2025-04-25 01:54:39'),
    ('PTBA.JK', '4325', '2025-04-08 13:42:11'),
    ('PTBA.JK', '8519', '2025-02-23 11:38:52'),
    ('PTBA.JK', '4304', '2025-01-02 10:41:17'),
    ('PTBA.JK', '3337', '2025-03-28 13:15:35'),
    ('PTBA.JK', '2048', '2025-03-19 12:34:43'),
    ('PTBA.JK', '5044', '2025-04-13 02:40:08'),
    ('PTBA.JK', '6388', '2025-04-21 12:47:59'),
    ('PTBA.JK', '9043', '2025-03-31 08:42:31'),
    ('PTBA.JK', '8580', '2025-04-22 20:58:23'),
    ('PTBA.JK', '1640', '2025-01-18 16:34:09'),
    ('PTBA.JK', '5717', '2025-05-06 11:58:20'),
    ('PTBA.JK', '8476', '2025-03-09 08:07:13'),
    ('PTBA.JK', '5873', '2025-03-17 22:36:47'),
    ('PTBA.JK', '3869', '2025-03-22 14:17:09'),
    ('PTBA.JK', '5081', '2025-02-04 20:53:40'),
    ('PTBA.JK', '8079', '2025-03-30 21:38:01'),
    ('PTBA.JK', '7302', '2025-05-08 23:32:08'),
    ('PTBA.JK', '4005', '2025-04-21 09:56:21'),
    ('PTBA.JK', '2565', '2025-03-18 10:04:55'),
    ('PTBA.JK', '1715', '2025-02-16 13:03:39'),
    ('PTBA.JK', '3587', '2025-02-23 03:53:23'),
    ('PTBA.JK', '9810', '2025-02-26 16:18:14'),
    ('PTBA.JK', '2093', '2025-02-12 04:28:51'),
    ('PTBA.JK', '9085', '2025-03-21 20:41:42'),
    ('PTBA.JK', '2986', '2025-03-13 14:24:57'),
    ('PTBA.JK', '2253', '2025-01-21 10:22:55'),
    ('PTBA.JK', '9264', '2025-03-05 07:19:52'),
    ('PTBA.JK', '7719', '2025-03-29 13:30:50'),
    ('PTBA.JK', '3700', '2025-02-19 01:58:40'),
    ('PTBA.JK', '4397', '2025-04-09 06:25:54'),
    ('PTBA.JK', '1731', '2025-03-31 17:51:23'),
    ('PTBA.JK', '1437', '2025-01-15 05:06:56'),
    ('PTBA.JK', '8567', '2025-03-16 00:18:49'),
    ('PTBA.JK', '6630', '2025-03-19 13:04:04'),
    ('PTBA.JK', '4185', '2025-03-19 00:38:10'),
    ('PTBA.JK', '1618', '2025-01-03 02:02:23'),
    ('PTBA.JK', '5105', '2025-01-23 06:27:36'),
    ('PTBA.JK', '3236', '2025-03-05 12:26:41'),
    ('PTBA.JK', '8606', '2025-04-05 03:08:30'),
    ('PTBA.JK', '8558', '2025-01-14 06:00:29'),
    ('PTBA.JK', '2352', '2025-04-17 11:51:44'),
    ('PTBA.JK', '4969', '2025-03-26 23:56:24'),
    ('PTBA.JK', '3297', '2025-04-02 10:01:47'),
    ('PTBA.JK', '5573', '2025-02-01 08:01:21'),
    ('PTBA.JK', '3794', '2025-01-04 12:11:39'),
    ('PTBA.JK', '2646', '2025-02-04 09:58:56'),
    ('PTBA.JK', '5819', '2025-01-25 02:35:14'),
    ('PTBA.JK', '9759', '2025-03-17 21:29:26'),
    ('PTBA.JK', '3759', '2025-01-16 01:34:25'),
    ('PTBA.JK', '1183', '2025-05-12 12:50:03'),
    ('PTBA.JK', '5476', '2025-01-30 19:20:43'),
    ('PTBA.JK', '8219', '2025-03-11 12:48:22'),
    ('PTBA.JK', '3915', '2025-02-12 01:46:00'),
    ('PTBA.JK', '1564', '2025-05-12 01:56:01'),
    ('PTBA.JK', '9721', '2025-02-11 23:24:32'),
    ('PTBA.JK', '8242', '2025-01-10 06:33:33'),
    ('PTBA.JK', '9566', '2025-05-05 11:19:59'),
    ('PTBA.JK', '2684', '2025-03-17 20:24:49'),
    ('PTBA.JK', '6051', '2025-03-28 05:07:40'),
    ('PTBA.JK', '1858', '2025-04-27 03:50:20'),
    ('PTBA.JK', '1076', '2025-01-10 10:47:38'),
    ('PTBA.JK', '7183', '2025-02-09 04:10:02'),
    ('PTBA.JK', '5091', '2025-03-14 17:58:15'),
    ('PTBA.JK', '4908', '2025-02-08 20:00:03'),
    ('PTBA.JK', '2497', '2025-01-04 02:44:40'),
    ('PTBA.JK', '7908', '2025-01-06 10:13:45'),
    ('PTBA.JK', '1238', '2025-03-07 11:04:38'),
    ('PTBA.JK', '4148', '2025-05-13 00:50:27'),
    ('PTBA.JK', '2035', '2025-02-12 19:55:14'),
    ('PTBA.JK', '2582', '2025-05-09 22:58:16'),
    ('PTBA.JK', '3750', '2025-02-02 10:29:47'),
    ('PTBA.JK', '1721', '2025-03-22 17:12:33'),
    ('PTBA.JK', '9396', '2025-01-21 21:50:34'),
    ('PTBA.JK', '6359', '2025-03-04 15:47:44'),
    ('PTBA.JK', '4105', '2025-05-02 07:11:19'),
    ('PTBA.JK', '4393', '2025-04-16 04:31:02'),
    ('PTBA.JK', '7472', '2025-03-25 02:04:00'),
    ('PTBA.JK', '2979', '2025-02-15 03:06:01'),
    ('PTBA.JK', '4502', '2025-01-21 13:27:40'),
    ('PTBA.JK', '6842', '2025-03-04 19:00:11'),
    ('PTBA.JK', '3844', '2025-01-03 21:52:47'),
    ('PTBA.JK', '7588', '2025-05-07 23:49:37'),
    ('PTBA.JK', '6181', '2025-01-03 07:50:14'),
    ('PTBA.JK', '7376', '2025-02-11 07:34:13'),
    ('PTBA.JK', '8516', '2025-02-12 17:43:21'),
    ('PTBA.JK', '2081', '2025-05-08 18:19:25'),
    ('PTBA.JK', '5562', '2025-05-07 04:57:47'),
    ('PTBA.JK', '7045', '2025-01-09 12:46:13'),
    ('PTBA.JK', '2103', '2025-02-12 10:34:02'),
    ('PTBA.JK', '7735', '2025-02-28 13:15:05'),
    ('PTBA.JK', '9185', '2025-01-20 18:29:08'),
    ('PTBA.JK', '9784', '2025-04-21 12:41:16'),
    ('PTBA.JK', '3809', '2025-02-18 22:07:34'),
    ('PTBA.JK', '2552', '2025-04-27 11:35:00'),
    ('PTBA.JK', '6314', '2025-05-03 12:05:08'),
    ('PTBA.JK', '7366', '2025-05-12 15:14:43'),
    ('PTBA.JK', '3177', '2025-03-06 11:26:56'),
    ('PTBA.JK', '3872', '2025-05-04 08:57:42'),
    ('PTBA.JK', '6209', '2025-05-10 09:30:43'),
    ('PTBA.JK', '8899', '2025-01-14 02:38:08'),
    ('PTBA.JK', '6490', '2025-01-04 10:14:57'),
    ('PTBA.JK', '8354', '2025-03-16 05:58:47'),
    ('PTBA.JK', '9372', '2025-05-05 09:22:29'),
    ('PTBA.JK', '4808', '2025-04-08 18:06:26'),
    ('PTBA.JK', '1217', '2025-02-15 04:01:19'),
    ('PTBA.JK', '1347', '2025-04-30 16:23:34'),
    ('PTBA.JK', '3032', '2025-03-01 23:20:20'),
    ('PTBA.JK', '4873', '2025-03-25 04:56:41'),
    ('PTBA.JK', '4990', '2025-05-01 08:19:11'),
    ('PTBA.JK', '2300', '2025-01-12 15:15:41'),
    ('PTBA.JK', '3253', '2025-03-14 17:24:23'),
    ('PTBA.JK', '9171', '2025-02-27 14:19:29'),
    ('PTBA.JK', '4309', '2025-01-30 10:50:10'),
    ('PTBA.JK', '7156', '2025-02-09 16:30:16'),
    ('PTBA.JK', '1621', '2025-02-16 05:27:30'),
    ('PTBA.JK', '8270', '2025-03-05 19:48:20'),
    ('PTBA.JK', '3199', '2025-02-24 00:09:47'),
    ('PTBA.JK', '6202', '2025-05-05 23:24:10'),
    ('PTBA.JK', '1648', '2025-04-12 03:26:36'),
    ('PTBA.JK', '7797', '2025-05-06 20:06:54'),
    ('PTBA.JK', '5726', '2025-01-05 14:25:08'),
    ('PTBA.JK', '4752', '2025-03-06 07:49:52'),
    ('PTBA.JK', '6615', '2025-02-17 00:57:43'),
    ('PTBA.JK', '4372', '2025-04-15 17:22:29'),
    ('PTBA.JK', '1885', '2025-05-10 03:09:09'),
    ('PTBA.JK', '5068', '2025-02-13 04:39:51'),
    ('PTBA.JK', '7250', '2025-04-12 06:14:07'),
    ('PTBA.JK', '6269', '2025-02-05 15:23:02'),
    ('PTBA.JK', '8247', '2025-05-03 06:59:57'),
    ('PTBA.JK', '1099', '2025-01-13 13:08:11'),
    ('PTBA.JK', '9055', '2025-01-14 14:09:12'),
    ('PTBA.JK', '4153', '2025-01-11 02:50:08'),
    ('PTBA.JK', '3318', '2025-02-09 15:44:03'),
    ('PTBA.JK', '3057', '2025-01-18 19:37:47'),
    ('PTBA.JK', '3845', '2025-04-26 01:51:32'),
    ('PTBA.JK', '9992', '2025-02-09 16:26:55'),
    ('PTBA.JK', '4871', '2025-04-09 12:46:11'),
    ('PTBA.JK', '2280', '2025-03-24 18:25:17'),
    ('PTBA.JK', '8652', '2025-03-02 11:31:21'),
    ('PTBA.JK', '3689', '2025-02-08 08:35:08'),
    ('PTBA.JK', '5012', '2025-03-24 08:03:41'),
    ('PTBA.JK', '3890', '2025-04-28 15:28:17'),
    ('PTBA.JK', '5079', '2025-02-28 20:33:06'),
    ('PTBA.JK', '5675', '2025-04-22 22:19:13'),
    ('PTBA.JK', '8344', '2025-05-04 10:07:41'),
    ('PTBA.JK', '4299', '2025-02-22 18:57:47'),
    ('PTBA.JK', '8883', '2025-01-16 12:54:05'),
    ('PTBA.JK', '6891', '2025-03-19 07:57:13'),
    ('PTBA.JK', '7188', '2025-02-02 13:50:47'),
    ('PTBA.JK', '8712', '2025-03-27 16:57:41'),
    ('PTBA.JK', '7925', '2025-04-09 02:50:02'),
    ('PTBA.JK', '8101', '2025-01-31 06:26:46'),
    ('PTBA.JK', '8897', '2025-01-04 20:19:34'),
    ('PTBA.JK', '7249', '2025-03-24 23:48:56'),
    ('PTBA.JK', '2363', '2025-02-28 07:10:49'),
    ('PTBA.JK', '9801', '2025-01-30 16:05:36'),
    ('PTBA.JK', '3878', '2025-02-19 23:03:58'),
    ('PTBA.JK', '7233', '2025-04-01 00:46:16'),
    ('PTBA.JK', '6011', '2025-03-30 01:56:37'),
    ('SMGR.JK', '5640', '2025-03-14 20:18:40'),
    ('SMGR.JK', '8878', '2025-01-14 23:15:47'),
    ('SMGR.JK', '6459', '2025-01-27 12:51:53'),
    ('SMGR.JK', '8688', '2025-02-08 00:06:05'),
    ('SMGR.JK', '3535', '2025-02-06 19:43:13'),
    ('SMGR.JK', '1068', '2025-01-03 11:48:43'),
    ('SMGR.JK', '9203', '2025-03-14 16:10:04'),
    ('SMGR.JK', '9051', '2025-03-20 13:21:50'),
    ('SMGR.JK', '7812', '2025-03-18 15:12:03'),
    ('SMGR.JK', '7113', '2025-03-16 13:44:38'),
    ('SMGR.JK', '9020', '2025-03-01 18:30:08'),
    ('SMGR.JK', '2167', '2025-03-21 09:05:17'),
    ('SMGR.JK', '1636', '2025-01-25 04:06:26'),
    ('SMGR.JK', '7304', '2025-04-20 19:55:37'),
    ('SMGR.JK', '3660', '2025-02-07 17:10:08'),
    ('SMGR.JK', '8148', '2025-02-19 13:35:25'),
    ('SMGR.JK', '6711', '2025-04-09 22:56:49'),
    ('SMGR.JK', '9005', '2025-05-04 07:13:12'),
    ('SMGR.JK', '7032', '2025-01-12 04:55:22'),
    ('SMGR.JK', '7313', '2025-03-24 08:10:16'),
    ('SMGR.JK', '5043', '2025-02-17 01:26:46'),
    ('SMGR.JK', '8827', '2025-01-07 16:49:00'),
    ('SMGR.JK', '6921', '2025-05-03 12:27:09'),
    ('SMGR.JK', '1462', '2025-05-10 06:16:23'),
    ('SMGR.JK', '3422', '2025-02-20 17:53:21'),
    ('SMGR.JK', '8462', '2025-05-13 05:59:59'),
    ('SMGR.JK', '3414', '2025-02-19 09:04:05'),
    ('SMGR.JK', '5053', '2025-04-27 22:13:09'),
    ('SMGR.JK', '3644', '2025-01-03 09:29:47'),
    ('SMGR.JK', '2912', '2025-01-18 22:10:34'),
    ('SMGR.JK', '7297', '2025-03-19 05:15:43'),
    ('SMGR.JK', '2316', '2025-04-11 16:33:27'),
    ('SMGR.JK', '4093', '2025-03-24 03:03:57'),
    ('SMGR.JK', '3716', '2025-03-24 21:21:54'),
    ('SMGR.JK', '5143', '2025-02-28 16:26:42'),
    ('SMGR.JK', '9202', '2025-04-14 12:53:53'),
    ('SMGR.JK', '7271', '2025-04-24 19:19:46'),
    ('SMGR.JK', '6045', '2025-03-21 22:14:12'),
    ('SMGR.JK', '2456', '2025-01-22 05:15:14'),
    ('SMGR.JK', '6642', '2025-01-28 17:05:34'),
    ('SMGR.JK', '5407', '2025-02-10 16:27:35'),
    ('SMGR.JK', '7520', '2025-03-01 19:51:06'),
    ('SMGR.JK', '1105', '2025-02-02 16:47:41'),
    ('SMGR.JK', '9056', '2025-01-01 07:21:24'),
    ('SMGR.JK', '2587', '2025-01-14 13:29:05'),
    ('SMGR.JK', '7845', '2025-04-12 22:30:00'),
    ('SMGR.JK', '7829', '2025-05-08 02:17:23'),
    ('SMGR.JK', '5724', '2025-03-25 16:22:14'),
    ('SMGR.JK', '3795', '2025-02-04 06:05:22'),
    ('SMGR.JK', '7138', '2025-02-06 04:41:13'),
    ('SMGR.JK', '3200', '2025-02-08 10:50:33'),
    ('SMGR.JK', '8970', '2025-02-05 08:06:30'),
    ('SMGR.JK', '9234', '2025-01-22 09:44:50'),
    ('SMGR.JK', '8383', '2025-04-21 02:50:27'),
    ('SMGR.JK', '4482', '2025-02-06 01:08:09'),
    ('SMGR.JK', '4292', '2025-01-12 10:52:34'),
    ('SMGR.JK', '3993', '2025-02-07 06:14:53'),
    ('SMGR.JK', '5249', '2025-03-21 09:06:38'),
    ('SMGR.JK', '8220', '2025-05-02 17:16:26'),
    ('SMGR.JK', '2789', '2025-05-04 13:59:44'),
    ('SMGR.JK', '3721', '2025-01-16 11:56:26'),
    ('SMGR.JK', '5802', '2025-01-17 15:25:25'),
    ('SMGR.JK', '7188', '2025-01-25 05:03:29'),
    ('SMGR.JK', '5534', '2025-01-13 11:29:04'),
    ('SMGR.JK', '6605', '2025-01-06 18:15:23'),
    ('SMGR.JK', '4846', '2025-04-03 19:09:43'),
    ('SMGR.JK', '8949', '2025-05-11 15:29:47'),
    ('SMGR.JK', '2651', '2025-01-02 20:18:13'),
    ('SMGR.JK', '2000', '2025-02-21 16:01:34'),
    ('SMGR.JK', '1118', '2025-05-10 04:37:35'),
    ('SMGR.JK', '1685', '2025-01-19 19:18:56'),
    ('SMGR.JK', '4458', '2025-04-12 10:15:19'),
    ('SMGR.JK', '1118', '2025-03-14 22:43:46'),
    ('SMGR.JK', '9520', '2025-02-21 14:53:04'),
    ('SMGR.JK', '8961', '2025-04-02 21:25:11'),
    ('SMGR.JK', '6521', '2025-04-28 08:34:32'),
    ('SMGR.JK', '8036', '2025-03-07 08:26:15'),
    ('SMGR.JK', '7074', '2025-05-13 09:41:52'),
    ('SMGR.JK', '6620', '2025-03-03 05:02:57'),
    ('SMGR.JK', '4925', '2025-03-12 03:21:48'),
    ('SMGR.JK', '7528', '2025-03-15 11:38:17'),
    ('SMGR.JK', '1937', '2025-03-11 03:12:59'),
    ('SMGR.JK', '6410', '2025-01-20 10:51:37'),
    ('SMGR.JK', '1050', '2025-03-30 17:23:53'),
    ('SMGR.JK', '7583', '2025-01-27 23:08:55'),
    ('SMGR.JK', '1420', '2025-04-27 21:06:00'),
    ('SMGR.JK', '3013', '2025-04-14 00:54:43'),
    ('SMGR.JK', '5578', '2025-02-18 06:16:09'),
    ('SMGR.JK', '7036', '2025-03-29 18:05:27'),
    ('SMGR.JK', '8785', '2025-04-10 23:40:23'),
    ('SMGR.JK', '7768', '2025-05-09 04:53:14'),
    ('SMGR.JK', '4079', '2025-01-01 14:34:57'),
    ('SMGR.JK', '6278', '2025-01-04 05:30:10'),
    ('SMGR.JK', '6901', '2025-01-09 21:13:49'),
    ('SMGR.JK', '6333', '2025-05-12 15:22:48'),
    ('SMGR.JK', '8279', '2025-02-15 08:27:43'),
    ('SMGR.JK', '8938', '2025-03-19 16:54:17'),
    ('SMGR.JK', '2333', '2025-03-09 15:21:14'),
    ('SMGR.JK', '8010', '2025-04-03 10:53:20'),
    ('SMGR.JK', '2645', '2025-03-16 17:34:14'),
    ('SMGR.JK', '5814', '2025-04-28 21:38:06'),
    ('SMGR.JK', '4196', '2025-01-28 19:10:50'),
    ('SMGR.JK', '9520', '2025-04-22 01:12:46'),
    ('SMGR.JK', '9267', '2025-01-07 03:56:45'),
    ('SMGR.JK', '3094', '2025-04-07 16:29:56'),
    ('SMGR.JK', '2426', '2025-02-28 12:23:05'),
    ('SMGR.JK', '9990', '2025-04-01 15:27:35'),
    ('SMGR.JK', '3753', '2025-03-28 15:50:48'),
    ('SMGR.JK', '2895', '2025-04-04 15:04:05'),
    ('SMGR.JK', '9858', '2025-02-16 18:40:58'),
    ('SMGR.JK', '4987', '2025-02-11 02:19:03'),
    ('SMGR.JK', '3792', '2025-05-09 02:38:06'),
    ('SMGR.JK', '2465', '2025-01-21 11:31:27'),
    ('SMGR.JK', '8125', '2025-01-06 16:11:00'),
    ('SMGR.JK', '3625', '2025-03-05 09:36:14'),
    ('SMGR.JK', '7283', '2025-02-24 10:33:44'),
    ('SMGR.JK', '4610', '2025-02-20 00:38:09'),
    ('SMGR.JK', '8803', '2025-05-11 05:13:42'),
    ('SMGR.JK', '3016', '2025-05-10 05:20:40'),
    ('SMGR.JK', '3224', '2025-04-14 19:09:08'),
    ('SMGR.JK', '9060', '2025-01-18 13:29:20'),
    ('SMGR.JK', '6452', '2025-02-13 11:00:45'),
    ('SMGR.JK', '2059', '2025-05-06 01:11:41'),
    ('SMGR.JK', '6623', '2025-03-15 04:59:43'),
    ('SMGR.JK', '7252', '2025-05-07 23:29:11'),
    ('SMGR.JK', '8159', '2025-02-15 07:34:16'),
    ('SMGR.JK', '4662', '2025-02-20 07:27:55'),
    ('SMGR.JK', '2895', '2025-02-26 12:02:55'),
    ('SMGR.JK', '2436', '2025-01-22 15:04:48'),
    ('SMGR.JK', '2460', '2025-03-08 01:37:23'),
    ('SMGR.JK', '4082', '2025-01-23 13:05:39'),
    ('SMGR.JK', '7025', '2025-01-25 17:48:30'),
    ('SMGR.JK', '6134', '2025-03-15 19:50:15'),
    ('SMGR.JK', '1027', '2025-03-02 08:25:40'),
    ('SMGR.JK', '2013', '2025-04-25 13:52:40'),
    ('SMGR.JK', '9775', '2025-02-06 20:48:03'),
    ('SMGR.JK', '7359', '2025-03-24 06:34:41'),
    ('SMGR.JK', '6237', '2025-03-12 21:08:03'),
    ('SMGR.JK', '3069', '2025-04-11 22:13:01'),
    ('SMGR.JK', '4639', '2025-01-21 16:43:35'),
    ('SMGR.JK', '7476', '2025-01-02 18:49:17'),
    ('SMGR.JK', '9819', '2025-03-31 10:33:52'),
    ('SMGR.JK', '6176', '2025-01-29 02:21:16'),
    ('SMGR.JK', '5863', '2025-02-12 12:10:03'),
    ('SMGR.JK', '9189', '2025-05-13 00:56:26'),
    ('SMGR.JK', '8467', '2025-01-29 15:03:07'),
    ('SMGR.JK', '5643', '2025-01-29 07:48:24'),
    ('SMGR.JK', '1562', '2025-04-27 06:59:04'),
    ('SMGR.JK', '6245', '2025-03-01 23:32:18'),
    ('SMGR.JK', '9230', '2025-01-24 23:23:02'),
    ('SMGR.JK', '5480', '2025-04-22 10:54:11'),
    ('SMGR.JK', '8836', '2025-05-03 13:01:56'),
    ('SMGR.JK', '4534', '2025-04-07 02:59:10'),
    ('SMGR.JK', '5775', '2025-03-15 03:35:22'),
    ('SMGR.JK', '1963', '2025-03-06 16:33:58'),
    ('SMGR.JK', '3501', '2025-02-10 21:31:41'),
    ('SMGR.JK', '4687', '2025-01-11 04:58:36'),
    ('SMGR.JK', '3933', '2025-04-05 15:56:10'),
    ('SMGR.JK', '7419', '2025-02-28 01:54:55'),
    ('SMGR.JK', '3608', '2025-01-05 04:30:14'),
    ('SMGR.JK', '9977', '2025-03-18 04:10:59'),
    ('SMGR.JK', '6528', '2025-03-24 00:42:04'),
    ('SMGR.JK', '8756', '2025-03-09 15:13:44'),
    ('SMGR.JK', '7412', '2025-03-17 22:29:10'),
    ('SMGR.JK', '2176', '2025-04-13 11:56:00'),
    ('SMGR.JK', '5637', '2025-02-24 19:54:43'),
    ('SMGR.JK', '4196', '2025-04-17 09:54:42'),
    ('SMGR.JK', '7451', '2025-01-19 21:32:31'),
    ('SMGR.JK', '3144', '2025-03-04 19:14:23'),
    ('SMGR.JK', '1886', '2025-03-01 01:05:15'),
    ('SMGR.JK', '8496', '2025-05-08 02:48:55'),
    ('SMGR.JK', '3681', '2025-04-23 01:44:54'),
    ('SMGR.JK', '3253', '2025-03-27 19:19:38'),
    ('SMGR.JK', '8904', '2025-02-26 12:32:18'),
    ('SMGR.JK', '3372', '2025-02-10 17:34:55'),
    ('SMGR.JK', '4573', '2025-02-07 23:49:07'),
    ('SMGR.JK', '1149', '2025-03-12 08:05:40'),
    ('SMGR.JK', '2670', '2025-05-12 17:11:24'),
    ('SMGR.JK', '3418', '2025-03-15 02:52:37'),
    ('SMGR.JK', '7997', '2025-05-12 22:26:39'),
    ('SMGR.JK', '3756', '2025-01-11 22:31:25'),
    ('SMGR.JK', '2573', '2025-03-11 01:08:27'),
    ('SMGR.JK', '8763', '2025-02-04 21:08:59'),
    ('SMGR.JK', '1859', '2025-01-23 18:52:33'),
    ('SMGR.JK', '9444', '2025-05-07 05:40:31'),
    ('SMGR.JK', '6545', '2025-04-26 05:24:32'),
    ('SMGR.JK', '8107', '2025-01-29 20:22:42'),
    ('SMGR.JK', '7619', '2025-02-17 13:47:14'),
    ('SMGR.JK', '1556', '2025-01-24 01:39:35'),
    ('SMGR.JK', '4946', '2025-03-19 00:29:55'),
    ('SMGR.JK', '9005', '2025-02-28 18:38:08'),
    ('SMGR.JK', '3826', '2025-05-07 18:15:15'),
    ('SMGR.JK', '7150', '2025-05-11 05:51:20'),
    ('SMGR.JK', '2468', '2025-04-01 00:52:35'),
    ('SMGR.JK', '7260', '2025-02-23 10:35:58'),
    ('SMGR.JK', '8292', '2025-03-13 07:50:58'),
    ('SMGR.JK', '1190', '2025-01-24 07:14:32'),
    ('SMGR.JK', '2910', '2025-01-17 01:06:58'),
    ('SMGR.JK', '2999', '2025-04-05 23:55:23'),
    ('SMGR.JK', '9351', '2025-02-13 16:16:23'),
    ('SMGR.JK', '1377', '2025-04-24 22:55:17'),
    ('SMGR.JK', '8856', '2025-02-23 03:39:00'),
    ('SMGR.JK', '2549', '2025-04-26 03:00:59'),
    ('SMGR.JK', '3967', '2025-03-16 13:22:57'),
    ('SMGR.JK', '8932', '2025-05-06 04:02:17'),
    ('SMGR.JK', '8105', '2025-02-27 22:28:26'),
    ('SMGR.JK', '3051', '2025-01-20 07:25:47'),
    ('SMGR.JK', '6328', '2025-01-13 07:55:24'),
    ('SMGR.JK', '9806', '2025-02-05 21:38:56'),
    ('SMGR.JK', '7640', '2025-01-04 20:01:29'),
    ('SMGR.JK', '7451', '2025-04-18 23:25:41'),
    ('SMGR.JK', '9788', '2025-04-13 22:23:15'),
    ('SMGR.JK', '9004', '2025-01-13 09:56:35'),
    ('SMGR.JK', '9501', '2025-04-24 12:59:59'),
    ('SMGR.JK', '9830', '2025-05-07 13:08:42'),
    ('SMGR.JK', '3033', '2025-02-10 06:51:04'),
    ('SMGR.JK', '2922', '2025-02-05 01:57:21'),
    ('SMGR.JK', '3948', '2025-01-02 00:48:41'),
    ('SMGR.JK', '8327', '2025-03-03 00:43:33'),
    ('SMGR.JK', '3015', '2025-01-08 14:25:13'),
    ('SMGR.JK', '3110', '2025-04-22 16:04:18'),
    ('SMGR.JK', '4378', '2025-05-07 17:31:30'),
    ('SMGR.JK', '3641', '2025-01-18 01:16:30'),
    ('SMGR.JK', '5206', '2025-01-07 19:08:11'),
    ('SMGR.JK', '2386', '2025-01-25 05:13:26'),
    ('SMGR.JK', '9292', '2025-02-27 23:28:26'),
    ('SMGR.JK', '6956', '2025-04-16 17:12:51'),
    ('SMGR.JK', '3811', '2025-03-24 03:33:43'),
    ('SMGR.JK', '1001', '2025-02-18 05:20:04'),
    ('SMGR.JK', '5925', '2025-01-09 23:09:01'),
    ('SMGR.JK', '9510', '2025-02-26 23:19:41'),
    ('SMGR.JK', '9750', '2025-03-28 09:28:43'),
    ('SMGR.JK', '3291', '2025-04-23 01:20:52'),
    ('SMGR.JK', '9035', '2025-03-02 18:23:15'),
    ('SMGR.JK', '9563', '2025-03-10 08:59:05'),
    ('SMGR.JK', '9818', '2025-04-10 03:31:24'),
    ('SMGR.JK', '4438', '2025-01-20 05:24:57'),
    ('SMGR.JK', '1732', '2025-02-16 00:58:03'),
    ('TINS.JK', '1601', '2025-02-06 12:29:12'),
    ('TINS.JK', '3321', '2025-02-28 04:44:46'),
    ('TINS.JK', '4526', '2025-01-27 01:27:16'),
    ('TINS.JK', '4539', '2025-04-25 21:54:33'),
    ('TINS.JK', '6882', '2025-02-23 20:45:27'),
    ('TINS.JK', '3105', '2025-05-01 20:11:15'),
    ('TINS.JK', '7914', '2025-01-15 10:32:28'),
    ('TINS.JK', '5177', '2025-02-20 14:49:51'),
    ('TINS.JK', '7255', '2025-05-07 04:08:33'),
    ('TINS.JK', '3675', '2025-03-19 16:24:42'),
    ('TINS.JK', '8472', '2025-01-17 03:59:31'),
    ('TINS.JK', '5164', '2025-05-12 08:50:17'),
    ('TINS.JK', '7968', '2025-01-28 19:33:54'),
    ('TINS.JK', '9780', '2025-02-09 13:36:14'),
    ('TINS.JK', '2156', '2025-05-03 06:00:01'),
    ('TINS.JK', '5413', '2025-05-03 22:33:08'),
    ('TINS.JK', '4156', '2025-03-14 06:18:31'),
    ('TINS.JK', '9379', '2025-04-28 11:14:47'),
    ('TINS.JK', '3687', '2025-03-23 11:52:50'),
    ('TINS.JK', '3514', '2025-03-03 10:20:45'),
    ('TINS.JK', '8104', '2025-03-15 13:59:50'),
    ('TINS.JK', '1424', '2025-04-28 05:00:49'),
    ('TINS.JK', '5055', '2025-01-16 01:17:26'),
    ('TINS.JK', '5425', '2025-01-25 04:46:37'),
    ('TINS.JK', '9707', '2025-01-22 08:35:28'),
    ('TINS.JK', '9984', '2025-03-20 23:44:17'),
    ('TINS.JK', '2080', '2025-03-05 22:55:02'),
    ('TINS.JK', '2457', '2025-03-12 10:51:40'),
    ('TINS.JK', '6464', '2025-02-23 01:27:04'),
    ('TINS.JK', '3397', '2025-02-13 20:08:36'),
    ('TINS.JK', '5483', '2025-01-02 21:57:59'),
    ('TINS.JK', '2604', '2025-03-15 05:40:27'),
    ('TINS.JK', '4640', '2025-03-15 12:33:16'),
    ('TINS.JK', '2720', '2025-01-24 23:34:04'),
    ('TINS.JK', '3879', '2025-04-13 05:33:16'),
    ('TINS.JK', '6022', '2025-04-25 08:07:58'),
    ('TINS.JK', '9021', '2025-01-19 13:15:04'),
    ('TINS.JK', '9666', '2025-03-09 17:59:34'),
    ('TINS.JK', '5620', '2025-04-18 02:22:23'),
    ('TINS.JK', '5440', '2025-04-28 23:00:04'),
    ('TINS.JK', '2623', '2025-01-10 07:31:30'),
    ('TINS.JK', '3797', '2025-03-03 17:58:14'),
    ('TINS.JK', '7382', '2025-02-05 01:59:41'),
    ('TINS.JK', '6655', '2025-05-12 14:49:56'),
    ('TINS.JK', '9711', '2025-04-18 02:58:35'),
    ('TINS.JK', '7597', '2025-04-03 14:20:14'),
    ('TINS.JK', '3090', '2025-02-20 07:18:42'),
    ('TINS.JK', '1155', '2025-04-10 17:23:17'),
    ('TINS.JK', '3547', '2025-05-08 16:27:55'),
    ('TINS.JK', '3070', '2025-01-28 16:53:27'),
    ('TINS.JK', '7206', '2025-04-21 05:01:29'),
    ('TINS.JK', '5380', '2025-01-11 06:22:01'),
    ('TINS.JK', '7064', '2025-02-18 08:56:39'),
    ('TINS.JK', '7852', '2025-03-30 21:26:24'),
    ('TINS.JK', '3999', '2025-03-27 05:42:06'),
    ('TINS.JK', '6799', '2025-04-02 00:08:27'),
    ('TINS.JK', '9228', '2025-02-25 16:40:35'),
    ('TINS.JK', '5519', '2025-03-25 01:31:47'),
    ('TINS.JK', '9529', '2025-02-14 10:07:04'),
    ('TINS.JK', '6000', '2025-05-04 10:16:29'),
    ('TINS.JK', '2424', '2025-03-01 08:29:09'),
    ('TINS.JK', '7660', '2025-03-02 17:27:34'),
    ('TINS.JK', '2476', '2025-05-04 05:48:27'),
    ('TINS.JK', '2302', '2025-01-15 21:24:58'),
    ('TINS.JK', '4932', '2025-01-19 04:21:51'),
    ('TINS.JK', '3705', '2025-04-22 17:10:12'),
    ('TINS.JK', '1940', '2025-01-17 10:11:42'),
    ('TINS.JK', '5683', '2025-04-18 14:34:18'),
    ('TINS.JK', '9074', '2025-01-03 01:50:26'),
    ('TINS.JK', '7946', '2025-05-12 11:12:09'),
    ('TINS.JK', '9334', '2025-01-27 11:48:08'),
    ('TINS.JK', '8858', '2025-04-07 15:56:25'),
    ('TINS.JK', '9437', '2025-05-12 09:59:46'),
    ('TINS.JK', '9722', '2025-01-25 05:06:17'),
    ('TINS.JK', '7643', '2025-01-03 16:46:47'),
    ('TINS.JK', '4115', '2025-01-02 09:58:30'),
    ('TINS.JK', '7962', '2025-04-14 18:08:02'),
    ('TINS.JK', '6653', '2025-02-17 10:10:36'),
    ('TINS.JK', '9652', '2025-05-13 20:02:06'),
    ('TINS.JK', '1693', '2025-04-28 22:33:57'),
    ('TINS.JK', '8350', '2025-02-02 17:25:03'),
    ('TINS.JK', '9577', '2025-02-13 16:53:44'),
    ('TINS.JK', '3864', '2025-01-15 14:05:44'),
    ('TINS.JK', '7013', '2025-01-26 21:18:38'),
    ('TINS.JK', '9416', '2025-03-10 14:27:28'),
    ('TINS.JK', '1834', '2025-03-24 02:01:42'),
    ('TINS.JK', '9118', '2025-03-15 14:42:34'),
    ('TINS.JK', '3793', '2025-03-14 11:37:41'),
    ('TINS.JK', '2855', '2025-03-07 15:00:04'),
    ('TINS.JK', '5092', '2025-04-15 16:28:46'),
    ('TINS.JK', '2931', '2025-02-26 07:47:58'),
    ('TINS.JK', '5901', '2025-04-04 19:31:27'),
    ('TINS.JK', '5809', '2025-02-21 09:49:41'),
    ('TINS.JK', '4490', '2025-01-01 10:24:45'),
    ('TINS.JK', '7449', '2025-02-12 05:27:06'),
    ('TINS.JK', '5994', '2025-05-05 20:28:27'),
    ('TINS.JK', '9446', '2025-01-07 21:06:42'),
    ('TINS.JK', '8586', '2025-04-30 22:55:03'),
    ('TINS.JK', '8999', '2025-01-12 03:57:15'),
    ('TINS.JK', '6828', '2025-01-02 03:27:16'),
    ('TINS.JK', '8542', '2025-03-05 19:09:44'),
    ('TINS.JK', '5888', '2025-03-10 17:15:35'),
    ('TINS.JK', '2755', '2025-01-02 00:01:16'),
    ('TINS.JK', '6729', '2025-02-06 03:33:28'),
    ('TINS.JK', '7587', '2025-03-10 20:14:25'),
    ('TINS.JK', '1145', '2025-01-20 16:16:05'),
    ('TINS.JK', '8058', '2025-04-06 13:06:04'),
    ('TINS.JK', '4236', '2025-01-17 10:56:04'),
    ('TINS.JK', '9668', '2025-04-10 20:53:54'),
    ('TINS.JK', '3518', '2025-03-21 18:05:22'),
    ('TINS.JK', '3029', '2025-04-05 15:30:19'),
    ('TINS.JK', '1113', '2025-01-31 05:17:24'),
    ('TINS.JK', '5098', '2025-02-13 21:40:48'),
    ('TINS.JK', '8711', '2025-03-18 18:30:20'),
    ('TINS.JK', '7132', '2025-02-28 02:46:08'),
    ('TINS.JK', '6971', '2025-03-25 04:12:57'),
    ('TINS.JK', '3984', '2025-04-15 03:55:58'),
    ('TINS.JK', '5415', '2025-01-22 02:33:19'),
    ('TINS.JK', '8185', '2025-05-08 10:29:05'),
    ('TINS.JK', '8198', '2025-02-01 10:12:09'),
    ('TINS.JK', '3291', '2025-03-10 16:32:15'),
    ('TINS.JK', '8110', '2025-01-02 03:04:39'),
    ('TINS.JK', '6885', '2025-02-08 12:54:43'),
    ('TINS.JK', '2813', '2025-02-06 19:26:47'),
    ('TINS.JK', '5667', '2025-01-08 19:36:28'),
    ('TINS.JK', '3190', '2025-03-18 14:43:03'),
    ('TINS.JK', '7898', '2025-03-06 07:34:00'),
    ('TINS.JK', '1517', '2025-02-01 03:06:37'),
    ('TINS.JK', '4260', '2025-04-04 01:40:35'),
    ('TINS.JK', '5354', '2025-01-24 01:36:44'),
    ('TINS.JK', '7899', '2025-04-05 23:13:16'),
    ('TINS.JK', '9119', '2025-05-13 09:07:20'),
    ('TINS.JK', '3087', '2025-03-05 02:05:11'),
    ('TINS.JK', '7551', '2025-04-08 10:49:49'),
    ('TINS.JK', '7370', '2025-01-26 12:27:02'),
    ('TINS.JK', '2797', '2025-01-21 22:45:19'),
    ('TINS.JK', '1346', '2025-01-25 11:46:42'),
    ('TINS.JK', '3548', '2025-03-08 19:43:04'),
    ('TINS.JK', '9192', '2025-01-03 15:36:31'),
    ('TINS.JK', '4874', '2025-01-11 02:31:23'),
    ('TINS.JK', '6605', '2025-03-25 10:23:03'),
    ('TINS.JK', '1131', '2025-03-26 08:07:03'),
    ('TINS.JK', '8867', '2025-02-26 05:00:44'),
    ('TINS.JK', '5623', '2025-04-05 08:35:39'),
    ('TINS.JK', '2353', '2025-03-25 07:03:39'),
    ('TINS.JK', '5059', '2025-04-30 22:17:09'),
    ('TINS.JK', '3498', '2025-04-10 06:33:01'),
    ('TINS.JK', '4061', '2025-02-18 10:35:58'),
    ('TINS.JK', '5606', '2025-01-23 08:01:55'),
    ('TINS.JK', '5317', '2025-02-18 00:45:17'),
    ('TINS.JK', '8031', '2025-02-08 12:40:08'),
    ('TINS.JK', '8764', '2025-01-21 00:19:01'),
    ('TINS.JK', '9230', '2025-04-29 15:56:04'),
    ('TINS.JK', '3968', '2025-02-06 15:15:40'),
    ('TINS.JK', '3436', '2025-02-14 13:00:28'),
    ('TINS.JK', '2973', '2025-01-26 16:32:35'),
    ('TINS.JK', '7574', '2025-01-08 10:48:01'),
    ('TINS.JK', '5486', '2025-02-07 07:36:41'),
    ('TINS.JK', '3395', '2025-03-24 18:42:57'),
    ('TINS.JK', '1289', '2025-04-30 16:56:46'),
    ('TINS.JK', '4270', '2025-01-18 15:47:23'),
    ('TINS.JK', '1834', '2025-03-15 20:34:18'),
    ('TINS.JK', '7673', '2025-04-12 22:32:34'),
    ('TINS.JK', '6020', '2025-05-03 23:26:18'),
    ('TINS.JK', '4791', '2025-02-13 01:32:51'),
    ('TINS.JK', '6507', '2025-03-24 17:39:26'),
    ('TINS.JK', '8851', '2025-01-12 21:54:37'),
    ('TINS.JK', '9353', '2025-03-24 22:18:13'),
    ('TINS.JK', '1846', '2025-03-01 02:05:38'),
    ('TINS.JK', '2803', '2025-02-22 06:46:39'),
    ('TINS.JK', '6956', '2025-02-24 11:29:07'),
    ('TINS.JK', '6751', '2025-03-23 04:22:01'),
    ('TINS.JK', '5046', '2025-03-04 02:33:59'),
    ('TINS.JK', '1779', '2025-02-05 07:01:26'),
    ('TINS.JK', '1669', '2025-01-01 02:29:51'),
    ('TINS.JK', '1854', '2025-05-09 05:49:49'),
    ('TINS.JK', '6269', '2025-02-11 03:53:13'),
    ('TINS.JK', '5674', '2025-04-02 15:57:01'),
    ('TINS.JK', '5590', '2025-04-28 18:35:47'),
    ('TINS.JK', '2650', '2025-03-25 16:10:28'),
    ('TINS.JK', '4028', '2025-02-18 23:37:51'),
    ('TINS.JK', '9049', '2025-03-12 14:24:41'),
    ('TINS.JK', '6476', '2025-03-01 02:24:18'),
    ('TINS.JK', '2827', '2025-01-19 19:31:37'),
    ('TINS.JK', '1223', '2025-05-13 14:49:52'),
    ('TINS.JK', '3134', '2025-03-06 07:33:30'),
    ('TINS.JK', '6907', '2025-03-12 04:10:33'),
    ('TINS.JK', '9664', '2025-04-28 10:10:14'),
    ('TINS.JK', '7088', '2025-02-16 06:20:08'),
    ('TINS.JK', '5521', '2025-02-10 18:49:34'),
    ('TINS.JK', '7292', '2025-01-17 22:31:36'),
    ('TINS.JK', '2742', '2025-01-26 08:06:21'),
    ('TINS.JK', '2971', '2025-01-08 23:15:19'),
    ('TINS.JK', '4120', '2025-02-07 11:06:26'),
    ('TINS.JK', '8303', '2025-01-20 03:41:01'),
    ('TINS.JK', '2226', '2025-04-17 03:14:34'),
    ('TINS.JK', '6618', '2025-02-28 12:58:54'),
    ('TINS.JK', '8769', '2025-02-09 05:23:02'),
    ('TINS.JK', '9741', '2025-01-30 20:09:54'),
    ('TINS.JK', '1717', '2025-01-25 19:44:24'),
    ('TINS.JK', '4140', '2025-03-23 05:00:42'),
    ('TINS.JK', '5137', '2025-04-19 19:24:06'),
    ('TINS.JK', '6690', '2025-03-13 01:44:22'),
    ('TINS.JK', '8347', '2025-05-03 07:22:55'),
    ('TINS.JK', '2923', '2025-03-26 16:29:36'),
    ('TINS.JK', '2109', '2025-04-04 18:06:25'),
    ('TINS.JK', '7864', '2025-04-12 16:54:40'),
    ('TINS.JK', '9255', '2025-01-05 05:56:39'),
    ('TINS.JK', '3735', '2025-04-27 08:15:30'),
    ('TINS.JK', '5491', '2025-01-26 00:52:37'),
    ('TINS.JK', '5745', '2025-01-09 19:47:24'),
    ('TINS.JK', '1996', '2025-02-06 22:21:14'),
    ('TINS.JK', '7512', '2025-04-07 02:59:16'),
    ('TINS.JK', '9723', '2025-04-10 17:01:33'),
    ('TINS.JK', '2228', '2025-02-02 03:22:14'),
    ('TINS.JK', '8172', '2025-04-09 21:24:33'),
    ('TINS.JK', '7293', '2025-04-20 05:26:00'),
    ('TINS.JK', '7393', '2025-03-19 20:05:29'),
    ('TINS.JK', '5448', '2025-02-10 04:20:18'),
    ('TINS.JK', '4015', '2025-01-01 16:46:47'),
    ('TINS.JK', '3621', '2025-04-22 01:14:15'),
    ('TINS.JK', '4568', '2025-04-25 23:26:43'),
    ('TINS.JK', '1145', '2025-04-10 13:48:03'),
    ('TINS.JK', '8461', '2025-04-08 19:57:39'),
    ('TINS.JK', '9602', '2025-02-20 06:15:24'),
    ('TINS.JK', '5971', '2025-02-12 18:50:30'),
    ('TINS.JK', '5855', '2025-02-22 03:22:08'),
    ('TINS.JK', '2951', '2025-02-03 05:25:34'),
    ('TINS.JK', '4668', '2025-01-09 20:34:10'),
    ('TINS.JK', '9741', '2025-02-16 06:10:14'),
    ('TINS.JK', '5781', '2025-01-08 14:10:32'),
    ('TINS.JK', '3427', '2025-02-23 22:26:20'),
    ('TINS.JK', '3178', '2025-02-22 12:19:03'),
    ('TINS.JK', '1844', '2025-05-05 17:51:43'),
    ('TINS.JK', '5079', '2025-02-10 18:32:32'),
    ('TINS.JK', '9758', '2025-01-23 13:27:38'),
    ('TINS.JK', '1022', '2025-05-06 22:54:25'),
    ('TINS.JK', '6692', '2025-05-03 20:30:57');
CREATE TABLE stock_daily_price (
    ticker VARCHAR(100),
    date DATE,
    open DOUBLE,
    close DOUBLE,
    highest DOUBLE,
    lowest DOUBLE,
    PRIMARY KEY (ticker, date)
,
    FOREIGN KEY (ticker) REFERENCES stocks(ticker) ON DELETE CASCADE ON UPDATE CASCADE  
);
INSERT INTO stock_daily_price (ticker, date, open, close, highest, lowest) VALUES
    ('BBCA.JK', '2024-05-13', '8881.078740157482', '9194.8125', '9194.8125', '8881.078740157482'),
    ('BBCA.JK', '2024-05-14', '9291.346390809063', '9218.9462890625', '9339.613125306774', '9194.812921813646'),
    ('BBCA.JK', '2024-05-15', '9170.6787109375', '9170.6787109375', '9267.212171052632', '9098.278615851152'),
    ('BBCA.JK', '2024-05-16', '9243.07952372233', '9267.212890625', '9339.612991333008', '9194.812789916992'),
    ('BBCA.JK', '2024-05-17', '9267.211538461539', '9412.01171875', '9508.54517227564', '9243.078175080127'),
    ('BBCA.JK', '2024-05-20', '9363.746196817283', '9146.5458984375', '9460.279662763853', '9146.5458984375'),
    ('BBCA.JK', '2024-05-21', '9122.4118125', '9050.01171875', '9243.078635416667', '9050.01171875'),
    ('BBCA.JK', '2024-05-22', '9146.545048802222', '9098.2783203125', '9243.078505781665', '9001.744863333057'),
    ('BBCA.JK', '2024-05-27', '8977.611328125', '8977.611328125', '9050.011419480847', '8953.477964339718'),
    ('BBCA.JK', '2024-05-28', '8977.611328125', '8977.611328125', '9074.144783266129', '8977.611328125'),
    ('BBCA.JK', '2024-05-29', '8953.479337431694', '8832.8125', '9001.746072404372', '8832.8125'),
    ('BBCA.JK', '2024-05-30', '8688.01171875', '8688.01171875', '8929.345377604166', '8470.81142578125'),
    ('BBCA.JK', '2024-05-31', '8784.544541807432', '8929.3447265625', '8929.3447265625', '8712.1444494299'),
    ('BBCA.JK', '2024-06-03', '9025.878611438678', '8953.478515625', '9025.878611438678', '8905.211785082547'),
    ('BBCA.JK', '2024-06-04', '9194.812468666443', '9025.87890625', '9194.812468666443', '9025.87890625'),
    ('BBCA.JK', '2024-06-05', '9170.678840112434', '9122.412109375', '9170.678840112434', '8977.611917162698'),
    ('BBCA.JK', '2024-06-06', '9194.812631410785', '9146.5458984375', '9194.812631410785', '9122.412531950857'),
    ('BBCA.JK', '2024-06-07', '9170.67867166555', '9001.7451171875', '9170.67867166555', '9001.7451171875'),
    ('BBCA.JK', '2024-06-10', '9170.679133858268', '9194.8125', '9194.8125', '9122.412401574804'),
    ('BBCA.JK', '2024-06-11', '9218.944965977822', '8977.611328125', '9218.944965977822', '8977.611328125'),
    ('BBCA.JK', '2024-06-12', '8977.611454814189', '8929.3447265625', '9001.744818940033', '8929.3447265625'),
    ('BBCA.JK', '2024-06-13', '9146.545134171196', '8881.078125', '9146.545134171196', '8881.078125'),
    ('BBCA.JK', '2024-06-14', '8881.078125', '8881.078125', '8929.344853940218', '8784.544667119566'),
    ('BBCA.JK', '2024-06-19', '8929.345244518301', '8736.2783203125', '8929.345244518301', '8736.2783203125'),
    ('BBCA.JK', '2024-06-20', '8832.811313619031', '9098.2783203125', '9098.2783203125', '8784.54458512931'),
    ('BBCA.JK', '2024-06-21', '9146.546056111654', '9267.212890625', '9339.612991333008', '9074.145955403646'),
    ('BBCA.JK', '2024-06-24', '9267.212890625', '9267.212890625', '9412.013092041016', '9243.07952372233'),
    ('BBCA.JK', '2024-06-25', '9267.212890625', '9267.212890625', '9267.212890625', '9122.412689208984'),
    ('BBCA.JK', '2024-06-26', '9194.812075966283', '9170.6787109375', '9315.478901110197', '9122.411980879933'),
    ('BBCA.JK', '2024-06-27', '9243.078175080127', '9412.01171875', '9412.01171875', '9218.944811698717'),
    ('BBCA.JK', '2024-06-28', '9460.279459225441', '9580.9462890625', '9629.213020997324', '9436.146093258028'),
    ('BBCA.JK', '2024-07-01', '9508.546321202532', '9532.6796875', '9556.813053797468', '9484.412954905063'),
    ('BBCA.JK', '2024-07-02', '9653.34595959596', '9556.8125', '9653.34595959596', '9508.54577020202'),
    ('BBCA.JK', '2024-07-03', '9629.21331298828', '9653.3466796875', '9653.3466796875', '9580.946579589843'),
    ('BBCA.JK', '2024-07-04', '9629.212294250954', '9484.412109375', '9653.345658396947', '9484.412109375'),
    ('BBCA.JK', '2024-07-05', '9580.94573698571', '9605.0791015625', '9629.21246613929', '9532.67900783213'),
    ('BBCA.JK', '2024-07-08', '9653.346548507463', '9701.61328125', '9701.61328125', '9605.079815764926'),
    ('BBCA.JK', '2024-07-09', '9749.879458746898', '9725.74609375', '9798.146188740695', '9725.74609375'),
    ('BBCA.JK', '2024-07-10', '9822.279980952197', '9749.8798828125', '9870.546713045327', '9701.61315071937'),
    ('BBCA.JK', '2024-07-11', '9653.345998759305', '9725.74609375', '9774.012823743797', '9653.345998759305'),
    ('BBCA.JK', '2024-07-12', '9701.612728753102', '9725.74609375', '9749.879458746898', '9677.479363756203'),
    ('BBCA.JK', '2024-07-15', '9701.61328125', '9701.61328125', '9725.746647621268', '9605.079815764926'),
    ('BBCA.JK', '2024-07-16', '9629.21246613929', '9605.0791015625', '9677.47919529287', '9605.0791015625'),
    ('BBCA.JK', '2024-07-17', '9556.81275908801', '9460.279296875', '9605.079490194516', '9460.279296875'),
    ('BBCA.JK', '2024-07-18', '9460.279490253713', '9749.8798828125', '9749.8798828125', '9460.279490253713'),
    ('BBCA.JK', '2024-07-19', '9701.613570601852', '9774.013671875', '9774.013671875', '9629.213469328703'),
    ('BBCA.JK', '2024-07-22', '9774.013248859066', '9749.8798828125', '9798.14661490563', '9749.8798828125'),
    ('BBCA.JK', '2024-07-23', '9846.413640202702', '9822.2802734375', '9846.413640202702', '9774.013539907095'),
    ('BBCA.JK', '2024-07-24', '9774.012823743797', '9725.74609375', '9822.279553737593', '9725.74609375'),
    ('BBCA.JK', '2024-07-25', '9870.546194724666', '9942.9462890625', '9942.9462890625', '9846.412829945388'),
    ('BBCA.JK', '2024-07-26', '10015.346809738196', '9967.080078125', '10039.480175544793', '9942.946712318402'),
    ('BBCA.JK', '2024-07-29', '10039.479878048782', '9894.6796875', '10063.613243140244', '9822.27959222561'),
    ('BBCA.JK', '2024-07-30', '9942.947107263513', '9822.2802734375', '9942.947107263513', '9822.2802734375'),
    ('BBCA.JK', '2024-07-31', '9991.212591240876', '9918.8125', '9991.212591240876', '9870.545772506082'),
    ('BBCA.JK', '2024-08-01', '9846.41312123494', '10015.3466796875', '10015.3466796875', '9846.41312123494'),
    ('BBCA.JK', '2024-08-02', '9918.813182157628', '9846.4130859375', '9991.213278377758', '9846.4130859375'),
    ('BBCA.JK', '2024-08-05', '9653.34651898734', '9532.6796875', '9798.146716772151', '9532.6796875'),
    ('BBCA.JK', '2024-08-06', '9725.746779785157', '9653.3466796875', '9725.746779785157', '9605.079946289063'),
    ('BBCA.JK', '2024-08-07', '9653.346418626237', '9749.8798828125', '9749.8798828125', '9653.346418626237'),
    ('BBCA.JK', '2024-08-08', '9798.145806272922', '9870.5458984375', '9870.5458984375', '9725.745714108343'),
    ('BBCA.JK', '2024-08-09', '9870.546581550185', '9798.146484375', '9894.679947275246', '9749.879752924877'),
    ('BBCA.JK', '2024-08-12', '9749.879624310663', '9846.4130859375', '9846.4130859375', '9725.746258903951'),
    ('BBCA.JK', '2024-08-13', '9894.679559503944', '9942.9462890625', '9942.9462890625', '9822.279465166112'),
    ('BBCA.JK', '2024-08-14', '9942.946547564337', '9846.4130859375', '9942.946547564337', '9846.4130859375'),
    ('BBCA.JK', '2024-08-15', '9846.41253438264', '9870.5458984375', '9942.945990602078', '9822.279170327782'),
    ('BBCA.JK', '2024-08-16', '9942.946712318402', '9967.080078125', '9967.080078125', '9894.679980705205'),
    ('BBCA.JK', '2024-08-19', '9967.079948701054', '10015.3466796875', '10063.613410673946', '9918.813217714609'),
    ('BBCA.JK', '2024-08-20', '9967.079820518586', '10063.61328125', '10087.746646432854', '9942.946455335732'),
    ('BBCA.JK', '2024-08-21', '10136.01337679856', '10063.61328125', '10136.01337679856', '10063.61328125'),
    ('BBCA.JK', '2024-08-22', '9991.213443931598', '9967.080078125', '10039.480175544793', '9870.546614898607'),
    ('BBCA.JK', '2024-08-23', '9967.080078125', '9967.080078125', '10015.346809738196', '9942.946712318402'),
    ('BBCA.JK', '2024-08-26', '9918.813346511803', '9967.080078125', '10015.346809738196', '9894.679980705205'),
    ('BBCA.JK', '2024-08-27', '9918.813182157628', '9846.4130859375', '9942.946547564337', '9822.27972053079'),
    ('BBCA.JK', '2024-08-28', '9942.946161684782', '9991.212890625', '9991.212890625', '9894.679432744566'),
    ('BBCA.JK', '2024-08-29', '10136.012903040953', '9870.5458984375', '10136.012903040953', '9870.5458984375'),
    ('BBCA.JK', '2024-08-30', '9967.080078125', '9967.080078125', '9967.080078125', '9846.41324909201'),
    ('BBCA.JK', '2024-09-02', '10015.345954987835', '9918.8125', '10015.345954987835', '9846.412408759124'),
    ('BBCA.JK', '2024-09-03', '9967.080474028717', '9822.2802734375', '9967.080474028717', '9798.146906672297'),
    ('BBCA.JK', '2024-09-04', '9798.146100386833', '9942.9462890625', '9942.9462890625', '9774.012735607555'),
    ('BBCA.JK', '2024-09-05', '9991.213147865854', '9894.6796875', '9991.213147865854', '9894.6796875'),
    ('BBCA.JK', '2024-09-06', '9870.546194724666', '9942.9462890625', '9942.9462890625', '9870.546194724666'),
    ('BBCA.JK', '2024-09-09', '9942.94586374696', '9918.8125', '9991.212591240876', '9846.412408759124'),
    ('BBCA.JK', '2024-09-10', '9991.212890625', '9991.212890625', '9991.212890625', '9918.812797214674'),
    ('BBCA.JK', '2024-09-11', '10063.61328125', '10063.61328125', '10063.61328125', '9991.21318570144'),
    ('BBCA.JK', '2024-09-12', '10087.746517937052', '10111.8798828125', '10136.013247687948', '10015.34642331071'),
    ('BBCA.JK', '2024-09-13', '10039.479916067146', '10063.61328125', '10063.61328125', '9967.079820518586'),
    ('BBCA.JK', '2024-09-17', '10087.746940104167', '10136.013671875', '10136.013671875', '9991.2134765625'),
    ('BBCA.JK', '2024-09-18', '10136.013832720588', '10256.6806640625', '10256.6806640625', '10087.747100183824'),
    ('BBCA.JK', '2024-09-19', '10329.080535048739', '10522.1474609375', '10522.1474609375', '10280.813803576548'),
    ('BBCA.JK', '2024-09-20', '10522.147295533643', '10401.48046875', '10522.147295533643', '10401.48046875'),
    ('BBCA.JK', '2024-09-23', '10353.213773544521', '10570.4140625', '10570.4140625', '10353.213773544521'),
    ('BBCA.JK', '2024-09-24', '10401.479917173032', '10425.61328125', '10570.413465711805', '10401.479917173032'),
    ('BBCA.JK', '2024-09-25', '10304.946336315525', '10473.8798828125', '10473.8798828125', '10160.146153603831'),
    ('BBCA.JK', '2024-09-26', '10498.01462333893', '10329.0810546875', '10498.01462333893', '10304.947687737294'),
    ('BBCA.JK', '2024-09-27', '10136.01424955986', '10280.814453125', '10377.347922168428', '10039.480780516433'),
    ('BBCA.JK', '2024-09-30', '10111.880272964589', '9967.080078125', '10184.280370384382', '9967.080078125'),
    ('BBCA.JK', '2024-10-01', '10039.480079976303', '10184.2802734375', '10184.2802734375', '10015.346714399437'),
    ('BBCA.JK', '2024-10-02', '9967.080110677083', '10136.013671875', '10184.280403645833', '9967.080110677083'),
    ('BBCA.JK', '2024-10-03', '10087.7470703125', '10087.7470703125', '10160.147168903259', '10039.48033791866'),
    ('BBCA.JK', '2024-10-04', '10039.479788186158', '10111.8798828125', '10111.8798828125', '9991.213058435262'),
    ('BBCA.JK', '2024-10-07', '9991.213018621056', '9942.9462890625', '10015.346383400334', '9894.679559503944'),
    ('BBCA.JK', '2024-10-08', '9846.412578876203', '10039.4794921875', '10136.012948843148', '9798.145850548377'),
    ('BBCA.JK', '2024-10-09', '10039.479916067146', '10063.61328125', '10160.146741981414', '10039.479916067146'),
    ('BBCA.JK', '2024-10-10', '10063.613574218749', '10136.013671875', '10136.013671875', '10039.480208333332'),
    ('BBCA.JK', '2024-10-11', '10208.413603633284', '10015.3466796875', '10208.413603633284', '10015.3466796875'),
    ('BBCA.JK', '2024-10-14', '10015.346842447916', '10136.013671875', '10136.013671875', '10015.346842447916'),
    ('BBCA.JK', '2024-10-15', '10184.280565257353', '10256.6806640625', '10256.6806640625', '10087.747100183824'),
    ('BBCA.JK', '2024-10-16', '10329.080166691527', '10111.8798828125', '10353.213531566975', '10111.8798828125'),
    ('BBCA.JK', '2024-10-17', '10184.280307583042', '10353.2138671875', '10425.613964160839', '10136.013576267482'),
    ('BBCA.JK', '2024-10-18', '10498.01350154433', '10377.3466796875', '10498.01350154433', '10353.213315316134'),
    ('BBCA.JK', '2024-10-21', '10473.880827356557', '10304.947265625', '10473.880827356557', '10304.947265625'),
    ('BBCA.JK', '2024-10-22', '10111.880305989584', '10136.013671875', '10232.547135416666', '10111.880305989584'),
    ('BBCA.JK', '2024-10-23', '10111.880882299003', '10280.814453125', '10280.814453125', '10111.880882299003'),
    ('BBCA.JK', '2024-10-24', '10353.214421637704', '10329.0810546875', '10473.881256388726', '10329.0810546875'),
    ('BBCA.JK', '2024-10-25', '10280.813222202034', '10377.3466796875', '10377.3466796875', '10256.679857830668'),
    ('BBCA.JK', '2024-10-28', '10449.747162441037', '10232.546875', '10449.747162441037', '10232.546875'),
    ('BBCA.JK', '2024-10-29', '10160.147037760416', '10136.013671875', '10208.41376953125', '10136.013671875'),
    ('BBCA.JK', '2024-10-30', '9918.812797214674', '9991.212890625', '10039.479619565218', '9918.812797214674'),
    ('BBCA.JK', '2024-10-31', '9967.07978277439', '9894.6796875', '10111.879973323172', '9894.6796875'),
    ('BBCA.JK', '2024-11-01', '9918.813090152877', '10063.61328125', '10063.61328125', '9918.813090152877'),
    ('BBCA.JK', '2024-11-04', '10063.613410673946', '10015.3466796875', '10136.013507153615', '9942.946583207831'),
    ('BBCA.JK', '2024-11-05', '9942.946744791667', '10136.013671875', '10208.41376953125', '9942.946744791667'),
    ('BBCA.JK', '2024-11-06', '10111.88043650942', '10087.7470703125', '10136.01380270634', '10015.34697172174'),
    ('BBCA.JK', '2024-11-07', '9967.080474028717', '9822.2802734375', '10087.74730785473', '9822.2802734375'),
    ('BBCA.JK', '2024-11-08', '9846.412918734492', '9725.74609375', '9870.54628373139', '9701.612728753102'),
    ('BBCA.JK', '2024-11-11', '9460.279617537313', '9701.61328125', '9701.61328125', '9460.279617537313'),
    ('BBCA.JK', '2024-11-12', '9749.879752924877', '9798.146484375', '9870.546581550185', '9653.34629002463'),
    ('BBCA.JK', '2024-11-13', '9870.546581550185', '9798.146484375', '9894.679947275246', '9798.146484375'),
    ('BBCA.JK', '2024-11-14', '9774.013248859066', '9749.8798828125', '9822.279980952197', '9701.61315071937'),
    ('BBCA.JK', '2024-11-15', '9701.613439611487', '9822.2802734375', '9918.81374049831', '9701.613439611487'),
    ('BBCA.JK', '2024-11-18', '9725.746779785157', '9653.3466796875', '9774.013513183594', '9653.3466796875'),
    ('BBCA.JK', '2024-11-19', '9556.812923095087', '9580.9462890625', '9677.479752932148', '9556.812923095087'),
    ('BBCA.JK', '2024-11-20', '9677.479363756203', '9725.74609375', '9798.146188740695', '9653.345998759305'),
    ('BBCA.JK', '2024-11-21', '9701.493099619289', '9555.970703125', '9701.493099619289', '9555.970703125'),
    ('BBCA.JK', '2024-11-22', '9628.731901372144', '9555.970703125', '9652.985634121193', '9555.970703125'),
    ('BBCA.JK', '2024-11-25', '9652.984974854115', '9871.2685546875', '9895.522285780098', '9604.477512668918'),
    ('BBCA.JK', '2024-11-26', '9944.030493164062', '9701.4931640625', '9944.030493164062', '9701.4931640625'),
    ('BBCA.JK', '2024-11-28', '9677.239431152344', '9701.4931640625', '9774.254362792968', '9628.731965332032'),
    ('BBCA.JK', '2024-11-29', '9701.4931640625', '9701.4931640625', '9798.508095703126', '9652.985698242188'),
    ('BBCA.JK', '2024-12-02', '9701.492387820514', '9458.955078125', '9749.999849759615', '9458.955078125'),
    ('BBCA.JK', '2024-12-03', '9725.74634028416', '9895.5224609375', '9919.776192459405', '9604.477682674631'),
    ('BBCA.JK', '2024-12-04', '9871.268729415593', '9895.5224609375', '9944.02992398131', '9750.000071806066'),
    ('BBCA.JK', '2024-12-05', '9944.0302734375', '9944.0302734375', '10041.04520293445', '9919.776541063262'),
    ('BBCA.JK', '2024-12-06', '9798.507638027295', '9774.25390625', '9871.268833359181', '9750.000174472705'),
    ('BBCA.JK', '2024-12-09', '9725.746409835447', '10041.044921875', '10041.044921875', '9701.492678140097'),
    ('BBCA.JK', '2024-12-10', '10016.79119017965', '10041.044921875', '10041.044921875', '9968.28372678895'),
    ('BBCA.JK', '2024-12-11', '9919.776777015888', '10113.806640625', '10113.806640625', '9919.776777015888'),
    ('BBCA.JK', '2024-12-12', '9992.53721015049', '9871.2685546875', '10065.298403428285', '9871.2685546875'),
    ('BBCA.JK', '2024-12-13', '9822.76119402985', '9750.0', '9919.776119402984', '9725.746268656716'),
    ('BBCA.JK', '2024-12-16', '9701.492883663366', '9798.5078125', '9822.761544709158', '9701.492883663366'),
    ('BBCA.JK', '2024-12-17', '9652.985001380997', '9604.4775390625', '9749.999926017992', '9604.4775390625'),
    ('BBCA.JK', '2024-12-18', '9604.477818080357', '9507.462890625', '9725.746477399554', '9507.462890625'),
    ('BBCA.JK', '2024-12-19', '9410.448068071706', '9386.1943359375', '9483.209264474322', '9264.925675266473'),
    ('BBCA.JK', '2024-12-20', '9361.9404296875', '9361.9404296875', '9458.955356420012', '9337.686698004372'),
    ('BBCA.JK', '2024-12-23', '9410.447790121483', '9483.208984375', '9555.970178628517', '9410.447790121483'),
    ('BBCA.JK', '2024-12-24', '9555.970002003205', '9458.955078125', '9604.477463942309', '9458.955078125'),
    ('BBCA.JK', '2024-12-27', '9507.462890625', '9507.462890625', '9531.71662248884', '9434.701695033482'),
    ('BBCA.JK', '2024-12-30', '9507.462996608527', '9386.1943359375', '9531.716728742733', '9386.1943359375'),
    ('BBCA.JK', '2025-01-02', '9361.940227470013', '9604.4775390625', '9604.4775390625', '9361.940227470013'),
    ('BBCA.JK', '2025-01-03', '9555.970703125', '9555.970703125', '9628.731901372144', '9531.716970375952'),
    ('BBCA.JK', '2025-01-06', '9555.970460876939', '9386.1943359375', '9580.224193011143', '9361.940603803296'),
    ('BBCA.JK', '2025-01-07', '9386.194266732284', '9240.671875', '9434.701730643044', '9240.671875'),
    ('BBCA.JK', '2025-01-08', '9386.1943359375', '9386.1943359375', '9483.209264474322', '9289.17940740068'),
    ('BBCA.JK', '2025-01-09', '9458.955772128807', '9555.970703125', '9580.224435874048', '9434.70203937976'),
    ('BBCA.JK', '2025-01-10', '9507.463347525707', '9434.7021484375', '9628.732012672719', '9434.7021484375'),
    ('BBCA.JK', '2025-01-13', '9337.68687166909', '9386.1943359375', '9434.701800205912', '9337.68687166909'),
    ('BBCA.JK', '2025-01-14', '9313.433070866142', '9240.671875', '9434.701730643044', '9240.671875'),
    ('BBCA.JK', '2025-01-15', '9289.179303850447', '9507.462890625', '9507.462890625', '9264.925571986607'),
    ('BBCA.JK', '2025-01-16', '9555.970002003205', '9458.955078125', '9628.73119491186', '9458.955078125'),
    ('BBCA.JK', '2025-01-17', '9458.955152107008', '9604.4775390625', '9604.4775390625', '9361.940227470013'),
    ('BBCA.JK', '2025-01-20', '9555.97010450487', '9337.6865234375', '9580.223835734578', '9337.6865234375'),
    ('BBCA.JK', '2025-01-21', '9313.433420365536', '9289.1796875', '9386.194618962141', '9264.925954634466'),
    ('BBCA.JK', '2025-01-22', '9361.940078735352', '9313.4326171875', '9386.193809509277', '9289.178886413574'),
    ('BBCA.JK', '2025-01-23', '9313.4326171875', '9313.4326171875', '9458.955001831055', '9313.4326171875'),
    ('BBCA.JK', '2025-01-24', '9337.686552159927', '9070.8955078125', '9361.940283464237', '9070.8955078125'),
    ('BBCA.JK', '2025-01-30', '8876.8662109375', '8876.8662109375', '8998.134875021346', '8876.8662109375'),
    ('BBCA.JK', '2025-01-31', '8973.881267567791', '9167.9111328125', '9216.418599123677', '8949.627534412202'),
    ('BBCA.JK', '2025-02-03', '9119.402970421123', '9070.8955078125', '9119.402970421123', '8949.626851290943'),
    ('BBCA.JK', '2025-02-04', '9070.896250212874', '8901.1201171875', '9119.403716791554', '8901.1201171875'),
    ('BBCA.JK', '2025-02-05', '8828.35857234589', '8852.6123046875', '8901.119769370718', '8828.35857234589'),
    ('BBCA.JK', '2025-02-06', '8804.104595844972', '8682.8359375', '8828.358327513966', '8585.821010824022'),
    ('BBCA.JK', '2025-02-07', '8682.835806943516', '9070.8955078125', '9070.8955078125', '8561.567150421957'),
    ('BBCA.JK', '2025-02-10', '8755.597546853654', '8876.8662109375', '8973.881142204576', '8755.597546853654'),
    ('BBCA.JK', '2025-02-11', '8755.597029420627', '8804.1044921875', '8828.358223570936', '8731.343298037189'),
    ('BBCA.JK', '2025-02-12', '8682.836348403347', '8876.8662109375', '8876.8662109375', '8682.836348403347'),
    ('BBCA.JK', '2025-02-13', '8828.358680555555', '8731.34375', '8876.866145833334', '8731.34375'),
    ('BBCA.JK', '2025-02-14', '8731.343575905292', '8707.08984375', '8804.104772371169', '8682.836111594708'),
    ('BBCA.JK', '2025-02-17', '8707.089369868465', '9046.6416015625', '9046.6416015625', '8707.089369868465'),
    ('BBCA.JK', '2025-02-18', '9046.642404863911', '9022.388671875', '9289.179734753025', '8973.881205897176'),
    ('BBCA.JK', '2025-02-19', '8949.626985858938', '8682.8359375', '8973.880717527933', '8682.8359375'),
    ('BBCA.JK', '2025-02-20', '8707.090017361112', '8731.34375', '8755.597482638888', '8682.836284722222'),
    ('BBCA.JK', '2025-02-21', '8682.836284722222', '8731.34375', '8731.34375', '8658.582552083333'),
    ('BBCA.JK', '2025-02-24', '8658.58203125', '8658.58203125', '8707.089493609943', '8610.074568890055'),
    ('BBCA.JK', '2025-02-25', '8634.328578700424', '8561.5673828125', '8731.343506550991', '8561.5673828125'),
    ('BBCA.JK', '2025-02-26', '8537.31330128205', '8513.0595703125', '8634.328225160256', '8464.552108373397'),
    ('BBCA.JK', '2025-02-27', '8537.313508064515', '8270.5224609375', '8537.313508064515', '8246.268729380497'),
    ('BBCA.JK', '2025-02-28', '8270.522742025223', '8173.5078125', '8416.045136313056', '8173.5078125'),
    ('BBCA.JK', '2025-03-03', '8343.283624822443', '8537.3134765625', '8634.32840243253', '8294.77616188743'),
    ('BBCA.JK', '2025-03-04', '8634.328753972457', '8585.8212890625', '8658.582486427436', '8416.045161877648'),
    ('BBCA.JK', '2025-03-05', '8561.567621527778', '8731.34375', '8901.119878472222', '8561.567621527778'),
    ('BBCA.JK', '2025-03-06', '8925.373433147632', '8707.08984375', '8925.373433147632', '8707.08984375'),
    ('BBCA.JK', '2025-03-07', '8731.343224789916', '8658.58203125', '8731.343224789916', '8658.58203125'),
    ('BBCA.JK', '2025-03-10', '8488.805912990196', '8658.58203125', '8707.089493609943', '8464.552181810224'),
    ('BBCA.JK', '2025-03-11', '8682.835762429972', '8658.58203125', '8779.85068714986', '8610.074568890055'),
    ('BBCA.JK', '2025-03-12', '8755.597375321062', '8852.6123046875', '8852.6123046875', '8707.089910637842'),
    ('BBCA.JK', '2025-03-13', '8876.865968837048', '8707.08984375', '8901.11970099234', '8707.08984375'),
    ('BBCA.JK', '2025-03-14', '8537.314107142858', '8488.806640625', '8658.5827734375', '8488.806640625'),
    ('BBCA.JK', '2025-03-17', '8488.806578170423', '8343.2841796875', '8513.060311250909', '8294.776713526526'),
    ('BBCA.JK', '2025-03-18', '8246.268619399472', '8052.23876953125', '8294.776081866528', '7833.9551884295'),
    ('BBCA.JK', '2025-03-19', '8052.238944022148', '8076.49267578125', '8149.253871058559', '7979.477748744839'),
    ('BBCA.JK', '2025-03-20', '8197.76119402985', '8125.0', '8222.014925373134', '8100.746268656717'),
    ('BBCA.JK', '2025-03-21', '8275.0', '7900.0', '8275.0', '7900.0'),
    ('BBCA.JK', '2025-03-24', '7825.0', '7950.0', '8100.0', '7625.0'),
    ('BBCA.JK', '2025-03-25', '8075.0', '8050.0', '8150.0', '8000.0'),
    ('BBCA.JK', '2025-03-26', '8300.0', '8525.0', '8650.0', '8275.0'),
    ('BBCA.JK', '2025-03-27', '8425.0', '8500.0', '8575.0', '8375.0'),
    ('BBCA.JK', '2025-04-08', '7400.0', '7775.0', '8000.0', '7275.0'),
    ('BBCA.JK', '2025-04-09', '7700.0', '7925.0', '7950.0', '7675.0'),
    ('BBCA.JK', '2025-04-10', '8500.0', '8225.0', '8650.0', '8175.0'),
    ('BBCA.JK', '2025-04-11', '8200.0', '8275.0', '8325.0', '8050.0'),
    ('BBCA.JK', '2025-04-14', '8250.0', '8400.0', '8400.0', '8250.0'),
    ('BBCA.JK', '2025-04-15', '8575.0', '8575.0', '8600.0', '8450.0'),
    ('BBCA.JK', '2025-04-16', '8500.0', '8475.0', '8550.0', '8425.0'),
    ('BBCA.JK', '2025-04-17', '8450.0', '8500.0', '8500.0', '8350.0'),
    ('BBCA.JK', '2025-04-21', '8500.0', '8300.0', '8500.0', '8300.0'),
    ('BBCA.JK', '2025-04-22', '8325.0', '8500.0', '8500.0', '8325.0'),
    ('BBCA.JK', '2025-04-23', '8550.0', '8725.0', '8725.0', '8550.0'),
    ('BBCA.JK', '2025-04-24', '8850.0', '8475.0', '8850.0', '8475.0'),
    ('BBCA.JK', '2025-04-25', '8650.0', '8600.0', '8650.0', '8575.0'),
    ('BBCA.JK', '2025-04-28', '8750.0', '8775.0', '8775.0', '8650.0'),
    ('BBCA.JK', '2025-04-29', '8800.0', '8725.0', '8825.0', '8700.0'),
    ('BBCA.JK', '2025-04-30', '8800.0', '8825.0', '8925.0', '8675.0'),
    ('BBCA.JK', '2025-05-02', '9000.0', '8975.0', '9000.0', '8850.0'),
    ('BBCA.JK', '2025-05-05', '9000.0', '8975.0', '9050.0', '8975.0'),
    ('BBCA.JK', '2025-05-06', '9050.0', '9025.0', '9050.0', '8975.0'),
    ('BBCA.JK', '2025-05-07', '9075.0', '9075.0', '9100.0', '9000.0'),
    ('BBCA.JK', '2025-05-08', '9075.0', '8975.0', '9200.0', '8925.0'),
    ('BBCA.JK', '2025-05-09', '9050.0', '9000.0', '9050.0', '8975.0'),
    ('TLKM.JK', '2024-05-13', '2893.223173764917', '2912.071533203125', '2921.495712922229', '2864.950634607605'),
    ('TLKM.JK', '2024-05-14', '2921.495635203826', '2940.343994140625', '2940.343994140625', '2902.6472762670273'),
    ('TLKM.JK', '2024-05-15', '2940.3442099294357', '2921.495849609375', '2949.768390089466', '2893.223309129284'),
    ('TLKM.JK', '2024-05-16', '2960.0', '3010.0', '3050.0', '2960.0'),
    ('TLKM.JK', '2024-05-17', '3050.0', '2990.0', '3050.0', '2980.0'),
    ('TLKM.JK', '2024-05-20', '2950.0', '2990.0', '3000.0', '2950.0'),
    ('TLKM.JK', '2024-05-21', '2990.0', '2950.0', '2990.0', '2920.0'),
    ('TLKM.JK', '2024-05-22', '2980.0', '2940.0', '2980.0', '2910.0'),
    ('TLKM.JK', '2024-05-27', '2900.0', '2810.0', '2920.0', '2780.0'),
    ('TLKM.JK', '2024-05-28', '2810.0', '2860.0', '2880.0', '2810.0'),
    ('TLKM.JK', '2024-05-29', '2850.0', '2810.0', '2860.0', '2810.0'),
    ('TLKM.JK', '2024-05-30', '2810.0', '2810.0', '2870.0', '2720.0'),
    ('TLKM.JK', '2024-05-31', '2840.0', '2900.0', '2920.0', '2810.0'),
    ('TLKM.JK', '2024-06-03', '2930.0', '2930.0', '2970.0', '2900.0'),
    ('TLKM.JK', '2024-06-04', '2980.0', '3000.0', '3060.0', '2940.0'),
    ('TLKM.JK', '2024-06-05', '3000.0', '3060.0', '3080.0', '3000.0'),
    ('TLKM.JK', '2024-06-06', '3100.0', '3050.0', '3100.0', '3030.0'),
    ('TLKM.JK', '2024-06-07', '3050.0', '3050.0', '3090.0', '3050.0'),
    ('TLKM.JK', '2024-06-10', '3050.0', '3010.0', '3050.0', '2980.0'),
    ('TLKM.JK', '2024-06-11', '2960.0', '2880.0', '2980.0', '2880.0'),
    ('TLKM.JK', '2024-06-12', '2890.0', '2920.0', '2970.0', '2890.0'),
    ('TLKM.JK', '2024-06-13', '2940.0', '2840.0', '2940.0', '2830.0'),
    ('TLKM.JK', '2024-06-14', '2820.0', '2720.0', '2830.0', '2700.0'),
    ('TLKM.JK', '2024-06-19', '2780.0', '2830.0', '2850.0', '2760.0'),
    ('TLKM.JK', '2024-06-20', '2850.0', '2840.0', '2850.0', '2800.0'),
    ('TLKM.JK', '2024-06-21', '2850.0', '2950.0', '2960.0', '2840.0'),
    ('TLKM.JK', '2024-06-24', '2930.0', '2950.0', '2980.0', '2910.0'),
    ('TLKM.JK', '2024-06-25', '2950.0', '2990.0', '2990.0', '2930.0'),
    ('TLKM.JK', '2024-06-26', '2990.0', '3000.0', '3020.0', '2980.0'),
    ('TLKM.JK', '2024-06-27', '3030.0', '3030.0', '3030.0', '2990.0'),
    ('TLKM.JK', '2024-06-28', '3030.0', '3130.0', '3140.0', '3030.0'),
    ('TLKM.JK', '2024-07-01', '3130.0', '3090.0', '3130.0', '3080.0'),
    ('TLKM.JK', '2024-07-02', '3070.0', '3040.0', '3090.0', '3030.0'),
    ('TLKM.JK', '2024-07-03', '3040.0', '3030.0', '3050.0', '3020.0'),
    ('TLKM.JK', '2024-07-04', '3000.0', '2960.0', '3050.0', '2960.0'),
    ('TLKM.JK', '2024-07-05', '2970.0', '3020.0', '3020.0', '2960.0'),
    ('TLKM.JK', '2024-07-08', '3040.0', '3080.0', '3090.0', '3000.0'),
    ('TLKM.JK', '2024-07-09', '3050.0', '3080.0', '3120.0', '3040.0'),
    ('TLKM.JK', '2024-07-10', '3090.0', '3160.0', '3180.0', '3090.0'),
    ('TLKM.JK', '2024-07-11', '3200.0', '3180.0', '3200.0', '3160.0'),
    ('TLKM.JK', '2024-07-12', '3230.0', '3220.0', '3270.0', '3210.0'),
    ('TLKM.JK', '2024-07-15', '3220.0', '3160.0', '3220.0', '3130.0'),
    ('TLKM.JK', '2024-07-16', '3180.0', '3100.0', '3180.0', '3090.0'),
    ('TLKM.JK', '2024-07-17', '3190.0', '3250.0', '3270.0', '3160.0'),
    ('TLKM.JK', '2024-07-18', '3260.0', '3210.0', '3280.0', '3190.0'),
    ('TLKM.JK', '2024-07-19', '3200.0', '3140.0', '3210.0', '3120.0'),
    ('TLKM.JK', '2024-07-22', '3180.0', '3100.0', '3210.0', '3090.0'),
    ('TLKM.JK', '2024-07-23', '3140.0', '3160.0', '3160.0', '3100.0'),
    ('TLKM.JK', '2024-07-24', '3140.0', '3060.0', '3150.0', '3040.0'),
    ('TLKM.JK', '2024-07-25', '3080.0', '3090.0', '3090.0', '3030.0'),
    ('TLKM.JK', '2024-07-26', '3110.0', '3100.0', '3110.0', '3060.0'),
    ('TLKM.JK', '2024-07-29', '3090.0', '3050.0', '3120.0', '3040.0'),
    ('TLKM.JK', '2024-07-30', '3000.0', '2880.0', '3000.0', '2880.0'),
    ('TLKM.JK', '2024-07-31', '2880.0', '2880.0', '2920.0', '2840.0'),
    ('TLKM.JK', '2024-08-01', '2890.0', '2880.0', '2930.0', '2880.0'),
    ('TLKM.JK', '2024-08-02', '2880.0', '2850.0', '2880.0', '2820.0'),
    ('TLKM.JK', '2024-08-05', '2820.0', '2790.0', '2830.0', '2760.0'),
    ('TLKM.JK', '2024-08-06', '2800.0', '2790.0', '2840.0', '2790.0'),
    ('TLKM.JK', '2024-08-07', '2800.0', '2820.0', '2840.0', '2790.0'),
    ('TLKM.JK', '2024-08-08', '2800.0', '2850.0', '2880.0', '2800.0'),
    ('TLKM.JK', '2024-08-09', '2860.0', '2830.0', '2880.0', '2830.0'),
    ('TLKM.JK', '2024-08-12', '2850.0', '2870.0', '2910.0', '2840.0'),
    ('TLKM.JK', '2024-08-13', '2900.0', '2850.0', '2900.0', '2840.0'),
    ('TLKM.JK', '2024-08-14', '2850.0', '2860.0', '2890.0', '2850.0'),
    ('TLKM.JK', '2024-08-15', '2870.0', '2870.0', '2880.0', '2820.0'),
    ('TLKM.JK', '2024-08-16', '2910.0', '2960.0', '2990.0', '2900.0'),
    ('TLKM.JK', '2024-08-19', '2960.0', '2930.0', '2970.0', '2910.0'),
    ('TLKM.JK', '2024-08-20', '2990.0', '2980.0', '3000.0', '2960.0'),
    ('TLKM.JK', '2024-08-21', '2980.0', '2970.0', '3010.0', '2960.0'),
    ('TLKM.JK', '2024-08-22', '2940.0', '2920.0', '2970.0', '2920.0'),
    ('TLKM.JK', '2024-08-23', '2970.0', '2950.0', '3010.0', '2950.0'),
    ('TLKM.JK', '2024-08-26', '2940.0', '2980.0', '2990.0', '2930.0'),
    ('TLKM.JK', '2024-08-27', '2990.0', '2990.0', '3000.0', '2950.0'),
    ('TLKM.JK', '2024-08-28', '3000.0', '2980.0', '3000.0', '2960.0'),
    ('TLKM.JK', '2024-08-29', '2980.0', '3030.0', '3080.0', '2980.0'),
    ('TLKM.JK', '2024-08-30', '3030.0', '3060.0', '3070.0', '3010.0'),
    ('TLKM.JK', '2024-09-02', '3090.0', '3140.0', '3150.0', '3080.0'),
    ('TLKM.JK', '2024-09-03', '3140.0', '3080.0', '3150.0', '3080.0'),
    ('TLKM.JK', '2024-09-04', '3060.0', '3080.0', '3100.0', '3040.0'),
    ('TLKM.JK', '2024-09-05', '3080.0', '3020.0', '3090.0', '3020.0'),
    ('TLKM.JK', '2024-09-06', '3010.0', '3040.0', '3050.0', '3010.0'),
    ('TLKM.JK', '2024-09-09', '3050.0', '3030.0', '3080.0', '3000.0'),
    ('TLKM.JK', '2024-09-10', '3060.0', '3030.0', '3060.0', '3020.0'),
    ('TLKM.JK', '2024-09-11', '3030.0', '3040.0', '3050.0', '3020.0'),
    ('TLKM.JK', '2024-09-12', '3060.0', '3050.0', '3070.0', '3050.0'),
    ('TLKM.JK', '2024-09-13', '3080.0', '3110.0', '3120.0', '3070.0'),
    ('TLKM.JK', '2024-09-17', '3120.0', '3090.0', '3130.0', '3080.0'),
    ('TLKM.JK', '2024-09-18', '3120.0', '3120.0', '3130.0', '3100.0'),
    ('TLKM.JK', '2024-09-19', '3140.0', '3140.0', '3150.0', '3120.0'),
    ('TLKM.JK', '2024-09-20', '3150.0', '3150.0', '3170.0', '3120.0'),
    ('TLKM.JK', '2024-09-23', '3150.0', '3170.0', '3180.0', '3130.0'),
    ('TLKM.JK', '2024-09-24', '3180.0', '3160.0', '3180.0', '3150.0'),
    ('TLKM.JK', '2024-09-25', '3100.0', '3190.0', '3190.0', '3060.0'),
    ('TLKM.JK', '2024-09-26', '3170.0', '3170.0', '3180.0', '3120.0'),
    ('TLKM.JK', '2024-09-27', '3130.0', '3050.0', '3140.0', '3010.0'),
    ('TLKM.JK', '2024-09-30', '3030.0', '2990.0', '3030.0', '2990.0'),
    ('TLKM.JK', '2024-10-01', '2990.0', '3020.0', '3040.0', '2990.0'),
    ('TLKM.JK', '2024-10-02', '2950.0', '2920.0', '2980.0', '2920.0'),
    ('TLKM.JK', '2024-10-03', '2950.0', '2890.0', '2950.0', '2890.0'),
    ('TLKM.JK', '2024-10-04', '2900.0', '2880.0', '2930.0', '2860.0'),
    ('TLKM.JK', '2024-10-07', '2910.0', '2900.0', '2910.0', '2870.0'),
    ('TLKM.JK', '2024-10-08', '2890.0', '2990.0', '2990.0', '2870.0'),
    ('TLKM.JK', '2024-10-09', '2980.0', '2960.0', '3010.0', '2960.0'),
    ('TLKM.JK', '2024-10-10', '2960.0', '2950.0', '2980.0', '2940.0'),
    ('TLKM.JK', '2024-10-11', '3000.0', '2940.0', '3000.0', '2920.0'),
    ('TLKM.JK', '2024-10-14', '2930.0', '2900.0', '2970.0', '2900.0'),
    ('TLKM.JK', '2024-10-15', '2920.0', '2940.0', '2970.0', '2910.0'),
    ('TLKM.JK', '2024-10-16', '2970.0', '3000.0', '3000.0', '2930.0'),
    ('TLKM.JK', '2024-10-17', '3000.0', '3040.0', '3060.0', '2980.0'),
    ('TLKM.JK', '2024-10-18', '3050.0', '3100.0', '3130.0', '3040.0'),
    ('TLKM.JK', '2024-10-21', '3100.0', '3100.0', '3130.0', '3060.0'),
    ('TLKM.JK', '2024-10-22', '3060.0', '3010.0', '3070.0', '3010.0'),
    ('TLKM.JK', '2024-10-23', '2940.0', '2940.0', '2980.0', '2930.0'),
    ('TLKM.JK', '2024-10-24', '2940.0', '2900.0', '2960.0', '2900.0'),
    ('TLKM.JK', '2024-10-25', '2900.0', '2910.0', '2950.0', '2900.0'),
    ('TLKM.JK', '2024-10-28', '2920.0', '2920.0', '2940.0', '2900.0'),
    ('TLKM.JK', '2024-10-29', '2910.0', '2900.0', '2930.0', '2880.0'),
    ('TLKM.JK', '2024-10-30', '2880.0', '2900.0', '2900.0', '2850.0'),
    ('TLKM.JK', '2024-10-31', '2860.0', '2820.0', '2870.0', '2820.0'),
    ('TLKM.JK', '2024-11-01', '2820.0', '2780.0', '2840.0', '2760.0'),
    ('TLKM.JK', '2024-11-04', '2780.0', '2800.0', '2810.0', '2750.0'),
    ('TLKM.JK', '2024-11-05', '2800.0', '2770.0', '2810.0', '2730.0'),
    ('TLKM.JK', '2024-11-06', '2780.0', '2740.0', '2800.0', '2740.0'),
    ('TLKM.JK', '2024-11-07', '2760.0', '2760.0', '2790.0', '2740.0'),
    ('TLKM.JK', '2024-11-08', '2760.0', '2750.0', '2780.0', '2750.0'),
    ('TLKM.JK', '2024-11-11', '2720.0', '2690.0', '2730.0', '2650.0'),
    ('TLKM.JK', '2024-11-12', '2660.0', '2600.0', '2670.0', '2600.0'),
    ('TLKM.JK', '2024-11-13', '2610.0', '2580.0', '2630.0', '2570.0'),
    ('TLKM.JK', '2024-11-14', '2550.0', '2530.0', '2590.0', '2530.0'),
    ('TLKM.JK', '2024-11-15', '2500.0', '2540.0', '2580.0', '2500.0'),
    ('TLKM.JK', '2024-11-18', '2540.0', '2590.0', '2610.0', '2520.0'),
    ('TLKM.JK', '2024-11-19', '2610.0', '2780.0', '2850.0', '2590.0'),
    ('TLKM.JK', '2024-11-20', '2740.0', '2680.0', '2750.0', '2640.0'),
    ('TLKM.JK', '2024-11-21', '2680.0', '2770.0', '2810.0', '2680.0'),
    ('TLKM.JK', '2024-11-22', '2750.0', '2750.0', '2790.0', '2720.0'),
    ('TLKM.JK', '2024-11-25', '2740.0', '2740.0', '2780.0', '2720.0'),
    ('TLKM.JK', '2024-11-26', '2770.0', '2710.0', '2800.0', '2680.0'),
    ('TLKM.JK', '2024-11-28', '2680.0', '2720.0', '2750.0', '2680.0'),
    ('TLKM.JK', '2024-11-29', '2700.0', '2710.0', '2760.0', '2700.0'),
    ('TLKM.JK', '2024-12-02', '2720.0', '2680.0', '2730.0', '2680.0'),
    ('TLKM.JK', '2024-12-03', '2760.0', '2820.0', '2830.0', '2710.0'),
    ('TLKM.JK', '2024-12-04', '2820.0', '2840.0', '2850.0', '2800.0'),
    ('TLKM.JK', '2024-12-05', '2840.0', '2770.0', '2840.0', '2730.0'),
    ('TLKM.JK', '2024-12-06', '2740.0', '2760.0', '2780.0', '2740.0'),
    ('TLKM.JK', '2024-12-09', '2760.0', '2740.0', '2770.0', '2730.0'),
    ('TLKM.JK', '2024-12-10', '2770.0', '2770.0', '2830.0', '2750.0'),
    ('TLKM.JK', '2024-12-11', '2770.0', '2860.0', '2880.0', '2770.0'),
    ('TLKM.JK', '2024-12-12', '2830.0', '2820.0', '2850.0', '2780.0'),
    ('TLKM.JK', '2024-12-13', '2770.0', '2790.0', '2790.0', '2750.0'),
    ('TLKM.JK', '2024-12-16', '2760.0', '2660.0', '2760.0', '2650.0'),
    ('TLKM.JK', '2024-12-17', '2630.0', '2620.0', '2650.0', '2600.0'),
    ('TLKM.JK', '2024-12-18', '2620.0', '2570.0', '2660.0', '2570.0'),
    ('TLKM.JK', '2024-12-19', '2510.0', '2530.0', '2560.0', '2500.0'),
    ('TLKM.JK', '2024-12-20', '2530.0', '2550.0', '2570.0', '2520.0'),
    ('TLKM.JK', '2024-12-23', '2580.0', '2650.0', '2670.0', '2580.0'),
    ('TLKM.JK', '2024-12-24', '2680.0', '2740.0', '2750.0', '2620.0'),
    ('TLKM.JK', '2024-12-27', '2770.0', '2750.0', '2800.0', '2710.0'),
    ('TLKM.JK', '2024-12-30', '2720.0', '2710.0', '2760.0', '2700.0'),
    ('TLKM.JK', '2025-01-02', '2710.0', '2700.0', '2740.0', '2680.0'),
    ('TLKM.JK', '2025-01-03', '2740.0', '2750.0', '2770.0', '2730.0'),
    ('TLKM.JK', '2025-01-06', '2760.0', '2690.0', '2770.0', '2660.0'),
    ('TLKM.JK', '2025-01-07', '2670.0', '2570.0', '2680.0', '2570.0'),
    ('TLKM.JK', '2025-01-08', '2590.0', '2650.0', '2700.0', '2590.0'),
    ('TLKM.JK', '2025-01-09', '2690.0', '2620.0', '2700.0', '2620.0'),
    ('TLKM.JK', '2025-01-10', '2640.0', '2680.0', '2690.0', '2630.0'),
    ('TLKM.JK', '2025-01-13', '2670.0', '2670.0', '2740.0', '2650.0'),
    ('TLKM.JK', '2025-01-14', '2670.0', '2620.0', '2690.0', '2610.0'),
    ('TLKM.JK', '2025-01-15', '2640.0', '2630.0', '2670.0', '2620.0'),
    ('TLKM.JK', '2025-01-16', '2660.0', '2590.0', '2660.0', '2590.0'),
    ('TLKM.JK', '2025-01-17', '2630.0', '2660.0', '2680.0', '2610.0'),
    ('TLKM.JK', '2025-01-20', '2670.0', '2610.0', '2690.0', '2610.0'),
    ('TLKM.JK', '2025-01-21', '2630.0', '2630.0', '2660.0', '2600.0'),
    ('TLKM.JK', '2025-01-22', '2680.0', '2730.0', '2750.0', '2650.0'),
    ('TLKM.JK', '2025-01-23', '2730.0', '2710.0', '2750.0', '2710.0'),
    ('TLKM.JK', '2025-01-24', '2740.0', '2690.0', '2750.0', '2690.0'),
    ('TLKM.JK', '2025-01-30', '2690.0', '2640.0', '2710.0', '2610.0'),
    ('TLKM.JK', '2025-01-31', '2660.0', '2660.0', '2710.0', '2660.0'),
    ('TLKM.JK', '2025-02-03', '2620.0', '2630.0', '2630.0', '2560.0'),
    ('TLKM.JK', '2025-02-04', '2640.0', '2640.0', '2660.0', '2590.0'),
    ('TLKM.JK', '2025-02-05', '2600.0', '2620.0', '2640.0', '2590.0'),
    ('TLKM.JK', '2025-02-06', '2630.0', '2560.0', '2630.0', '2520.0'),
    ('TLKM.JK', '2025-02-07', '2550.0', '2590.0', '2590.0', '2510.0'),
    ('TLKM.JK', '2025-02-10', '2520.0', '2440.0', '2550.0', '2440.0'),
    ('TLKM.JK', '2025-02-11', '2430.0', '2320.0', '2450.0', '2300.0'),
    ('TLKM.JK', '2025-02-12', '2360.0', '2480.0', '2480.0', '2350.0'),
    ('TLKM.JK', '2025-02-13', '2370.0', '2420.0', '2420.0', '2310.0'),
    ('TLKM.JK', '2025-02-14', '2460.0', '2530.0', '2530.0', '2440.0'),
    ('TLKM.JK', '2025-02-17', '2570.0', '2650.0', '2650.0', '2530.0'),
    ('TLKM.JK', '2025-02-18', '2660.0', '2680.0', '2710.0', '2630.0'),
    ('TLKM.JK', '2025-02-19', '2680.0', '2670.0', '2690.0', '2600.0'),
    ('TLKM.JK', '2025-02-20', '2650.0', '2670.0', '2680.0', '2620.0'),
    ('TLKM.JK', '2025-02-21', '2670.0', '2650.0', '2680.0', '2630.0'),
    ('TLKM.JK', '2025-02-24', '2630.0', '2600.0', '2640.0', '2570.0'),
    ('TLKM.JK', '2025-02-25', '2560.0', '2460.0', '2580.0', '2460.0'),
    ('TLKM.JK', '2025-02-26', '2500.0', '2520.0', '2520.0', '2460.0'),
    ('TLKM.JK', '2025-02-27', '2520.0', '2490.0', '2560.0', '2430.0'),
    ('TLKM.JK', '2025-02-28', '2470.0', '2350.0', '2470.0', '2350.0'),
    ('TLKM.JK', '2025-03-03', '2400.0', '2400.0', '2420.0', '2370.0'),
    ('TLKM.JK', '2025-03-04', '2400.0', '2380.0', '2440.0', '2350.0'),
    ('TLKM.JK', '2025-03-05', '2420.0', '2450.0', '2470.0', '2410.0'),
    ('TLKM.JK', '2025-03-06', '2490.0', '2400.0', '2510.0', '2400.0'),
    ('TLKM.JK', '2025-03-07', '2430.0', '2410.0', '2470.0', '2350.0'),
    ('TLKM.JK', '2025-03-10', '2430.0', '2390.0', '2430.0', '2370.0'),
    ('TLKM.JK', '2025-03-11', '2380.0', '2370.0', '2390.0', '2350.0'),
    ('TLKM.JK', '2025-03-12', '2410.0', '2450.0', '2490.0', '2400.0'),
    ('TLKM.JK', '2025-03-13', '2470.0', '2430.0', '2490.0', '2420.0'),
    ('TLKM.JK', '2025-03-14', '2450.0', '2420.0', '2480.0', '2410.0'),
    ('TLKM.JK', '2025-03-17', '2420.0', '2420.0', '2450.0', '2410.0'),
    ('TLKM.JK', '2025-03-18', '2450.0', '2420.0', '2470.0', '2300.0'),
    ('TLKM.JK', '2025-03-19', '2420.0', '2430.0', '2440.0', '2380.0'),
    ('TLKM.JK', '2025-03-20', '2440.0', '2390.0', '2440.0', '2350.0'),
    ('TLKM.JK', '2025-03-21', '2370.0', '2310.0', '2380.0', '2300.0'),
    ('TLKM.JK', '2025-03-24', '2320.0', '2330.0', '2360.0', '2240.0'),
    ('TLKM.JK', '2025-03-25', '2340.0', '2340.0', '2360.0', '2300.0'),
    ('TLKM.JK', '2025-03-26', '2360.0', '2440.0', '2460.0', '2350.0'),
    ('TLKM.JK', '2025-03-27', '2430.0', '2410.0', '2430.0', '2390.0'),
    ('TLKM.JK', '2025-04-08', '2050.0', '2290.0', '2300.0', '2050.0'),
    ('TLKM.JK', '2025-04-09', '2440.0', '2320.0', '2440.0', '2300.0'),
    ('TLKM.JK', '2025-04-10', '2450.0', '2350.0', '2470.0', '2320.0'),
    ('TLKM.JK', '2025-04-11', '2320.0', '2330.0', '2350.0', '2300.0'),
    ('TLKM.JK', '2025-04-14', '2320.0', '2430.0', '2430.0', '2310.0'),
    ('TLKM.JK', '2025-04-15', '2460.0', '2450.0', '2470.0', '2420.0'),
    ('TLKM.JK', '2025-04-16', '2490.0', '2480.0', '2510.0', '2450.0'),
    ('TLKM.JK', '2025-04-17', '2500.0', '2550.0', '2660.0', '2490.0'),
    ('TLKM.JK', '2025-04-21', '2600.0', '2570.0', '2610.0', '2510.0'),
    ('TLKM.JK', '2025-04-22', '2570.0', '2550.0', '2570.0', '2520.0'),
    ('TLKM.JK', '2025-04-23', '2580.0', '2630.0', '2640.0', '2570.0'),
    ('TLKM.JK', '2025-04-24', '2630.0', '2630.0', '2650.0', '2600.0'),
    ('TLKM.JK', '2025-04-25', '2630.0', '2600.0', '2650.0', '2570.0'),
    ('TLKM.JK', '2025-04-28', '2600.0', '2560.0', '2610.0', '2560.0'),
    ('TLKM.JK', '2025-04-29', '2570.0', '2590.0', '2600.0', '2560.0'),
    ('TLKM.JK', '2025-04-30', '2600.0', '2640.0', '2640.0', '2600.0'),
    ('TLKM.JK', '2025-05-02', '2640.0', '2680.0', '2720.0', '2620.0'),
    ('TLKM.JK', '2025-05-05', '2710.0', '2700.0', '2710.0', '2670.0'),
    ('TLKM.JK', '2025-05-06', '2720.0', '2680.0', '2730.0', '2680.0'),
    ('TLKM.JK', '2025-05-07', '2680.0', '2620.0', '2690.0', '2620.0'),
    ('TLKM.JK', '2025-05-08', '2630.0', '2570.0', '2640.0', '2570.0'),
    ('TLKM.JK', '2025-05-09', '2570.0', '2600.0', '2630.0', '2570.0'),
    ('UNVR.JK', '2024-05-13', '2441.176886792453', '2526.99951171875', '2565.142900574882', '2441.176886792453'),
    ('UNVR.JK', '2024-05-14', '2546.0711697048614', '2574.6787109375', '2584.2145580150464', '2517.4636284722224'),
    ('UNVR.JK', '2024-05-15', '2574.6786271280316', '2555.60693359375', '2584.214473895173', '2526.9993932923276'),
    ('UNVR.JK', '2024-05-16', '2555.6070167824073', '2574.6787109375', '2574.6787109375', '2536.535322627315'),
    ('UNVR.JK', '2024-05-17', '2574.678752378344', '2584.214599609375', '2622.3579885334984', '2574.678752378344'),
    ('UNVR.JK', '2024-05-20', '2584.2145580150464', '2574.6787109375', '2622.3579463252318', '2555.6070167824073'),
    ('UNVR.JK', '2024-05-21', '2584.2144620180948', '2774.931396484375', '2774.931396484375', '2574.6786152947807'),
    ('UNVR.JK', '2024-05-22', '2774.931530522365', '2917.96923828125', '2946.5767798330266', '2736.7881417866624'),
    ('UNVR.JK', '2024-05-27', '2946.5766406849116', '3108.68603515625', '3118.221881889858', '2946.5766406849116'),
    ('UNVR.JK', '2024-05-28', '3137.293414604373', '3127.757568359375', '3232.651877054354', '3013.3274134193975'),
    ('UNVR.JK', '2024-05-29', '3127.757916320598', '2870.2900390625', '3127.757916320598', '2832.1466498390782'),
    ('UNVR.JK', '2024-05-30', '2860.7541197749197', '2965.6484375', '3041.9352140273313', '2832.14657857717'),
    ('UNVR.JK', '2024-05-31', '3013.32771496895', '2975.184326171875', '3080.078645363832', '2975.184326171875'),
    ('UNVR.JK', '2024-06-03', '3003.7916981090198', '2937.040771484375', '3041.935084751674', '2927.5049248237115'),
    ('UNVR.JK', '2024-06-04', '2937.0409781849044', '2984.72021484375', '3051.471146166134', '2927.505130853135'),
    ('UNVR.JK', '2024-06-05', '2994.2560581865837', '2927.505126953125', '3013.327752824715', '2917.969279634059'),
    ('UNVR.JK', '2024-06-06', '2937.040771484375', '2937.040771484375', '3022.863391430347', '2927.5049248237115'),
    ('UNVR.JK', '2024-06-07', '2937.0409702034885', '2870.2900390625', '2956.1126648151994', '2870.2900390625'),
    ('UNVR.JK', '2024-06-10', '2870.2900430387317', '2927.505126953125', '3013.327752824715', '2870.2900430387317'),
    ('UNVR.JK', '2024-06-11', '2946.5767798330266', '2917.96923828125', '2975.1843213848038', '2908.433391097324'),
    ('UNVR.JK', '2024-06-12', '2917.96923828125', '2917.96923828125', '2975.1843213848038', '2879.825849545547'),
    ('UNVR.JK', '2024-06-13', '2917.96923828125', '2917.96923828125', '2975.1843213848038', '2917.96923828125'),
    ('UNVR.JK', '2024-06-14', '2946.576633453369', '3051.470947265625', '3061.00679397583', '2927.504940032959'),
    ('UNVR.JK', '2024-06-19', '3051.471142100977', '2927.505126953125', '3051.471142100977', '2917.969279634059'),
    ('UNVR.JK', '2024-06-20', '2946.576695492393', '2898.8974609375', '2956.1125424033717', '2813.0748387386925'),
    ('UNVR.JK', '2024-06-21', '2898.8974968645484', '2851.21826171875', '2956.1125790395067', '2851.21826171875'),
    ('UNVR.JK', '2024-06-24', '2870.2900390625', '2870.2900390625', '2917.969275591777', '2870.2900390625'),
    ('UNVR.JK', '2024-06-25', '2870.2900390625', '2870.2900390625', '2889.361733674211', '2860.7541917566446'),
    ('UNVR.JK', '2024-06-26', '2870.2900390625', '2870.2900390625', '2908.4334282859218', '2851.218344450789'),
    ('UNVR.JK', '2024-06-27', '2889.3615381810573', '2937.040771484375', '2956.112464805702', '2870.2898448597302'),
    ('UNVR.JK', '2024-06-28', '2927.5049167658317', '2879.82568359375', '2956.112456669081', '2879.82568359375'),
    ('UNVR.JK', '2024-07-01', '2925.8167139001794', '2896.460693359375', '2935.6020540804475', '2886.675353179107'),
    ('UNVR.JK', '2024-07-02', '2896.4607533670037', '2906.24609375', '2916.0314341329968', '2876.89007260101'),
    ('UNVR.JK', '2024-07-03', '2906.2461585220026', '2876.89013671875', '2906.2461585220026', '2857.3194555165815'),
    ('UNVR.JK', '2024-07-04', '2867.104676129067', '2857.3193359375', '2886.6753565122003', '2837.7486555543665'),
    ('UNVR.JK', '2024-07-05', '2857.3195205111683', '2847.5341796875', '2876.890202158505', '2847.5341796875'),
    ('UNVR.JK', '2024-07-08', '2857.319383965164', '2984.52880859375', '2984.52880859375', '2857.319383965164'),
    ('UNVR.JK', '2024-07-09', '3004.099431966146', '2935.60205078125', '3013.8847721354164', '2906.2460302734376'),
    ('UNVR.JK', '2024-07-10', '2935.6020540804475', '2896.460693359375', '2945.3873942607156', '2886.675353179107'),
    ('UNVR.JK', '2024-07-11', '2906.2461636247303', '2837.748779296875', '2925.8168448612605', '2837.748779296875'),
    ('UNVR.JK', '2024-07-12', '2847.533995745933', '2857.3193359375', '2886.6753565122003', '2837.7486555543665'),
    ('UNVR.JK', '2024-07-15', '2876.8900767251494', '2867.104736328125', '2886.6754171221737', '2827.9633747400276'),
    ('UNVR.JK', '2024-07-16', '2867.1047493605424', '2749.6806640625', '2867.1047493605424', '2749.6806640625'),
    ('UNVR.JK', '2024-07-17', '2769.2513999672206', '2798.607421875', '2818.178103146853', '2759.4660593312938'),
    ('UNVR.JK', '2024-07-18', '2798.6073050362725', '2739.895263671875', '2818.1779854910715', '2739.895263671875'),
    ('UNVR.JK', '2024-07-19', '2739.895263671875', '2739.895263671875', '2769.2512843540735', '2710.5392429896765'),
    ('UNVR.JK', '2024-07-22', '2739.895393761405', '2681.183349609375', '2769.25141583742', '2671.3980089173697'),
    ('UNVR.JK', '2024-07-23', '2681.1832896920787', '2671.39794921875', '2710.5393111120648', '2651.827268272092'),
    ('UNVR.JK', '2024-07-24', '2671.3978890811695', '2661.612548828125', '2681.1832293342145', '2642.041868322036'),
    ('UNVR.JK', '2024-07-25', '2544.188551079317', '2436.5498046875', '2573.5445728225404', '2407.1937829442772'),
    ('UNVR.JK', '2024-07-26', '2446.3351452685743', '2436.5498046875', '2465.905826430723', '2426.7644641064257'),
    ('UNVR.JK', '2024-07-29', '2436.549870188643', '2407.19384765625', '2465.9058927210367', '2397.408506812119'),
    ('UNVR.JK', '2024-07-30', '2426.764347029321', '2377.837646484375', '2426.764347029321', '2358.2669662663966'),
    ('UNVR.JK', '2024-07-31', '2387.623046875', '2387.623046875', '2397.4083872310453', '2358.2670258068647'),
    ('UNVR.JK', '2024-08-01', '2387.62316015625', '2446.335205078125', '2456.1205458984377', '2387.62316015625'),
    ('UNVR.JK', '2024-08-02', '2446.3350272472994', '2377.837646484375', '2485.4763876832562', '2377.837646484375'),
    ('UNVR.JK', '2024-08-05', '2377.8377710872664', '2358.26708984375', '2397.408452330783', '2319.1257273567167'),
    ('UNVR.JK', '2024-08-06', '2377.837825123857', '2407.19384765625', '2436.549870188643', '2358.2671434355943'),
    ('UNVR.JK', '2024-08-07', '2407.1937236170616', '2426.764404296875', '2426.764404296875', '2387.623042937248'),
    ('UNVR.JK', '2024-08-08', '2416.979188500381', '2407.19384765625', '2446.335211032774', '2407.19384765625'),
    ('UNVR.JK', '2024-08-09', '2416.979188500381', '2407.19384765625', '2436.549870188643', '2387.623165967988'),
    ('UNVR.JK', '2024-08-12', '2407.19384765625', '2407.19384765625', '2426.764529344512', '2387.623165967988'),
    ('UNVR.JK', '2024-08-13', '2416.9791284677935', '2397.408447265625', '2416.9791284677935', '2377.8377660634565'),
    ('UNVR.JK', '2024-08-14', '2397.4083267023534', '2377.837646484375', '2407.1936668113426', '2358.2669662663966'),
    ('UNVR.JK', '2024-08-15', '2358.2671554950107', '2328.9111328125', '2377.837837283351', '2328.9111328125'),
    ('UNVR.JK', '2024-08-16', '2338.6962890625', '2338.6962890625', '2358.266969305701', '2328.9109489408997'),
    ('UNVR.JK', '2024-08-19', '2338.6963532011387', '2309.34033203125', '2358.2670339810643', '2289.769651251324'),
    ('UNVR.JK', '2024-08-20', '2309.340391778745', '2319.125732421875', '2358.2670949943963', '2289.769710492484'),
    ('UNVR.JK', '2024-08-21', '2328.9110128111756', '2309.34033203125', '2377.8377147609904', '2309.34033203125'),
    ('UNVR.JK', '2024-08-22', '2309.340271775266', '2299.554931640625', '2338.6962921791887', '2279.984251371343'),
    ('UNVR.JK', '2024-08-23', '2299.554931640625', '2299.554931640625', '2328.9109520445477', '2299.554931640625'),
    ('UNVR.JK', '2024-08-26', '2299.554931640625', '2299.554931640625', '2328.9109520445477', '2279.984251371343'),
    ('UNVR.JK', '2024-08-27', '2299.5550617068093', '2240.843017578125', '2309.3404023949233', '2201.7016548256684'),
    ('UNVR.JK', '2024-08-28', '2240.8430230034724', '2201.70166015625', '2240.8430230034724', '2191.9163194444445'),
    ('UNVR.JK', '2024-08-29', '2201.701600211007', '2191.916259765625', '2231.057621547154', '2191.916259765625'),
    ('UNVR.JK', '2024-08-30', '2191.9161963105726', '2221.272216796875', '2231.0575569589755', '2191.9161963105726'),
    ('UNVR.JK', '2024-09-02', '2231.057676890011', '2240.843017578125', '2279.984380330581', '2211.486995513783'),
    ('UNVR.JK', '2024-09-03', '2240.8430230034724', '2201.70166015625', '2250.628363715278', '2201.70166015625'),
    ('UNVR.JK', '2024-09-04', '2201.701600211007', '2191.916259765625', '2211.4869406563894', '2182.130919320243'),
    ('UNVR.JK', '2024-09-05', '2191.916138795045', '2172.345458984375', '2201.70147870038', '2172.345458984375'),
    ('UNVR.JK', '2024-09-06', '2172.345458984375', '2172.345458984375', '2201.70147870038', '2152.7747791737047'),
    ('UNVR.JK', '2024-09-09', '2172.3455225278253', '2142.989501953125', '2182.130862719392', '2123.4188215699915'),
    ('UNVR.JK', '2024-09-10', '2142.989621261666', '2162.560302734375', '2191.916324943439', '2142.989621261666'),
    ('UNVR.JK', '2024-09-11', '2162.5601823362585', '2142.989501953125', '2221.272223485659', '2142.989501953125'),
    ('UNVR.JK', '2024-09-12', '2152.7747791737047', '2172.345458984375', '2191.916138795045', '2142.98943926837'),
    ('UNVR.JK', '2024-09-13', '2172.345583274148', '2152.77490234375', '2182.1309237393466', '2133.2042214133526'),
    ('UNVR.JK', '2024-09-17', '2152.7747813933483', '2133.2041015625', '2162.560121308773', '2123.4187616470754'),
    ('UNVR.JK', '2024-09-18', '2142.989621261666', '2162.560302734375', '2162.560302734375', '2133.2042805253113'),
    ('UNVR.JK', '2024-09-19', '2162.560242808949', '2152.77490234375', '2250.6283069957385', '2152.77490234375'),
    ('UNVR.JK', '2024-09-20', '2152.774967597926', '2123.4189453125', '2162.5603083597352', '2123.4189453125'),
    ('UNVR.JK', '2024-09-23', '2142.989621261666', '2162.560302734375', '2162.560302734375', '2123.418939788957'),
    ('UNVR.JK', '2024-09-24', '2172.3454568238385', '2211.48681640625', '2221.2721563018526', '2162.5601169282354'),
    ('UNVR.JK', '2024-09-25', '2211.487054177989', '2250.62841796875', '2250.62841796875', '2191.916372282609'),
    ('UNVR.JK', '2024-09-26', '2250.62841796875', '2250.62841796875', '2260.41375891644', '2211.487054177989'),
    ('UNVR.JK', '2024-09-27', '2260.413577445278', '2221.272216796875', '2289.7695979315804', '2221.272216796875'),
    ('UNVR.JK', '2024-09-30', '2221.272347152503', '2162.560302734375', '2240.8430286252124', '2162.560302734375'),
    ('UNVR.JK', '2024-10-01', '2182.1309842070846', '2162.560302734375', '2191.916324943439', '2142.989621261666'),
    ('UNVR.JK', '2024-10-02', '2152.774967597926', '2123.4189453125', '2162.5603083597352', '2113.6336045506914'),
    ('UNVR.JK', '2024-10-03', '2123.4188215699915', '2142.989501953125', '2152.774842144692', '2094.062800995291'),
    ('UNVR.JK', '2024-10-04', '2142.9896268361176', '2123.4189453125', '2152.774967597926', '2123.4189453125'),
    ('UNVR.JK', '2024-10-07', '2133.204155337968', '2221.272216796875', '2221.272216796875', '2133.204155337968'),
    ('UNVR.JK', '2024-10-08', '2221.2722136262178', '2260.41357421875', '2279.9842545150163', '2191.916193181818'),
    ('UNVR.JK', '2024-10-09', '2260.413638466283', '2231.0576171875', '2299.555000171327', '2231.0576171875'),
    ('UNVR.JK', '2024-10-10', '2260.413638466283', '2231.0576171875', '2270.198978892544', '2211.486936334978'),
    ('UNVR.JK', '2024-10-11', '2231.0575569589755', '2221.272216796875', '2250.6282372831774', '2191.9161963105726'),
    ('UNVR.JK', '2024-10-14', '2221.2722725703798', '2270.198974609375', '2270.198974609375', '2201.701591754782'),
    ('UNVR.JK', '2024-10-15', '2270.1989112367023', '2299.554931640625', '2328.9109520445477', '2260.4135711020613'),
    ('UNVR.JK', '2024-10-16', '2319.1256643826846', '2387.623046875', '2387.623046875', '2270.1989626024592'),
    ('UNVR.JK', '2024-10-17', '2348.481754351266', '2319.125732421875', '2358.2670949943963', '2319.125732421875'),
    ('UNVR.JK', '2024-10-18', '2319.125737660944', '2279.984375', '2319.125737660944', '2279.984375'),
    ('UNVR.JK', '2024-10-21', '2289.769715665236', '2279.984375', '2319.125737660944', '2250.628353004292'),
    ('UNVR.JK', '2024-10-22', '2279.984315017174', '2270.198974609375', '2309.340336240571', '2260.413634201576'),
    ('UNVR.JK', '2024-10-23', '2270.199034334764', '2279.984375', '2289.769715665236', '2240.843012339056'),
    ('UNVR.JK', '2024-10-24', '2123.418951043501', '2084.277587890625', '2152.774973408157', '2054.921565525968'),
    ('UNVR.JK', '2024-10-25', '2084.2774065290178', '2054.92138671875', '2113.6334263392855', '2054.92138671875'),
    ('UNVR.JK', '2024-10-28', '2054.921518457998', '1976.6387939453125', '2064.706859022084', '1976.6387939453125'),
    ('UNVR.JK', '2024-10-29', '1976.6387939453125', '1976.6387939453125', '2015.7801562016552', '1947.2827722530553'),
    ('UNVR.JK', '2024-10-30', '1976.6388014190052', '1917.9267578125', '1976.6388014190052', '1917.9267578125'),
    ('UNVR.JK', '2024-10-31', '1917.9266658715012', '1922.8193359375', '1942.390016201495', '1917.9266658715012'),
    ('UNVR.JK', '2024-11-01', '1922.8193980653573', '1913.0340576171875', '1927.7120682894422', '1908.1413873931026'),
    ('UNVR.JK', '2024-11-04', '1913.0340354225852', '1829.858642578125', '1917.9267055899063', '1829.858642578125'),
    ('UNVR.JK', '2024-11-05', '1829.8587159574702', '1741.7906494140625', '1854.3220677750835', '1741.7906494140625'),
    ('UNVR.JK', '2024-11-06', '1736.8979516532006', '1717.3272705078125', '1751.5759625122416', '1707.5419299351183'),
    ('UNVR.JK', '2024-11-07', '1717.327272970326', '1697.756591796875', '1746.6832947305024', '1697.756591796875'),
    ('UNVR.JK', '2024-11-08', '1707.5419595891778', '1722.219970703125', '1736.8979818170722', '1702.6492892178621'),
    ('UNVR.JK', '2024-11-11', '1727.112643888627', '1702.6492919921875', '1732.0053142679149', '1697.7566216128996'),
    ('UNVR.JK', '2024-11-12', '1707.541863428403', '1785.8245849609375', '1785.8245849609375', '1702.6491933326197'),
    ('UNVR.JK', '2024-11-13', '1854.322064887153', '1761.361328125', '1854.322064887153', '1761.361328125'),
    ('UNVR.JK', '2024-11-14', '1761.3612701933262', '1732.0052490234375', '1776.0392807782705', '1732.0052490234375'),
    ('UNVR.JK', '2024-11-15', '1732.0052123030996', '1805.395263671875', '1810.2879337631266', '1732.0052123030996'),
    ('UNVR.JK', '2024-11-18', '1810.2880289266398', '1780.9320068359375', '1810.2880289266398', '1766.2539957905863'),
    ('UNVR.JK', '2024-11-19', '1780.9319165512466', '1766.25390625', '1795.6099268524931', '1766.25390625'),
    ('UNVR.JK', '2024-11-20', '1766.25390625', '1766.25390625', '1790.7172567520777', '1761.3612361495846'),
    ('UNVR.JK', '2024-11-21', '1761.3613365436422', '1702.6492919921875', '1780.9320180607938', '1702.6492919921875'),
    ('UNVR.JK', '2024-11-22', '1717.3272657474104', '1756.4686279296875', '1771.1466387480414', '1712.4345954746257'),
    ('UNVR.JK', '2024-11-25', '1771.1466252498776', '1873.8927001953125', '1873.8927001953125', '1771.1466252498776'),
    ('UNVR.JK', '2024-11-26', '1878.785344251337', '1829.858642578125', '1893.4633547533003', '1829.858642578125'),
    ('UNVR.JK', '2024-11-28', '1859.2146313411804', '1844.53662109375', '1898.3559920009948', '1844.53662109375'),
    ('UNVR.JK', '2024-11-29', '1844.5366227300813', '1824.9659423828125', '1864.10730307735', '1815.1806022091782'),
    ('UNVR.JK', '2024-12-02', '1810.2879915364583', '1834.7513427734375', '1859.2146940104167', '1810.2879915364583'),
    ('UNVR.JK', '2024-12-03', '1839.6440130208334', '1834.7513427734375', '1859.2146940104167', '1820.07333203125'),
    ('UNVR.JK', '2024-12-04', '1824.9659685863876', '1869.0', '1878.7853403141362', '1820.0732984293195'),
    ('UNVR.JK', '2024-12-05', '1890.0', '1875.0', '1890.0', '1850.0'),
    ('UNVR.JK', '2024-12-06', '1875.0', '1870.0', '1885.0', '1860.0'),
    ('UNVR.JK', '2024-12-09', '1870.0', '1895.0', '1915.0', '1865.0'),
    ('UNVR.JK', '2024-12-10', '1910.0', '2000.0', '2040.0', '1900.0'),
    ('UNVR.JK', '2024-12-11', '2000.0', '1945.0', '2020.0', '1945.0'),
    ('UNVR.JK', '2024-12-12', '1950.0', '1905.0', '1955.0', '1905.0'),
    ('UNVR.JK', '2024-12-13', '1905.0', '1870.0', '1905.0', '1855.0'),
    ('UNVR.JK', '2024-12-16', '1870.0', '1825.0', '1870.0', '1820.0'),
    ('UNVR.JK', '2024-12-17', '1810.0', '1760.0', '1830.0', '1760.0'),
    ('UNVR.JK', '2024-12-18', '1785.0', '1805.0', '1820.0', '1750.0'),
    ('UNVR.JK', '2024-12-19', '1795.0', '1770.0', '1795.0', '1760.0'),
    ('UNVR.JK', '2024-12-20', '1770.0', '1750.0', '1785.0', '1750.0'),
    ('UNVR.JK', '2024-12-23', '1765.0', '1785.0', '1795.0', '1755.0'),
    ('UNVR.JK', '2024-12-24', '1785.0', '1780.0', '1820.0', '1780.0'),
    ('UNVR.JK', '2024-12-27', '1785.0', '1840.0', '1860.0', '1780.0'),
    ('UNVR.JK', '2024-12-30', '1840.0', '1885.0', '1890.0', '1820.0'),
    ('UNVR.JK', '2025-01-02', '1900.0', '1835.0', '1900.0', '1820.0'),
    ('UNVR.JK', '2025-01-03', '1835.0', '1775.0', '1840.0', '1775.0'),
    ('UNVR.JK', '2025-01-06', '1775.0', '1745.0', '1805.0', '1745.0'),
    ('UNVR.JK', '2025-01-07', '1750.0', '1780.0', '1780.0', '1750.0'),
    ('UNVR.JK', '2025-01-08', '1780.0', '1725.0', '1780.0', '1725.0'),
    ('UNVR.JK', '2025-01-09', '1725.0', '1690.0', '1745.0', '1690.0'),
    ('UNVR.JK', '2025-01-10', '1695.0', '1705.0', '1715.0', '1685.0'),
    ('UNVR.JK', '2025-01-13', '1710.0', '1720.0', '1745.0', '1705.0'),
    ('UNVR.JK', '2025-01-14', '1720.0', '1745.0', '1790.0', '1720.0'),
    ('UNVR.JK', '2025-01-15', '1745.0', '1735.0', '1765.0', '1735.0'),
    ('UNVR.JK', '2025-01-16', '1750.0', '1785.0', '1790.0', '1745.0'),
    ('UNVR.JK', '2025-01-17', '1785.0', '1790.0', '1790.0', '1765.0'),
    ('UNVR.JK', '2025-01-20', '1790.0', '1750.0', '1790.0', '1750.0'),
    ('UNVR.JK', '2025-01-21', '1760.0', '1730.0', '1770.0', '1730.0'),
    ('UNVR.JK', '2025-01-22', '1730.0', '1695.0', '1750.0', '1695.0'),
    ('UNVR.JK', '2025-01-23', '1700.0', '1740.0', '1740.0', '1700.0'),
    ('UNVR.JK', '2025-01-24', '1745.0', '1690.0', '1745.0', '1690.0'),
    ('UNVR.JK', '2025-01-30', '1690.0', '1650.0', '1690.0', '1645.0'),
    ('UNVR.JK', '2025-01-31', '1650.0', '1630.0', '1660.0', '1630.0'),
    ('UNVR.JK', '2025-02-03', '1635.0', '1580.0', '1640.0', '1580.0'),
    ('UNVR.JK', '2025-02-04', '1580.0', '1565.0', '1620.0', '1560.0'),
    ('UNVR.JK', '2025-02-05', '1565.0', '1565.0', '1575.0', '1550.0'),
    ('UNVR.JK', '2025-02-06', '1565.0', '1510.0', '1565.0', '1500.0'),
    ('UNVR.JK', '2025-02-07', '1510.0', '1425.0', '1510.0', '1425.0'),
    ('UNVR.JK', '2025-02-10', '1425.0', '1505.0', '1545.0', '1425.0'),
    ('UNVR.JK', '2025-02-11', '1525.0', '1425.0', '1530.0', '1425.0'),
    ('UNVR.JK', '2025-02-12', '1425.0', '1375.0', '1445.0', '1370.0'),
    ('UNVR.JK', '2025-02-13', '1370.0', '1415.0', '1420.0', '1290.0'),
    ('UNVR.JK', '2025-02-14', '1420.0', '1465.0', '1500.0', '1420.0'),
    ('UNVR.JK', '2025-02-17', '1475.0', '1440.0', '1500.0', '1425.0'),
    ('UNVR.JK', '2025-02-18', '1440.0', '1450.0', '1460.0', '1420.0'),
    ('UNVR.JK', '2025-02-19', '1450.0', '1375.0', '1450.0', '1375.0'),
    ('UNVR.JK', '2025-02-20', '1380.0', '1350.0', '1405.0', '1330.0'),
    ('UNVR.JK', '2025-02-21', '1345.0', '1290.0', '1355.0', '1290.0'),
    ('UNVR.JK', '2025-02-24', '1295.0', '1265.0', '1305.0', '1255.0'),
    ('UNVR.JK', '2025-02-25', '1240.0', '1150.0', '1255.0', '1150.0'),
    ('UNVR.JK', '2025-02-26', '1160.0', '1200.0', '1225.0', '1155.0'),
    ('UNVR.JK', '2025-02-27', '1215.0', '1200.0', '1265.0', '1185.0'),
    ('UNVR.JK', '2025-02-28', '1200.0', '1015.0', '1210.0', '1015.0'),
    ('UNVR.JK', '2025-03-03', '985.0', '1125.0', '1215.0', '985.0'),
    ('UNVR.JK', '2025-03-04', '1125.0', '1090.0', '1160.0', '1075.0'),
    ('UNVR.JK', '2025-03-05', '1095.0', '1120.0', '1185.0', '1095.0'),
    ('UNVR.JK', '2025-03-06', '1130.0', '1140.0', '1165.0', '1110.0'),
    ('UNVR.JK', '2025-03-07', '1150.0', '1200.0', '1240.0', '1150.0'),
    ('UNVR.JK', '2025-03-10', '1205.0', '1180.0', '1230.0', '1175.0'),
    ('UNVR.JK', '2025-03-11', '1170.0', '1190.0', '1200.0', '1145.0'),
    ('UNVR.JK', '2025-03-12', '1200.0', '1150.0', '1210.0', '1150.0'),
    ('UNVR.JK', '2025-03-13', '1160.0', '1260.0', '1280.0', '1155.0'),
    ('UNVR.JK', '2025-03-14', '1270.0', '1300.0', '1335.0', '1260.0'),
    ('UNVR.JK', '2025-03-17', '1310.0', '1365.0', '1375.0', '1305.0'),
    ('UNVR.JK', '2025-03-18', '1365.0', '1360.0', '1380.0', '1300.0'),
    ('UNVR.JK', '2025-03-19', '1360.0', '1360.0', '1420.0', '1335.0'),
    ('UNVR.JK', '2025-03-20', '1365.0', '1305.0', '1370.0', '1295.0'),
    ('UNVR.JK', '2025-03-21', '1305.0', '1295.0', '1330.0', '1255.0'),
    ('UNVR.JK', '2025-03-24', '1275.0', '1250.0', '1290.0', '1225.0'),
    ('UNVR.JK', '2025-03-25', '1255.0', '1245.0', '1275.0', '1220.0'),
    ('UNVR.JK', '2025-03-26', '1240.0', '1240.0', '1275.0', '1235.0'),
    ('UNVR.JK', '2025-03-27', '1240.0', '1265.0', '1285.0', '1225.0'),
    ('UNVR.JK', '2025-04-08', '1150.0', '1180.0', '1180.0', '1125.0'),
    ('UNVR.JK', '2025-04-09', '1165.0', '1155.0', '1220.0', '1135.0'),
    ('UNVR.JK', '2025-04-10', '1210.0', '1285.0', '1285.0', '1195.0'),
    ('UNVR.JK', '2025-04-11', '1275.0', '1310.0', '1340.0', '1255.0'),
    ('UNVR.JK', '2025-04-14', '1310.0', '1360.0', '1420.0', '1310.0'),
    ('UNVR.JK', '2025-04-15', '1375.0', '1330.0', '1380.0', '1325.0'),
    ('UNVR.JK', '2025-04-16', '1335.0', '1320.0', '1355.0', '1300.0'),
    ('UNVR.JK', '2025-04-17', '1335.0', '1320.0', '1345.0', '1305.0'),
    ('UNVR.JK', '2025-04-21', '1320.0', '1345.0', '1415.0', '1310.0'),
    ('UNVR.JK', '2025-04-22', '1350.0', '1385.0', '1400.0', '1335.0'),
    ('UNVR.JK', '2025-04-23', '1410.0', '1425.0', '1450.0', '1390.0'),
    ('UNVR.JK', '2025-04-24', '1450.0', '1495.0', '1500.0', '1435.0'),
    ('UNVR.JK', '2025-04-25', '1530.0', '1750.0', '1865.0', '1530.0'),
    ('UNVR.JK', '2025-04-28', '1760.0', '1665.0', '1795.0', '1650.0'),
    ('UNVR.JK', '2025-04-29', '1665.0', '1680.0', '1700.0', '1645.0'),
    ('UNVR.JK', '2025-04-30', '1680.0', '1715.0', '1750.0', '1665.0'),
    ('UNVR.JK', '2025-05-02', '1720.0', '1755.0', '1775.0', '1700.0'),
    ('UNVR.JK', '2025-05-05', '1755.0', '1775.0', '1850.0', '1750.0'),
    ('UNVR.JK', '2025-05-06', '1790.0', '1835.0', '1835.0', '1780.0'),
    ('UNVR.JK', '2025-05-07', '1850.0', '1810.0', '1860.0', '1810.0'),
    ('UNVR.JK', '2025-05-08', '1810.0', '1780.0', '1810.0', '1750.0'),
    ('UNVR.JK', '2025-05-09', '1760.0', '1780.0', '1815.0', '1755.0'),
    ('BMRI.JK', '2024-05-13', '5633.26611328125', '5633.26611328125', '5701.410461425781', '5565.121765136719'),
    ('BMRI.JK', '2024-05-14', '5610.551330566406', '5633.26611328125', '5724.125244140625', '5610.551330566406'),
    ('BMRI.JK', '2024-05-15', '5633.2660539215685', '5792.26953125', '5814.98431372549', '5633.2660539215685'),
    ('BMRI.JK', '2024-05-16', '5860.413816437008', '5769.5546875', '5905.843380905511', '5746.839905265748'),
    ('BMRI.JK', '2024-05-17', '5769.554750623812', '5973.98779296875', '6042.132140417063', '5769.554750623812'),
    ('BMRI.JK', '2024-05-20', '5951.272881669961', '5746.83984375', '6019.417227643281', '5633.265933794466'),
    ('BMRI.JK', '2024-05-21', '5655.980454567557', '5474.26220703125', '5701.410016451634', '5428.832645147173'),
    ('BMRI.JK', '2024-05-22', '5451.547488378099', '5496.97705078125', '5587.836175587551', '5406.117925974948'),
    ('BMRI.JK', '2024-05-27', '5474.262192361856', '5292.5439453125', '5496.976973243026', '5292.5439453125'),
    ('BMRI.JK', '2024-05-28', '5315.259035254727', '5406.1181640625', '5474.26251066833', '5292.5442530527835'),
    ('BMRI.JK', '2024-05-29', '5292.544372558594', '5269.82958984375', '5337.973937988281', '5178.970458984375'),
    ('BMRI.JK', '2024-05-30', '5247.114507147606', '5337.9736328125', '5451.547539893617', '5019.966692985372'),
    ('BMRI.JK', '2024-05-31', '5451.547603283899', '5360.6884765625', '5474.262384964248', '5360.6884765625'),
    ('BMRI.JK', '2024-06-03', '5519.691956566982', '5542.40673828125', '5587.8363017097845', '5474.262393138448'),
    ('BMRI.JK', '2024-06-04', '5587.83642578125', '5587.83642578125', '5701.4103368743645', '5565.121643562627'),
    ('BMRI.JK', '2024-06-05', '5565.121765136719', '5451.5478515625', '5587.8365478515625', '5428.833068847656'),
    ('BMRI.JK', '2024-06-06', '5565.121704595775', '5610.55126953125', '5633.266051998988', '5519.692139660298'),
    ('BMRI.JK', '2024-06-07', '5678.695374750996', '5701.41015625', '5701.41015625', '5587.83624875498'),
    ('BMRI.JK', '2024-06-10', '5701.41015625', '5701.41015625', '5769.554500747012', '5633.265811752988'),
    ('BMRI.JK', '2024-06-11', '5633.265927933673', '5565.12158203125', '5678.695491868622', '5565.12158203125'),
    ('BMRI.JK', '2024-06-12', '5496.977230023735', '5383.4033203125', '5519.692011965982', '5360.688538370254'),
    ('BMRI.JK', '2024-06-13', '5428.832758477393', '5337.9736328125', '5451.547539893617', '5315.258851396276'),
    ('BMRI.JK', '2024-06-14', '5315.259031080163', '5224.39990234375', '5337.973813264266', '5133.540773607337'),
    ('BMRI.JK', '2024-06-19', '5247.114684527854', '5224.39990234375', '5315.259031080163', '5156.25555579144'),
    ('BMRI.JK', '2024-06-20', '5292.5442530527835', '5406.1181640625', '5406.1181640625', '5224.3999064469535'),
    ('BMRI.JK', '2024-06-21', '5496.977236128827', '5565.12158203125', '5633.265927933673', '5474.262454161352'),
    ('BMRI.JK', '2024-06-24', '5519.692199707031', '5451.5478515625', '5565.121765136719', '5451.5478515625'),
    ('BMRI.JK', '2024-06-25', '5383.4033203125', '5383.4033203125', '5428.832884196994', '5292.5441925435125'),
    ('BMRI.JK', '2024-06-26', '5406.117913661859', '5315.2587890625', '5474.262257111378', '5315.2587890625'),
    ('BMRI.JK', '2024-06-27', '5360.688720703125', '5451.5478515625', '5519.692199707031', '5337.973937988281'),
    ('BMRI.JK', '2024-06-28', '5451.547732469512', '5587.83642578125', '5678.695554655742', '5451.547732469512'),
    ('BMRI.JK', '2024-07-01', '5610.55096875', '5678.6953125', '5678.6953125', '5542.406625'),
    ('BMRI.JK', '2024-07-02', '5701.410461425781', '5633.26611328125', '5769.5548095703125', '5587.8365478515625'),
    ('BMRI.JK', '2024-07-03', '5701.410030747992', '5655.98046875', '5724.124811746988', '5542.40656375502'),
    ('BMRI.JK', '2024-07-04', '5678.6953125', '5678.6953125', '5814.9839999999995', '5655.980531249999'),
    ('BMRI.JK', '2024-07-05', '5746.839606259119', '5837.69873046875', '5905.8430736259725', '5724.124825206712'),
    ('BMRI.JK', '2024-07-08', '5814.983935742972', '5655.98046875', '5837.698716741968', '5633.265687751004'),
    ('BMRI.JK', '2024-07-09', '5655.980836397059', '5792.26953125', '5814.98431372549', '5633.2660539215685'),
    ('BMRI.JK', '2024-07-10', '5792.26953125', '5792.26953125', '5860.413878676471', '5724.125183823529'),
    ('BMRI.JK', '2024-07-11', '5814.984375', '5814.984375', '5837.699157714844', '5769.5548095703125'),
    ('BMRI.JK', '2024-07-12', '5860.4135115211575', '5837.69873046875', '5951.272635730787', '5814.9839494163425'),
    ('BMRI.JK', '2024-07-15', '5860.413816437008', '5769.5546875', '5860.413816437008', '5724.125123031496'),
    ('BMRI.JK', '2024-07-16', '5814.9842519685035', '5769.5546875', '5814.9842519685035', '5724.125123031496'),
    ('BMRI.JK', '2024-07-17', '5860.41357421875', '5860.41357421875', '5928.557918105015', '5792.269230332486'),
    ('BMRI.JK', '2024-07-18', '5951.27294921875', '5951.27294921875', '5996.702513716603', '5905.843384720897'),
    ('BMRI.JK', '2024-07-19', '5905.8433234554595', '5928.55810546875', '5928.55810546875', '5860.4137594288795'),
    ('BMRI.JK', '2024-07-22', '5973.9876144181435', '6087.5615234375', '6087.5615234375', '5928.5580508104'),
    ('BMRI.JK', '2024-07-23', '6132.990897700472', '6019.4169921875', '6132.990897700472', '5951.272648879717'),
    ('BMRI.JK', '2024-07-24', '5905.843199505309', '5883.12841796875', '5973.987544114986', '5883.12841796875'),
    ('BMRI.JK', '2024-07-25', '5860.4138805548955', '5973.98779296875', '5973.98779296875', '5814.984315589353'),
    ('BMRI.JK', '2024-07-26', '5973.987731467677', '5951.27294921875', '6019.41729596553', '5905.843384720897'),
    ('BMRI.JK', '2024-07-29', '5951.272762578427', '5883.12841796875', '5951.272762578427', '5860.413636432191'),
    ('BMRI.JK', '2024-07-30', '5883.12841796875', '5883.12841796875', '5951.272762578427', '5792.269291822515'),
    ('BMRI.JK', '2024-07-31', '5814.984375', '5814.984375', '5883.128723144531', '5792.269592285156'),
    ('BMRI.JK', '2024-08-01', '5951.272952835648', '6132.9912109375', '6132.9912109375', '5905.843388310185'),
    ('BMRI.JK', '2024-08-02', '6087.561286477482', '6178.42041015625', '6246.564752915327', '6064.84650555779'),
    ('BMRI.JK', '2024-08-05', '6087.5617053826045', '5973.98779296875', '6110.276487865375', '5905.843445520437'),
    ('BMRI.JK', '2024-08-06', '6042.131773290094', '6019.4169921875', '6087.561335495283', '5928.557867777123'),
    ('BMRI.JK', '2024-08-07', '6110.276489708256', '6155.7060546875', '6155.7060546875', '6042.132142239391'),
    ('BMRI.JK', '2024-08-08', '6178.42041015625', '6178.42041015625', '6223.849971995634', '6110.276067397173'),
    ('BMRI.JK', '2024-08-09', '6201.135316277943', '6223.85009765625', '6269.279660412865', '6178.420534899636'),
    ('BMRI.JK', '2024-08-12', '6246.5650033259735', '6269.27978515625', '6269.27978515625', '6155.7058760048685'),
    ('BMRI.JK', '2024-08-13', '6223.849986049107', '6360.138671875', '6360.138671875', '6223.849986049107'),
    ('BMRI.JK', '2024-08-14', '6428.283203125', '6428.283203125', '6450.997984761484', '6382.853639852032'),
    ('BMRI.JK', '2024-08-15', '6428.28307801379', '6382.853515625', '6428.28307801379', '6291.99439084742'),
    ('BMRI.JK', '2024-08-16', '6428.283203125', '6428.283203125', '6473.712766397968', '6382.853639852032'),
    ('BMRI.JK', '2024-08-19', '6428.283387510927', '6496.427734375', '6496.427734375', '6382.853822934878'),
    ('BMRI.JK', '2024-08-20', '6541.85693359375', '6541.85693359375', '6678.145619710286', '6496.427371554904'),
    ('BMRI.JK', '2024-08-21', '6632.716183997845', '6587.28662109375', '6632.716183997845', '6564.571839641702'),
    ('BMRI.JK', '2024-08-22', '6496.427485039893', '6405.568359375', '6519.142266456117', '6291.994452293883'),
    ('BMRI.JK', '2024-08-23', '6360.138796542553', '6405.568359375', '6428.283140791224', '6337.424015126329'),
    ('BMRI.JK', '2024-08-26', '6405.568359375', '6405.568359375', '6450.997922207446', '6360.138796542553'),
    ('BMRI.JK', '2024-08-27', '6382.853515625', '6382.853515625', '6405.568296819395', '6291.99439084742'),
    ('BMRI.JK', '2024-08-28', '6382.853527451882', '6564.57177734375', '6564.57177734375', '6360.138746215398'),
    ('BMRI.JK', '2024-08-29', '6632.716301716549', '6450.998046875', '6632.716301716549', '6450.998046875'),
    ('BMRI.JK', '2024-08-30', '6450.998108552632', '6473.712890625', '6519.142454769737', '6428.283326480264'),
    ('BMRI.JK', '2024-09-02', '6541.85693359375', '6541.85693359375', '6610.001276652018', '6473.7125905354815'),
    ('BMRI.JK', '2024-09-03', '6541.85711130742', '6428.283203125', '6587.2866745803885', '6405.568421488516'),
    ('BMRI.JK', '2024-09-04', '6360.139100609756', '6519.142578125', '6519.142578125', '6360.139100609756'),
    ('BMRI.JK', '2024-09-05', '6473.713013120644', '6519.142578125', '6564.572143129355', '6473.713013120644'),
    ('BMRI.JK', '2024-09-06', '6519.142276737608', '6587.28662109375', '6610.001402545798', '6496.42749528556'),
    ('BMRI.JK', '2024-09-09', '6587.28662109375', '6587.28662109375', '6587.28662109375', '6541.857058189656'),
    ('BMRI.JK', '2024-09-10', '6587.28662109375', '6587.28662109375', '6610.001402545798', '6564.571839641702'),
    ('BMRI.JK', '2024-09-11', '6632.716492319915', '6700.86083984375', '6723.575622351695', '6610.00170981197'),
    ('BMRI.JK', '2024-09-12', '6700.860654229987', '6632.71630859375', '6746.290217987478', '6632.71630859375'),
    ('BMRI.JK', '2024-09-13', '6632.716246509879', '6610.00146484375', '6632.716246509879', '6564.57190151149'),
    ('BMRI.JK', '2024-09-17', '6655.430913957281', '6746.2900390625', '6769.004820338804', '6632.716132680976'),
    ('BMRI.JK', '2024-09-18', '6700.860414247255', '6723.5751953125', '6769.00475744299', '6678.14563318201'),
    ('BMRI.JK', '2024-09-19', '6769.00475744299', '6723.5751953125', '6859.863881703969', '6723.5751953125'),
    ('BMRI.JK', '2024-09-20', '6723.575436108733', '6632.71630859375', '6746.290217987478', '6632.71630859375'),
    ('BMRI.JK', '2024-09-23', '6655.43097538276', '6769.0048828125', '6769.0048828125', '6632.716193896813'),
    ('BMRI.JK', '2024-09-24', '6723.575257786195', '6746.2900390625', '6791.719601615109', '6700.860476509891'),
    ('BMRI.JK', '2024-09-25', '6678.145619710286', '6541.85693359375', '6678.145619710286', '6405.568247477213'),
    ('BMRI.JK', '2024-09-26', '6519.142578125', '6519.142578125', '6541.8573606271775', '6450.998230618467'),
    ('BMRI.JK', '2024-09-27', '6382.853577958776', '6405.568359375', '6473.71270362367', '6360.138796542553'),
    ('BMRI.JK', '2024-09-30', '6360.138975067689', '6291.99462890625', '6382.853757121503', '6246.565064798623'),
    ('BMRI.JK', '2024-10-01', '6360.138796542553', '6405.568359375', '6428.283140791224', '6314.709233710106'),
    ('BMRI.JK', '2024-10-02', '6382.85388139841', '6337.42431640625', '6450.998228886649', '6291.99475141409'),
    ('BMRI.JK', '2024-10-03', '6360.138796542553', '6405.568359375', '6428.283140791224', '6269.27967087766'),
    ('BMRI.JK', '2024-10-04', '6382.8538194834755', '6314.70947265625', '6405.568601759218', '6269.279908104766'),
    ('BMRI.JK', '2024-10-07', '6291.994504616478', '6246.56494140625', '6291.994504616478', '6178.42059659091'),
    ('BMRI.JK', '2024-10-08', '6201.135386760159', '6428.283203125', '6519.142329670936', '6155.705823487191'),
    ('BMRI.JK', '2024-10-09', '6428.283384034959', '6314.70947265625', '6519.142513137927', '6314.70947265625'),
    ('BMRI.JK', '2024-10-10', '6291.9946903805085', '6314.70947265625', '6405.568601759218', '6269.279908104766'),
    ('BMRI.JK', '2024-10-11', '6382.8538194834755', '6314.70947265625', '6382.8538194834755', '6291.9946903805085'),
    ('BMRI.JK', '2024-10-14', '6291.99462890625', '6291.99462890625', '6337.424193013876', '6269.279846852437'),
    ('BMRI.JK', '2024-10-15', '6360.138796542553', '6405.568359375', '6450.997922207446', '6291.994452293883'),
    ('BMRI.JK', '2024-10-16', '6405.5682338169645', '6360.138671875', '6428.283014787947', '6291.994328962053'),
    ('BMRI.JK', '2024-10-17', '6405.568308688365', '6564.57177734375', '6587.286558580234', '6360.138746215398'),
    ('BMRI.JK', '2024-10-18', '6610.001708133711', '6519.142578125', '6632.7164906358885', '6519.142578125'),
    ('BMRI.JK', '2024-10-21', '6587.286495632595', '6541.85693359375', '6587.286495632595', '6473.7125905354815'),
    ('BMRI.JK', '2024-10-22', '6496.427548034452', '6428.283203125', '6519.142329670936', '6428.283203125'),
    ('BMRI.JK', '2024-10-23', '6428.283203125', '6428.283203125', '6473.712766397968', '6382.853639852032'),
    ('BMRI.JK', '2024-10-24', '6360.13909890233', '6337.42431640625', '6496.427793878808', '6337.42431640625'),
    ('BMRI.JK', '2024-10-25', '6337.424015126329', '6405.568359375', '6405.568359375', '6337.424015126329'),
    ('BMRI.JK', '2024-10-28', '6428.2830654046475', '6201.13525390625', '6428.2830654046475', '6178.42047275641'),
    ('BMRI.JK', '2024-10-29', '6178.42047275641', '6201.13525390625', '6223.85003505609', '6110.276129306892'),
    ('BMRI.JK', '2024-10-30', '5973.98773509838', '6132.9912109375', '6155.705993200231', '5973.98773509838'),
    ('BMRI.JK', '2024-10-31', '6132.991087045242', '6087.5615234375', '6201.135432456856', '6087.5615234375'),
    ('BMRI.JK', '2024-11-01', '6110.276179951832', '6042.1318359375', '6110.276179951832', '5951.272710585056'),
    ('BMRI.JK', '2024-11-04', '5996.702517361111', '6132.9912109375', '6178.420775462962', '5928.558170572916'),
    ('BMRI.JK', '2024-11-05', '6110.276372475744', '6291.99462890625', '6314.709410960063', '6064.846808368118'),
    ('BMRI.JK', '2024-11-06', '6291.994682952648', '5951.27294921875', '6291.994682952648', '5951.27294921875'),
    ('BMRI.JK', '2024-11-07', '5905.8430736259725', '5837.69873046875', '5951.272635730787', '5837.69873046875'),
    ('BMRI.JK', '2024-11-08', '5837.698971714427', '5746.83984375', '5928.558099678854', '5701.410279767787'),
    ('BMRI.JK', '2024-11-11', '5724.125123031496', '5769.5546875', '5860.413816437008', '5587.836429625984'),
    ('BMRI.JK', '2024-11-12', '5792.26953125', '5792.26953125', '5860.413878676471', '5746.83996629902'),
    ('BMRI.JK', '2024-11-13', '5905.8430736259725', '5837.69873046875', '5951.272635730787', '5814.9839494163425'),
    ('BMRI.JK', '2024-11-14', '5792.26953125', '5792.26953125', '5883.128661151961', '5769.55474877451'),
    ('BMRI.JK', '2024-11-15', '5724.125123031496', '5769.5546875', '5814.9842519685035', '5724.125123031496'),
    ('BMRI.JK', '2024-11-18', '5769.554625741107', '5746.83984375', '5837.698971714427', '5655.980715785573'),
    ('BMRI.JK', '2024-11-19', '5792.26921875', '5678.6953125', '5792.26921875', '5655.980531249999'),
    ('BMRI.JK', '2024-11-20', '5746.839592745984', '5655.98046875', '5769.55437374498', '5633.265687751004'),
    ('BMRI.JK', '2024-11-21', '5655.9807724371185', '5587.83642578125', '5655.9807724371185', '5565.121643562627'),
    ('BMRI.JK', '2024-11-22', '5565.121406249999', '5678.6953125', '5724.1248749999995', '5542.406625'),
    ('BMRI.JK', '2024-11-25', '5746.839968141041', '5973.98779296875', '5996.702575451521', '5746.839968141041'),
    ('BMRI.JK', '2024-11-26', '5996.70263671875', '5814.984375', '5996.70263671875', '5746.840026855469'),
    ('BMRI.JK', '2024-11-28', '5769.554449037064', '5860.41357421875', '5928.557918105015', '5769.554449037064'),
    ('BMRI.JK', '2024-11-29', '5746.83990131161', '5587.83642578125', '5792.269465748856', '5565.121643562627'),
    ('BMRI.JK', '2024-12-02', '5610.551330566406', '5451.5478515625', '5678.6956787109375', '5428.833068847656'),
    ('BMRI.JK', '2024-12-03', '5542.4066857569715', '5701.41015625', '5701.41015625', '5542.4066857569715'),
    ('BMRI.JK', '2024-12-04', '5701.410401348039', '5792.26953125', '5860.413878676471', '5655.980836397059'),
    ('BMRI.JK', '2024-12-05', '5769.554683530234', '5587.83642578125', '5792.269465748856', '5587.83642578125'),
    ('BMRI.JK', '2024-12-06', '5633.265687751004', '5655.98046875', '5701.410030747992', '5565.121344754016'),
    ('BMRI.JK', '2024-12-09', '5610.551271446078', '5792.26953125', '5792.26953125', '5610.551271446078'),
    ('BMRI.JK', '2024-12-10', '5701.410218253968', '5724.125', '5746.839781746032', '5655.980654761905'),
    ('BMRI.JK', '2024-12-11', '5724.125', '5724.125', '5814.984126984127', '5724.125'),
    ('BMRI.JK', '2024-12-12', '5633.265927933673', '5565.12158203125', '5655.980709901148', '5542.406800063775'),
    ('BMRI.JK', '2024-12-13', '5474.26220703125', '5474.26220703125', '5542.4065498573655', '5428.832645147173'),
    ('BMRI.JK', '2024-12-16', '5360.688424318416', '5519.69189453125', '5542.406675990226', '5360.688424318416'),
    ('BMRI.JK', '2024-12-17', '5496.977292870273', '5406.1181640625', '5519.692075072216', '5383.403381860557'),
    ('BMRI.JK', '2024-12-18', '5383.403068837178', '5292.5439453125', '5451.547411480687', '5247.114383550161'),
    ('BMRI.JK', '2024-12-19', '5110.825808352836', '5156.25537109375', '5201.684933834664', '5088.111026982379'),
    ('BMRI.JK', '2024-12-20', '5156.25537109375', '5156.25537109375', '5224.3997152051215', '5110.825808352836'),
    ('BMRI.JK', '2024-12-23', '5269.82916443133', '5292.5439453125', '5337.973507074839', '5201.684821787821'),
    ('BMRI.JK', '2024-12-24', '5292.54424889606', '5224.39990234375', '5337.973813264266', '5224.39990234375'),
    ('BMRI.JK', '2024-12-27', '5224.4000244140625', '5269.82958984375', '5315.2591552734375', '5224.4000244140625'),
    ('BMRI.JK', '2024-12-30', '5156.255433199698', '5178.97021484375', '5224.399778131853', '5133.540651555647'),
    ('BMRI.JK', '2025-01-02', '5178.970102163462', '5315.2587890625', '5315.2587890625', '5178.970102163462'),
    ('BMRI.JK', '2025-01-03', '5315.2591552734375', '5269.82958984375', '5337.973937988281', '5247.114807128906'),
    ('BMRI.JK', '2025-01-06', '5292.544059316492', '5156.25537109375', '5292.544059316492', '5133.540589723293'),
    ('BMRI.JK', '2025-01-07', '5088.111328125', '5088.111328125', '5133.5408935546875', '5042.6817626953125'),
    ('BMRI.JK', '2025-01-08', '5088.11120923913', '5224.39990234375', '5224.39990234375', '5088.11120923913'),
    ('BMRI.JK', '2025-01-09', '5201.685120159646', '5224.39990234375', '5247.114684527854', '5178.970337975544'),
    ('BMRI.JK', '2025-01-10', '5224.4000244140625', '5088.111328125', '5247.114807128906', '5088.111328125'),
    ('BMRI.JK', '2025-01-13', '4997.252014988688', '5019.966796875', '5042.681578761312', '4974.5372331023755'),
    ('BMRI.JK', '2025-01-14', '4929.107849121094', '4906.39306640625', '5065.396545410156', '4906.39306640625'),
    ('BMRI.JK', '2025-01-15', '4974.537298318614', '5224.39990234375', '5292.54424889606', '4951.822516134511'),
    ('BMRI.JK', '2025-01-16', '5519.691884142287', '5337.9736328125', '5633.265791223404', '5315.258851396276'),
    ('BMRI.JK', '2025-01-17', '5269.829288563829', '5337.9736328125', '5496.977102726064', '5224.399725731383'),
    ('BMRI.JK', '2025-01-20', '5451.5478515625', '5451.5478515625', '5496.9774169921875', '5383.403503417969'),
    ('BMRI.JK', '2025-01-21', '5542.406613184401', '5496.97705078125', '5610.550956789127', '5474.2622695796745'),
    ('BMRI.JK', '2025-01-22', '5587.83642578125', '5587.83642578125', '5633.265990218496', '5542.406861344004'),
    ('BMRI.JK', '2025-01-23', '5633.266051998988', '5610.55126953125', '5724.125181869939', '5610.55126953125'),
    ('BMRI.JK', '2025-01-24', '5678.695491868622', '5565.12158203125', '5678.695491868622', '5565.12158203125'),
    ('BMRI.JK', '2025-01-30', '5542.40673828125', '5542.40673828125', '5655.980646852587', '5519.691956566982'),
    ('BMRI.JK', '2025-01-31', '5610.55089268348', '5474.26220703125', '5655.980454567557', '5474.26220703125'),
    ('BMRI.JK', '2025-02-03', '5428.833068847656', '5269.82958984375', '5451.5478515625', '5178.970458984375'),
    ('BMRI.JK', '2025-02-04', '5292.544059316492', '5156.25537109375', '5315.258840686949', '5110.825808352836'),
    ('BMRI.JK', '2025-02-05', '5088.111142533937', '5019.966796875', '5088.111142533937', '4974.5372331023755'),
    ('BMRI.JK', '2025-02-06', '4929.107589422488', '4633.8154296875', '4929.107589422488', '4542.956303615196'),
    ('BMRI.JK', '2025-02-07', '4542.956424453883', '4679.2451171875', '4679.2451171875', '4497.526860209345'),
    ('BMRI.JK', '2025-02-10', '4679.2452392578125', '4542.95654296875', '4679.2452392578125', '4533.870629882813'),
    ('BMRI.JK', '2025-02-11', '4315.808430656058', '4433.92529296875', '4497.5266803678915', '4315.808430656058'),
    ('BMRI.JK', '2025-02-12', '4470.269092389929', '4488.44091796875', '4497.526830758161', '4388.495877285235'),
    ('BMRI.JK', '2025-02-13', '4488.440644434079', '4565.6708984375', '4611.100459615983', '4452.0969954912935'),
    ('BMRI.JK', '2025-02-14', '4633.815491615854', '4656.5302734375', '4724.674618902439', '4515.698626143292'),
    ('BMRI.JK', '2025-02-17', '4724.67439516129', '4929.107421875', '4974.536983366936', '4701.959614415323'),
    ('BMRI.JK', '2025-02-18', '4951.822265625', '4951.822265625', '5042.681389764908', '4883.677922520069'),
    ('BMRI.JK', '2025-02-19', '4883.678220297404', '4701.9599609375', '4906.393002717391', '4656.530396097524'),
    ('BMRI.JK', '2025-02-20', '4656.53033506523', '4679.2451171875', '4747.389463554308', '4633.815552942961'),
    ('BMRI.JK', '2025-02-21', '4542.956242302956', '4611.1005859375', '4633.8153671490145', '4542.956242302956'),
    ('BMRI.JK', '2025-02-24', '4588.385679026741', '4565.6708984375', '4611.100459615983', '4524.784293376865'),
    ('BMRI.JK', '2025-02-25', '4542.956217113706', '4424.83935546875', '4565.670998199274', '4415.753443034522'),
    ('BMRI.JK', '2025-02-26', '4415.753566834985', '4470.26904296875', '4524.784519102515', '4406.667654146024'),
    ('BMRI.JK', '2025-02-27', '4479.35478976663', '4234.03515625', '4497.526614471566', '4234.03515625'),
    ('BMRI.JK', '2025-02-28', '4197.691845703125', '4179.52001953125', '4261.293237304688', '4134.0904541015625'),
    ('BMRI.JK', '2025-03-03', '4315.80847915338', '4452.09716796875', '4524.78446867028', '4270.378916214923'),
    ('BMRI.JK', '2025-03-04', '4452.0970166419165', '4397.58154296875', '4470.268841199639', '4315.808332459001'),
    ('BMRI.JK', '2025-03-05', '4415.75341796875', '4415.75341796875', '4588.385753239133', '4415.75341796875'),
    ('BMRI.JK', '2025-03-06', '4461.183005205659', '4424.83935546875', '4524.784392245251', '4424.83935546875'),
    ('BMRI.JK', '2025-03-07', '4424.839279805333', '4397.58154296875', '4424.839279805333', '4370.323806132167'),
    ('BMRI.JK', '2025-03-10', '4297.636668988854', '4279.46484375', '4324.894406847134', '4234.035280652866'),
    ('BMRI.JK', '2025-03-11', '4224.9494412579115', '4306.72265625', '4343.066307357595', '4215.8635284810125'),
    ('BMRI.JK', '2025-03-12', '4315.808430656058', '4433.92529296875', '4433.92529296875', '4315.808430656058'),
    ('BMRI.JK', '2025-03-13', '4488.440911787975', '4306.72265625', '4488.440911787975', '4279.464917919304'),
    ('BMRI.JK', '2025-03-14', '4215.8635284810125', '4306.72265625', '4361.238132911392', '4215.8635284810125'),
    ('BMRI.JK', '2025-03-17', '4306.722506009615', '4252.20703125', '4333.980243389423', '4234.035206330128'),
    ('BMRI.JK', '2025-03-18', '4252.207147661424', '4115.91845703125', '4261.2930603701025', '3906.9424647316505'),
    ('BMRI.JK', '2025-03-19', '4115.918344350962', '4252.20703125', '4270.378856169872', '4034.1451322115386'),
    ('BMRI.JK', '2025-03-20', '4324.894679214015', '4197.69189453125', '4333.980592405642', '4188.605981339624'),
    ('BMRI.JK', '2025-03-21', '4179.51979033801', '4006.887451171875', '4188.605702925702', '3979.629713408801'),
    ('BMRI.JK', '2025-03-24', '3952.3720971351245', '4052.317138671875', '4115.918528740716', '3861.5129684653516'),
    ('BMRI.JK', '2025-03-25', '4088.6607496044307', '4306.72265625', '4370.324045688291', '4088.6607496044307'),
    ('BMRI.JK', '2025-03-26', '4524.784598756068', '4679.2451171875', '4701.959899309769', '4479.355034511529'),
    ('BMRI.JK', '2025-03-27', '4679.2452392578125', '4724.6748046875', '4770.1043701171875', '4588.3861083984375'),
    ('BMRI.JK', '2025-04-08', '4088.6605828426123', '4243.12109375', '4388.49569225107', '4088.6605828426123'),
    ('BMRI.JK', '2025-04-09', '4206.777542794586', '4279.46484375', '4352.152144705414', '4206.777542794586'),
    ('BMRI.JK', '2025-04-10', '4724.674362562189', '4565.6708984375', '4747.38914315143', '4515.698381141169'),
    ('BMRI.JK', '2025-04-11', '4542.956303615196', '4633.8154296875', '4701.959774241728', '4497.526740579044'),
    ('BMRI.JK', '2025-04-14', '4650.0', '4750.0', '4750.0', '4650.0'),
    ('BMRI.JK', '2025-04-15', '4800.0', '4710.0', '4820.0', '4710.0'),
    ('BMRI.JK', '2025-04-16', '4740.0', '4630.0', '4750.0', '4590.0'),
    ('BMRI.JK', '2025-04-17', '4630.0', '4600.0', '4660.0', '4570.0'),
    ('BMRI.JK', '2025-04-21', '4600.0', '4610.0', '4640.0', '4560.0'),
    ('BMRI.JK', '2025-04-22', '4610.0', '4720.0', '4720.0', '4590.0'),
    ('BMRI.JK', '2025-04-23', '4780.0', '4900.0', '4900.0', '4740.0'),
    ('BMRI.JK', '2025-04-24', '4950.0', '4890.0', '5025.0', '4860.0'),
    ('BMRI.JK', '2025-04-25', '4960.0', '4900.0', '4960.0', '4900.0'),
    ('BMRI.JK', '2025-04-28', '4950.0', '4920.0', '4980.0', '4890.0'),
    ('BMRI.JK', '2025-04-29', '4930.0', '4940.0', '4950.0', '4880.0'),
    ('BMRI.JK', '2025-04-30', '4900.0', '4890.0', '4920.0', '4810.0'),
    ('BMRI.JK', '2025-05-02', '4980.0', '4960.0', '4980.0', '4910.0'),
    ('BMRI.JK', '2025-05-05', '4990.0', '4980.0', '5100.0', '4960.0'),
    ('BMRI.JK', '2025-05-06', '5025.0', '4980.0', '5050.0', '4980.0'),
    ('BMRI.JK', '2025-05-07', '5050.0', '4950.0', '5050.0', '4950.0'),
    ('BMRI.JK', '2025-05-08', '4960.0', '4790.0', '5025.0', '4790.0'),
    ('BMRI.JK', '2025-05-09', '4790.0', '4770.0', '4830.0', '4750.0'),
    ('ASII.JK', '2024-05-13', '4631.579582627771', '4564.12939453125', '4654.062978659945', '4564.12939453125'),
    ('ASII.JK', '2024-05-14', '4589.62755867904', '4491.55859375', '4599.434455171943', '4491.55859375'),
    ('ASII.JK', '2024-05-15', '4481.751510114859', '4442.52392578125', '4530.785990531871', '4442.52392578125'),
    ('ASII.JK', '2024-05-16', '4501.3655795929535', '4619.04833984375', '4628.855236531316', '4452.3310961551215'),
    ('ASII.JK', '2024-05-17', '4619.047994995118', '4707.31005859375', '4717.116954549154', '4599.43420308431'),
    ('ASII.JK', '2024-05-20', '4707.310126582279', '4648.46875', '4736.730814873417', '4638.661853902953'),
    ('ASII.JK', '2024-05-21', '4658.275691904921', '4609.2412109375', '4677.889484291888', '4609.2412109375'),
    ('ASII.JK', '2024-05-22', '4628.855236531316', '4619.04833984375', '4638.662133218882', '4609.241443156184'),
    ('ASII.JK', '2024-05-27', '4609.241135817308', '4462.1376953125', '4628.854927884615', '4462.1376953125'),
    ('ASII.JK', '2024-05-28', '4471.94463691796', '4422.91015625', '4511.172221452328', '4422.91015625'),
    ('ASII.JK', '2024-05-29', '4707.310468049327', '4373.8759765625', '4707.310468049327', '4285.613905286575'),
    ('ASII.JK', '2024-05-30', '4364.068750452112', '4236.5791015625', '4364.068750452112', '4226.772205494069'),
    ('ASII.JK', '2024-05-31', '4256.193174989074', '4207.15869140625', '4285.613865138767', '4207.15869140625'),
    ('ASII.JK', '2024-06-03', '4246.386271701389', '4413.103515625', '4442.524205729166', '4246.386271701389'),
    ('ASII.JK', '2024-06-04', '4422.910318299672', '4491.55859375', '4540.59307621452', '4393.489628820961'),
    ('ASII.JK', '2024-06-05', '4471.944777513587', '4511.17236328125', '4550.399949048913', '4462.1378810716715'),
    ('ASII.JK', '2024-06-06', '4530.786203484786', '4471.94482421875', '4530.786203484786', '4442.524134585732'),
    ('ASII.JK', '2024-06-07', '4462.137927674411', '4471.94482421875', '4481.751720763089', '4442.524134585732'),
    ('ASII.JK', '2024-06-10', '4471.94463691796', '4422.91015625', '4471.94463691796', '4413.103260116408'),
    ('ASII.JK', '2024-06-11', '4413.103448275862', '4266.0', '4413.103448275862', '4266.0'),
    ('ASII.JK', '2024-06-12', '4265.999744660264', '4275.806640625', '4324.841120448681', '4207.1583688718465'),
    ('ASII.JK', '2024-06-13', '4324.84149252032', '4373.8759765625', '4393.4897701793725', '4315.034595711883'),
    ('ASII.JK', '2024-06-14', '4393.489819004525', '4334.6484375', '4442.524303591629', '4324.841540582579'),
    ('ASII.JK', '2024-06-19', '4364.06884765625', '4364.06884765625', '4422.910225377458', '4334.648158795646'),
    ('ASII.JK', '2024-06-20', '4354.261951369382', '4364.06884765625', '4383.682640229986', '4275.806781074438'),
    ('ASII.JK', '2024-06-21', '4364.068801981834', '4403.29638671875', '4442.523971455666', '4324.841217244919'),
    ('ASII.JK', '2024-06-24', '4393.4895598194125', '4344.455078125', '4413.103352497178', '4324.841285447234'),
    ('ASII.JK', '2024-06-25', '4354.262255859375', '4315.03466796875', '4354.262255859375', '4275.807080078125'),
    ('ASII.JK', '2024-06-26', '4315.034643665158', '4334.6484375', '4364.069128252262', '4285.613952912896'),
    ('ASII.JK', '2024-06-27', '4344.455078125', '4344.455078125', '4354.261974463882', '4315.034389108352'),
    ('ASII.JK', '2024-06-28', '4344.455286137191', '4373.8759765625', '4471.944944646861', '4344.455286137191'),
    ('ASII.JK', '2024-07-01', '4403.296479724702', '4530.7861328125', '4530.7861328125', '4403.296479724702'),
    ('ASII.JK', '2024-07-02', '4520.9790944484685', '4442.52392578125', '4530.785990531871', '4422.910133614445'),
    ('ASII.JK', '2024-07-03', '4462.137672875068', '4481.75146484375', '4491.558360828091', '4432.716984922046'),
    ('ASII.JK', '2024-07-04', '4491.558383413461', '4462.1376953125', '4520.979071514423', '4462.1376953125'),
    ('ASII.JK', '2024-07-05', '4481.751697257097', '4491.55859375', '4520.979283228712', '4452.331007778384'),
    ('ASII.JK', '2024-07-08', '4511.172316978718', '4550.39990234375', '4550.39990234375', '4471.944731613686'),
    ('ASII.JK', '2024-07-09', '4530.786203484786', '4471.94482421875', '4530.786203484786', '4452.331031130071'),
    ('ASII.JK', '2024-07-10', '4481.751744476183', '4452.3310546875', '4491.558641072412', '4432.717261495044'),
    ('ASII.JK', '2024-07-11', '4462.137740784368', '4422.91015625', '4511.172221452328', '4413.103260116408'),
    ('ASII.JK', '2024-07-12', '4422.910364898816', '4452.3310546875', '4481.751744476183', '4413.103468302588'),
    ('ASII.JK', '2024-07-15', '4452.330890834732', '4383.6826171875', '4462.13778707005', '4373.875720952181'),
    ('ASII.JK', '2024-07-16', '4393.489369292238', '4295.42041015625', '4403.296265205836', '4295.42041015625'),
    ('ASII.JK', '2024-07-17', '4334.648389328756', '4373.8759765625', '4383.682873370936', '4315.034595711883'),
    ('ASII.JK', '2024-07-18', '4383.682778513904', '4452.3310546875', '4452.3310546875', '4373.8758819176755'),
    ('ASII.JK', '2024-07-19', '4432.7170296978475', '4442.52392578125', '4452.3308218646525', '4393.489445364238'),
    ('ASII.JK', '2024-07-22', '4442.524181804826', '4432.71728515625', '4452.3310784534015', '4393.489698561947'),
    ('ASII.JK', '2024-07-23', '4422.910225377458', '4364.06884765625', '4442.524017951194', '4364.06884765625'),
    ('ASII.JK', '2024-07-24', '4383.682549280836', '4442.52392578125', '4471.944614031457', '4373.875653197434'),
    ('ASII.JK', '2024-07-25', '4442.523971455666', '4403.29638671875', '4442.523971455666', '4364.068801981834'),
    ('ASII.JK', '2024-07-26', '4413.103625779555', '4520.9794921875', '4530.7863891336765', '4413.103625779555'),
    ('ASII.JK', '2024-07-29', '4530.7863891336765', '4520.9794921875', '4540.593286079854', '4491.55880134897'),
    ('ASII.JK', '2024-07-30', '4520.979330861095', '4452.3310546875', '4520.979330861095', '4432.717261495044'),
    ('ASII.JK', '2024-07-31', '4530.786019018141', '4628.85498046875', '4638.661876613811', '4501.365330582958'),
    ('ASII.JK', '2024-08-01', '4609.241165611815', '4648.46875', '4648.46875', '4570.0135812236285'),
    ('ASII.JK', '2024-08-02', '4619.048363789312', '4599.4345703125', '4648.469054004531', '4579.820776835688'),
    ('ASII.JK', '2024-08-05', '4550.399996573465', '4471.94482421875', '4560.206893117805', '4432.717238041392'),
    ('ASII.JK', '2024-08-06', '4511.1725952413235', '4520.9794921875', '4530.7863891336765', '4452.331213564263'),
    ('ASII.JK', '2024-08-07', '4511.172571038067', '4540.59326171875', '4540.59326171875', '4471.944983463823'),
    ('ASII.JK', '2024-08-08', '4530.785996835443', '4648.46875', '4658.275646097047', '4511.172204641351'),
    ('ASII.JK', '2024-08-09', '4668.08251953125', '4668.08251953125', '4697.503207679556', '4638.661831382944'),
    ('ASII.JK', '2024-08-12', '4668.08251953125', '4668.08251953125', '4687.696311630121', '4628.854935333508'),
    ('ASII.JK', '2024-08-13', '4707.310103728992', '4668.08251953125', '4707.310103728992', '4648.46872743238'),
    ('ASII.JK', '2024-08-14', '4707.310199386503', '4795.572265625', '4834.799850619887', '4677.889510640337'),
    ('ASII.JK', '2024-08-15', '4795.572265625', '4795.572265625', '4824.992954371166', '4746.53778438139'),
    ('ASII.JK', '2024-08-16', '4805.3790713028175', '4874.02734375', '4893.641135877767', '4805.3790713028175'),
    ('ASII.JK', '2024-08-19', '4874.0274030239425', '4927.96533203125', '4952.482572489117', '4844.606714474502'),
    ('ASII.JK', '2024-08-20', '4952.482941120426', '5026.03466796875', '5050.5519102515245', '4927.965698837653'),
    ('ASII.JK', '2024-08-21', '5050.551724137931', '4977.0', '5124.103448275862', '4977.0'),
    ('ASII.JK', '2024-08-22', '4927.965483398437', '4903.4482421875', '4952.482724609375', '4893.641345703125'),
    ('ASII.JK', '2024-08-23', '4952.482608570772', '5001.51708984375', '5075.068811753217', '4952.482608570772'),
    ('ASII.JK', '2024-08-26', '5026.03451626972', '5050.5517578125', '5099.586240898058', '5026.03451626972'),
    ('ASII.JK', '2024-08-27', '5050.5517578125', '5050.5517578125', '5075.068999355279', '4977.000033184162'),
    ('ASII.JK', '2024-08-28', '5050.551534320584', '4927.96533203125', '5050.551534320584', '4903.448091573383'),
    ('ASII.JK', '2024-08-29', '4952.482758620689', '4977.0', '4977.0', '4903.448275862069'),
    ('ASII.JK', '2024-08-30', '4976.999849207261', '5001.51708984375', '5026.034330480239', '4927.965367934283'),
    ('ASII.JK', '2024-09-02', '5001.516977163461', '5099.5859375', '5124.103177584135', '5001.516977163461'),
    ('ASII.JK', '2024-09-03', '5124.103637099847', '5026.03466796875', '5124.103637099847', '5026.03466796875'),
    ('ASII.JK', '2024-09-04', '4952.48291015625', '4952.48291015625', '5001.517394415223', '4927.9656680267635'),
    ('ASII.JK', '2024-09-05', '4977.0', '4977.0', '5026.0344827586205', '4952.482758620689'),
    ('ASII.JK', '2024-09-06', '4952.48291015625', '4952.48291015625', '5026.034636544709', '4952.48291015625'),
    ('ASII.JK', '2024-09-09', '4952.482572489117', '4927.96533203125', '5001.51705340485', '4903.448091573383'),
    ('ASII.JK', '2024-09-10', '4976.999812946984', '4927.96533203125', '5001.51705340485', '4903.448091573383'),
    ('ASII.JK', '2024-09-11', '4927.96533203125', '4927.96533203125', '4952.482572489117', '4903.448091573383'),
    ('ASII.JK', '2024-09-12', '4927.96533203125', '4927.96533203125', '4976.999812946984', '4927.96533203125'),
    ('ASII.JK', '2024-09-13', '4927.9655172413795', '4977.0', '4977.0', '4927.9655172413795'),
    ('ASII.JK', '2024-09-17', '4977.0', '4977.0', '5001.517241379311', '4927.9655172413795'),
    ('ASII.JK', '2024-09-18', '5001.517159598215', '5148.62060546875', '5173.137846447173', '4976.999918619792'),
    ('ASII.JK', '2024-09-19', '5173.1376953125', '5173.1376953125', '5173.1376953125', '5099.585974526066'),
    ('ASII.JK', '2024-09-20', '5173.13799902811', '5124.103515625', '5173.13799902811', '5099.586273923444'),
    ('ASII.JK', '2024-09-23', '5148.620757326555', '5124.103515625', '5173.13799902811', '5124.103515625'),
    ('ASII.JK', '2024-09-24', '5148.620455050355', '5173.1376953125', '5173.1376953125', '5124.103214788211'),
    ('ASII.JK', '2024-09-25', '5197.655240729665', '5124.103515625', '5197.655240729665', '5050.551790520335'),
    ('ASII.JK', '2024-09-26', '5148.62060546875', '5148.62060546875', '5173.137846447173', '5075.068882533482'),
    ('ASII.JK', '2024-09-27', '5173.137774299173', '5001.51708984375', '5173.137774299173', '4952.482608570772'),
    ('ASII.JK', '2024-09-30', '5001.517394415223', '4952.48291015625', '5001.517394415223', '4903.448425897277'),
    ('ASII.JK', '2024-10-01', '5001.517125226449', '5075.06884765625', '5075.06884765625', '4976.999884416516'),
    ('ASII.JK', '2024-10-02', '5050.5517578125', '5050.5517578125', '5050.5517578125', '4952.482791641383'),
    ('ASII.JK', '2024-10-03', '5075.068882533482', '5148.62060546875', '5148.62060546875', '5001.517159598215'),
    ('ASII.JK', '2024-10-04', '5148.620723983617', '5050.5517578125', '5148.620723983617', '5001.517274726942'),
    ('ASII.JK', '2024-10-07', '5050.551571116728', '5001.51708984375', '5075.068811753217', '4976.999849207261'),
    ('ASII.JK', '2024-10-08', '5001.517307117225', '5124.103515625', '5124.103515625', '4977.000065415669'),
    ('ASII.JK', '2024-10-09', '5124.103448275862', '4977.0', '5124.103448275862', '4977.0'),
    ('ASII.JK', '2024-10-10', '5001.5174256859755', '5026.03466796875', '5026.03466796875', '4977.000183403201'),
    ('ASII.JK', '2024-10-11', '5026.0344827586205', '4977.0', '5050.551724137931', '4977.0'),
    ('ASII.JK', '2024-10-14', '5025.0', '4930.0', '5025.0', '4920.0'),
    ('ASII.JK', '2024-10-15', '4930.0', '4930.0', '4970.0', '4900.0'),
    ('ASII.JK', '2024-10-16', '4950.0', '4960.0', '4960.0', '4900.0'),
    ('ASII.JK', '2024-10-17', '4950.0', '4950.0', '4970.0', '4930.0'),
    ('ASII.JK', '2024-10-18', '4960.0', '4920.0', '4960.0', '4920.0'),
    ('ASII.JK', '2024-10-21', '4950.0', '5100.0', '5100.0', '4930.0'),
    ('ASII.JK', '2024-10-22', '5125.0', '5275.0', '5275.0', '5100.0'),
    ('ASII.JK', '2024-10-23', '5275.0', '5300.0', '5300.0', '5175.0'),
    ('ASII.JK', '2024-10-24', '5300.0', '5275.0', '5300.0', '5200.0'),
    ('ASII.JK', '2024-10-25', '5275.0', '5225.0', '5275.0', '5200.0'),
    ('ASII.JK', '2024-10-28', '5250.0', '5250.0', '5250.0', '5125.0'),
    ('ASII.JK', '2024-10-29', '5250.0', '5125.0', '5250.0', '5125.0'),
    ('ASII.JK', '2024-10-30', '5125.0', '5200.0', '5200.0', '5050.0'),
    ('ASII.JK', '2024-10-31', '5300.0', '5100.0', '5300.0', '5100.0'),
    ('ASII.JK', '2024-11-01', '5125.0', '5075.0', '5175.0', '5050.0'),
    ('ASII.JK', '2024-11-04', '5075.0', '5125.0', '5125.0', '4980.0'),
    ('ASII.JK', '2024-11-05', '5125.0', '5175.0', '5200.0', '5075.0'),
    ('ASII.JK', '2024-11-06', '5175.0', '5050.0', '5175.0', '5025.0'),
    ('ASII.JK', '2024-11-07', '5050.0', '5000.0', '5075.0', '5000.0'),
    ('ASII.JK', '2024-11-08', '5050.0', '4960.0', '5075.0', '4950.0'),
    ('ASII.JK', '2024-11-11', '4960.0', '4970.0', '4990.0', '4850.0'),
    ('ASII.JK', '2024-11-12', '5000.0', '4970.0', '5000.0', '4930.0'),
    ('ASII.JK', '2024-11-13', '5000.0', '5025.0', '5025.0', '4950.0'),
    ('ASII.JK', '2024-11-14', '5025.0', '4950.0', '5025.0', '4930.0'),
    ('ASII.JK', '2024-11-15', '4940.0', '4940.0', '4960.0', '4920.0'),
    ('ASII.JK', '2024-11-18', '4950.0', '4930.0', '4970.0', '4910.0'),
    ('ASII.JK', '2024-11-19', '4930.0', '4970.0', '4970.0', '4900.0'),
    ('ASII.JK', '2024-11-20', '4970.0', '5000.0', '5025.0', '4950.0'),
    ('ASII.JK', '2024-11-21', '4990.0', '4890.0', '4990.0', '4890.0'),
    ('ASII.JK', '2024-11-22', '4900.0', '4910.0', '4960.0', '4860.0'),
    ('ASII.JK', '2024-11-25', '4950.0', '5175.0', '5175.0', '4940.0'),
    ('ASII.JK', '2024-11-26', '5150.0', '5150.0', '5200.0', '5100.0'),
    ('ASII.JK', '2024-11-28', '5200.0', '5125.0', '5225.0', '5125.0'),
    ('ASII.JK', '2024-11-29', '5125.0', '5100.0', '5125.0', '5025.0'),
    ('ASII.JK', '2024-12-02', '5100.0', '4940.0', '5150.0', '4900.0'),
    ('ASII.JK', '2024-12-03', '4980.0', '5125.0', '5125.0', '4970.0'),
    ('ASII.JK', '2024-12-04', '5100.0', '5225.0', '5225.0', '5075.0'),
    ('ASII.JK', '2024-12-05', '5225.0', '5200.0', '5225.0', '5125.0'),
    ('ASII.JK', '2024-12-06', '5150.0', '5150.0', '5175.0', '5050.0'),
    ('ASII.JK', '2024-12-09', '5150.0', '5225.0', '5225.0', '5100.0'),
    ('ASII.JK', '2024-12-10', '5200.0', '5225.0', '5225.0', '5150.0'),
    ('ASII.JK', '2024-12-11', '5175.0', '5250.0', '5250.0', '5175.0'),
    ('ASII.JK', '2024-12-12', '5150.0', '5100.0', '5225.0', '5050.0'),
    ('ASII.JK', '2024-12-13', '5100.0', '5125.0', '5150.0', '5050.0'),
    ('ASII.JK', '2024-12-16', '5075.0', '5125.0', '5150.0', '5000.0'),
    ('ASII.JK', '2024-12-17', '5100.0', '4980.0', '5150.0', '4950.0'),
    ('ASII.JK', '2024-12-18', '4980.0', '5000.0', '5050.0', '4960.0'),
    ('ASII.JK', '2024-12-19', '4950.0', '4880.0', '4950.0', '4860.0'),
    ('ASII.JK', '2024-12-20', '4880.0', '4870.0', '4900.0', '4850.0'),
    ('ASII.JK', '2024-12-23', '4900.0', '4950.0', '4950.0', '4870.0'),
    ('ASII.JK', '2024-12-24', '4940.0', '4880.0', '4980.0', '4880.0'),
    ('ASII.JK', '2024-12-27', '4890.0', '4930.0', '4940.0', '4880.0'),
    ('ASII.JK', '2024-12-30', '4930.0', '4900.0', '4940.0', '4880.0'),
    ('ASII.JK', '2025-01-02', '4910.0', '4950.0', '4970.0', '4900.0'),
    ('ASII.JK', '2025-01-03', '4950.0', '4950.0', '4970.0', '4920.0'),
    ('ASII.JK', '2025-01-06', '4950.0', '4860.0', '5000.0', '4860.0'),
    ('ASII.JK', '2025-01-07', '4860.0', '4920.0', '4920.0', '4850.0'),
    ('ASII.JK', '2025-01-08', '4880.0', '4810.0', '4910.0', '4810.0'),
    ('ASII.JK', '2025-01-09', '4830.0', '4930.0', '4950.0', '4830.0'),
    ('ASII.JK', '2025-01-10', '4940.0', '4900.0', '4960.0', '4860.0'),
    ('ASII.JK', '2025-01-13', '4910.0', '4750.0', '4920.0', '4720.0'),
    ('ASII.JK', '2025-01-14', '4770.0', '4750.0', '4850.0', '4750.0'),
    ('ASII.JK', '2025-01-15', '4790.0', '4940.0', '4940.0', '4780.0'),
    ('ASII.JK', '2025-01-16', '5025.0', '4880.0', '5025.0', '4880.0'),
    ('ASII.JK', '2025-01-17', '4860.0', '4940.0', '4970.0', '4840.0'),
    ('ASII.JK', '2025-01-20', '4940.0', '4910.0', '4960.0', '4900.0'),
    ('ASII.JK', '2025-01-21', '4930.0', '4910.0', '4970.0', '4900.0'),
    ('ASII.JK', '2025-01-22', '4920.0', '4960.0', '4980.0', '4880.0'),
    ('ASII.JK', '2025-01-23', '4960.0', '4900.0', '4980.0', '4900.0'),
    ('ASII.JK', '2025-01-24', '4900.0', '4870.0', '4960.0', '4870.0'),
    ('ASII.JK', '2025-01-30', '4870.0', '4780.0', '4870.0', '4780.0'),
    ('ASII.JK', '2025-01-31', '4790.0', '4800.0', '4840.0', '4790.0'),
    ('ASII.JK', '2025-02-03', '4800.0', '4760.0', '4800.0', '4740.0'),
    ('ASII.JK', '2025-02-04', '4770.0', '4800.0', '4840.0', '4760.0'),
    ('ASII.JK', '2025-02-05', '4850.0', '4740.0', '4850.0', '4730.0'),
    ('ASII.JK', '2025-02-06', '4740.0', '4550.0', '4740.0', '4520.0'),
    ('ASII.JK', '2025-02-07', '4610.0', '4650.0', '4670.0', '4530.0'),
    ('ASII.JK', '2025-02-10', '4610.0', '4570.0', '4650.0', '4520.0'),
    ('ASII.JK', '2025-02-11', '4590.0', '4610.0', '4650.0', '4570.0'),
    ('ASII.JK', '2025-02-12', '4680.0', '4640.0', '4680.0', '4620.0'),
    ('ASII.JK', '2025-02-13', '4640.0', '4660.0', '4670.0', '4580.0'),
    ('ASII.JK', '2025-02-14', '4660.0', '4680.0', '4730.0', '4640.0'),
    ('ASII.JK', '2025-02-17', '4680.0', '4740.0', '4780.0', '4670.0'),
    ('ASII.JK', '2025-02-18', '4740.0', '4800.0', '4840.0', '4740.0'),
    ('ASII.JK', '2025-02-19', '4820.0', '4700.0', '4840.0', '4610.0'),
    ('ASII.JK', '2025-02-20', '4700.0', '4720.0', '4740.0', '4650.0'),
    ('ASII.JK', '2025-02-21', '4740.0', '4750.0', '4800.0', '4600.0'),
    ('ASII.JK', '2025-02-24', '4750.0', '4700.0', '4770.0', '4660.0'),
    ('ASII.JK', '2025-02-25', '4710.0', '4560.0', '4750.0', '4550.0'),
    ('ASII.JK', '2025-02-26', '4560.0', '4580.0', '4600.0', '4520.0'),
    ('ASII.JK', '2025-02-27', '4550.0', '4590.0', '4590.0', '4480.0'),
    ('ASII.JK', '2025-02-28', '4650.0', '4530.0', '4650.0', '4370.0'),
    ('ASII.JK', '2025-03-03', '4530.0', '4680.0', '4720.0', '4500.0'),
    ('ASII.JK', '2025-03-04', '4680.0', '4690.0', '4700.0', '4590.0'),
    ('ASII.JK', '2025-03-05', '4700.0', '4900.0', '4900.0', '4690.0'),
    ('ASII.JK', '2025-03-06', '4900.0', '4900.0', '4960.0', '4860.0'),
    ('ASII.JK', '2025-03-07', '4900.0', '4930.0', '4970.0', '4790.0'),
    ('ASII.JK', '2025-03-10', '4900.0', '4770.0', '4900.0', '4750.0'),
    ('ASII.JK', '2025-03-11', '4720.0', '4800.0', '4800.0', '4700.0'),
    ('ASII.JK', '2025-03-12', '4760.0', '4810.0', '4830.0', '4740.0'),
    ('ASII.JK', '2025-03-13', '4790.0', '4730.0', '4810.0', '4680.0'),
    ('ASII.JK', '2025-03-14', '4730.0', '4620.0', '4730.0', '4610.0'),
    ('ASII.JK', '2025-03-17', '4660.0', '4620.0', '4670.0', '4610.0'),
    ('ASII.JK', '2025-03-18', '4630.0', '4650.0', '4650.0', '4460.0'),
    ('ASII.JK', '2025-03-19', '4650.0', '4690.0', '4700.0', '4610.0'),
    ('ASII.JK', '2025-03-20', '4690.0', '4710.0', '4750.0', '4640.0'),
    ('ASII.JK', '2025-03-21', '4720.0', '4840.0', '4840.0', '4630.0'),
    ('ASII.JK', '2025-03-24', '4780.0', '4690.0', '4780.0', '4540.0'),
    ('ASII.JK', '2025-03-25', '4700.0', '4650.0', '4700.0', '4610.0'),
    ('ASII.JK', '2025-03-26', '4660.0', '4800.0', '4840.0', '4660.0'),
    ('ASII.JK', '2025-03-27', '4800.0', '4920.0', '4920.0', '4790.0'),
    ('ASII.JK', '2025-04-08', '4800.0', '4480.0', '4800.0', '4450.0'),
    ('ASII.JK', '2025-04-09', '4480.0', '4620.0', '4660.0', '4470.0'),
    ('ASII.JK', '2025-04-10', '4750.0', '4710.0', '4840.0', '4690.0'),
    ('ASII.JK', '2025-04-11', '4660.0', '4710.0', '4740.0', '4620.0'),
    ('ASII.JK', '2025-04-14', '4740.0', '4930.0', '4930.0', '4710.0'),
    ('ASII.JK', '2025-04-15', '4930.0', '4870.0', '4950.0', '4800.0'),
    ('ASII.JK', '2025-04-16', '4850.0', '4780.0', '4860.0', '4690.0'),
    ('ASII.JK', '2025-04-17', '4770.0', '4750.0', '4770.0', '4710.0'),
    ('ASII.JK', '2025-04-21', '4750.0', '4790.0', '4810.0', '4740.0'),
    ('ASII.JK', '2025-04-22', '4750.0', '4740.0', '4780.0', '4720.0'),
    ('ASII.JK', '2025-04-23', '4770.0', '4820.0', '4840.0', '4770.0'),
    ('ASII.JK', '2025-04-24', '4830.0', '4770.0', '4840.0', '4770.0'),
    ('ASII.JK', '2025-04-25', '4790.0', '4860.0', '4910.0', '4790.0'),
    ('ASII.JK', '2025-04-28', '4880.0', '4890.0', '4930.0', '4870.0'),
    ('ASII.JK', '2025-04-29', '4910.0', '4800.0', '4910.0', '4800.0'),
    ('ASII.JK', '2025-04-30', '4800.0', '4800.0', '4840.0', '4780.0'),
    ('ASII.JK', '2025-05-02', '4810.0', '4790.0', '4860.0', '4760.0'),
    ('ASII.JK', '2025-05-05', '4800.0', '4780.0', '4810.0', '4770.0'),
    ('ASII.JK', '2025-05-06', '4780.0', '4750.0', '4800.0', '4750.0'),
    ('ASII.JK', '2025-05-07', '4780.0', '4830.0', '4840.0', '4770.0'),
    ('ASII.JK', '2025-05-08', '4860.0', '4780.0', '4930.0', '4780.0'),
    ('ASII.JK', '2025-05-09', '4790.0', '4780.0', '4830.0', '4780.0'),
    ('BRPT.JK', '2024-05-13', '982.53079255539', '977.5433349609375', '987.5182501498425', '962.5809621775799'),
    ('BRPT.JK', '2024-05-14', '982.5307938078338', '957.5934448242188', '1002.4806851906387', '957.5934448242188'),
    ('BRPT.JK', '2024-05-15', '972.5558743988619', '1027.41796875', '1027.41796875', '957.5934406815958'),
    ('BRPT.JK', '2024-05-16', '1037.3928469828475', '1281.7786865234375', '1281.7786865234375', '1037.3928469828475'),
    ('BRPT.JK', '2024-05-17', '1281.778773039273', '1336.640869140625', '1456.3400987791504', '1256.8414233679857'),
    ('BRPT.JK', '2024-05-20', '1341.6284021383333', '1196.9918212890625', '1406.4654144064752', '1177.041990123347'),
    ('BRPT.JK', '2024-05-21', '1206.9667650015651', '1261.828857421875', '1326.6658646495937', '1201.9792466182987'),
    ('BRPT.JK', '2024-05-22', '1266.8162559271361', '1182.0294189453125', '1286.7662075338512', '1177.0419005538527'),
    ('BRPT.JK', '2024-05-27', '1182.0295223613616', '1077.292724609375', '1216.9417882786904', '1042.3804586920462'),
    ('BRPT.JK', '2024-05-28', '1077.2926588535486', '1167.0670166015625', '1226.9166290866142', '1072.3051403301579'),
    ('BRPT.JK', '2024-05-29', '1167.0669890849297', '1062.3302001953125', '1172.0545074907268', '1057.34280374864'),
    ('BRPT.JK', '2024-05-30', '1062.330231551466', '1047.3677978515625', '1097.2424955451559', '1037.3928827046695'),
    ('BRPT.JK', '2024-05-31', '1052.355285342843', '1062.3302001953125', '1077.2926334535791', '1027.4179372321069'),
    ('BRPT.JK', '2024-06-03', '1062.330260363819', '1072.30517578125', '1097.2425253043937', '1047.3678262581066'),
    ('BRPT.JK', '2024-06-04', '1067.317719218921', '1042.38037109375', '1082.2800305267237', '1042.38037109375'),
    ('BRPT.JK', '2024-06-05', '1017.4430257459463', '952.60595703125', '1022.4304831886826', '952.60595703125'),
    ('BRPT.JK', '2024-06-06', '957.5934138696404', '972.5558471679688', '982.530762047146', '957.5934138696404'),
    ('BRPT.JK', '2024-06-07', '982.530762382348', '962.5809326171875', '987.5182198236382', '957.5934141963347'),
    ('BRPT.JK', '2024-06-10', '962.5809874625198', '1032.405517578125', '1052.3553484799745', '957.5934687574915'),
    ('BRPT.JK', '2024-06-11', '1037.3928545154504', '982.53076171875', '1062.330202684621', '982.53076171875'),
    ('BRPT.JK', '2024-06-12', '982.5307613969549', '992.5056762695312', '1007.4681095579582', '972.5558465243786'),
    ('BRPT.JK', '2024-06-13', '1002.4806839127646', '977.5433349609375', '1002.4806839127646', '972.555877366485'),
    ('BRPT.JK', '2024-06-14', '982.5307944826511', '947.6185302734375', '992.5057096911222', '947.6185302734375'),
    ('BRPT.JK', '2024-06-19', '952.6059587384972', '902.7313232421875', '962.5809346214093', '902.7313232421875'),
    ('BRPT.JK', '2024-06-20', '912.7062377929688', '912.7062377929688', '937.6435860212719', '897.7438654437244'),
    ('BRPT.JK', '2024-06-21', '932.6561574607308', '947.6185302734375', '967.5684216699444', '927.6686998564952'),
    ('BRPT.JK', '2024-06-24', '947.6184993137545', '962.5809326171875', '972.5558474997678', '942.6310418724644'),
    ('BRPT.JK', '2024-06-25', '962.5809332380596', '942.6310424804688', '967.5683906825668', '942.6310424804688'),
    ('BRPT.JK', '2024-06-26', '952.6059872234086', '957.5934448242188', '992.505709009454', '952.6059872234086'),
    ('BRPT.JK', '2024-06-27', '960.0', '965.0', '980.0', '955.0'),
    ('BRPT.JK', '2024-06-28', '965.0', '990.0', '1010.0', '960.0'),
    ('BRPT.JK', '2024-07-01', '1000.0', '1130.0', '1145.0', '980.0'),
    ('BRPT.JK', '2024-07-02', '1145.0', '1175.0', '1240.0', '1125.0'),
    ('BRPT.JK', '2024-07-03', '1185.0', '1225.0', '1235.0', '1175.0'),
    ('BRPT.JK', '2024-07-04', '1235.0', '1260.0', '1290.0', '1235.0'),
    ('BRPT.JK', '2024-07-05', '1270.0', '1220.0', '1300.0', '1205.0'),
    ('BRPT.JK', '2024-07-08', '1195.0', '1120.0', '1205.0', '1090.0'),
    ('BRPT.JK', '2024-07-09', '1130.0', '1110.0', '1155.0', '1100.0'),
    ('BRPT.JK', '2024-07-10', '1115.0', '1110.0', '1145.0', '1085.0'),
    ('BRPT.JK', '2024-07-11', '1115.0', '1110.0', '1125.0', '1090.0'),
    ('BRPT.JK', '2024-07-12', '1120.0', '1130.0', '1130.0', '1095.0'),
    ('BRPT.JK', '2024-07-15', '1135.0', '1105.0', '1140.0', '1100.0'),
    ('BRPT.JK', '2024-07-16', '1105.0', '1095.0', '1115.0', '1085.0'),
    ('BRPT.JK', '2024-07-17', '1080.0', '1055.0', '1090.0', '1035.0'),
    ('BRPT.JK', '2024-07-18', '1055.0', '1080.0', '1105.0', '1050.0'),
    ('BRPT.JK', '2024-07-19', '1080.0', '1055.0', '1085.0', '1050.0'),
    ('BRPT.JK', '2024-07-22', '1070.0', '1055.0', '1100.0', '1055.0'),
    ('BRPT.JK', '2024-07-23', '1060.0', '1065.0', '1065.0', '1035.0'),
    ('BRPT.JK', '2024-07-24', '1070.0', '1065.0', '1105.0', '1055.0'),
    ('BRPT.JK', '2024-07-25', '1065.0', '1035.0', '1070.0', '1035.0'),
    ('BRPT.JK', '2024-07-26', '1040.0', '1065.0', '1075.0', '1040.0'),
    ('BRPT.JK', '2024-07-29', '1070.0', '1090.0', '1130.0', '1065.0'),
    ('BRPT.JK', '2024-07-30', '1095.0', '1075.0', '1110.0', '1070.0'),
    ('BRPT.JK', '2024-07-31', '1075.0', '1090.0', '1105.0', '1075.0'),
    ('BRPT.JK', '2024-08-01', '1105.0', '1120.0', '1125.0', '1095.0'),
    ('BRPT.JK', '2024-08-02', '1120.0', '1090.0', '1125.0', '1090.0'),
    ('BRPT.JK', '2024-08-05', '1065.0', '1015.0', '1065.0', '1000.0'),
    ('BRPT.JK', '2024-08-06', '1030.0', '1015.0', '1045.0', '1010.0'),
    ('BRPT.JK', '2024-08-07', '1020.0', '1045.0', '1065.0', '1020.0'),
    ('BRPT.JK', '2024-08-08', '1050.0', '1035.0', '1055.0', '1030.0'),
    ('BRPT.JK', '2024-08-09', '1045.0', '1045.0', '1060.0', '1040.0'),
    ('BRPT.JK', '2024-08-12', '1050.0', '1050.0', '1055.0', '1040.0'),
    ('BRPT.JK', '2024-08-13', '1050.0', '1050.0', '1065.0', '1045.0'),
    ('BRPT.JK', '2024-08-14', '1050.0', '1125.0', '1125.0', '1050.0'),
    ('BRPT.JK', '2024-08-15', '1125.0', '1105.0', '1145.0', '1095.0'),
    ('BRPT.JK', '2024-08-16', '1115.0', '1105.0', '1140.0', '1105.0'),
    ('BRPT.JK', '2024-08-19', '1105.0', '1120.0', '1135.0', '1105.0'),
    ('BRPT.JK', '2024-08-20', '1125.0', '1125.0', '1135.0', '1100.0'),
    ('BRPT.JK', '2024-08-21', '1125.0', '1100.0', '1125.0', '1100.0'),
    ('BRPT.JK', '2024-08-22', '1090.0', '1100.0', '1130.0', '1085.0'),
    ('BRPT.JK', '2024-08-23', '1105.0', '1115.0', '1120.0', '1105.0'),
    ('BRPT.JK', '2024-08-26', '1135.0', '1125.0', '1180.0', '1120.0'),
    ('BRPT.JK', '2024-08-27', '1130.0', '1110.0', '1135.0', '1105.0'),
    ('BRPT.JK', '2024-08-28', '1115.0', '1190.0', '1215.0', '1110.0'),
    ('BRPT.JK', '2024-08-29', '1205.0', '1140.0', '1230.0', '1130.0'),
    ('BRPT.JK', '2024-08-30', '1140.0', '1145.0', '1160.0', '1110.0'),
    ('BRPT.JK', '2024-09-02', '1140.0', '1120.0', '1160.0', '1120.0'),
    ('BRPT.JK', '2024-09-03', '1130.0', '1105.0', '1135.0', '1105.0'),
    ('BRPT.JK', '2024-09-04', '1085.0', '1110.0', '1130.0', '1075.0'),
    ('BRPT.JK', '2024-09-05', '1120.0', '1095.0', '1125.0', '1090.0'),
    ('BRPT.JK', '2024-09-06', '1100.0', '1085.0', '1115.0', '1085.0'),
    ('BRPT.JK', '2024-09-09', '1090.0', '1090.0', '1105.0', '1090.0'),
    ('BRPT.JK', '2024-09-10', '1105.0', '1100.0', '1120.0', '1090.0'),
    ('BRPT.JK', '2024-09-11', '1110.0', '1190.0', '1195.0', '1105.0'),
    ('BRPT.JK', '2024-09-12', '1205.0', '1150.0', '1240.0', '1145.0'),
    ('BRPT.JK', '2024-09-13', '1165.0', '1140.0', '1165.0', '1130.0'),
    ('BRPT.JK', '2024-09-17', '1140.0', '1145.0', '1175.0', '1140.0'),
    ('BRPT.JK', '2024-09-18', '1150.0', '1140.0', '1165.0', '1135.0'),
    ('BRPT.JK', '2024-09-19', '1140.0', '1195.0', '1200.0', '1140.0'),
    ('BRPT.JK', '2024-09-20', '1090.0', '1065.0', '1130.0', '1060.0'),
    ('BRPT.JK', '2024-09-23', '1060.0', '1075.0', '1100.0', '1050.0'),
    ('BRPT.JK', '2024-09-24', '1085.0', '1120.0', '1120.0', '1080.0'),
    ('BRPT.JK', '2024-09-25', '1125.0', '1105.0', '1125.0', '1095.0'),
    ('BRPT.JK', '2024-09-26', '1105.0', '1105.0', '1125.0', '1090.0'),
    ('BRPT.JK', '2024-09-27', '1105.0', '1090.0', '1110.0', '1090.0'),
    ('BRPT.JK', '2024-09-30', '1085.0', '1050.0', '1090.0', '1050.0'),
    ('BRPT.JK', '2024-10-01', '1055.0', '1070.0', '1075.0', '1055.0'),
    ('BRPT.JK', '2024-10-02', '1070.0', '1030.0', '1070.0', '1015.0'),
    ('BRPT.JK', '2024-10-03', '1040.0', '1015.0', '1050.0', '1015.0'),
    ('BRPT.JK', '2024-10-04', '1025.0', '1010.0', '1035.0', '1005.0'),
    ('BRPT.JK', '2024-10-07', '1015.0', '1010.0', '1015.0', '980.0'),
    ('BRPT.JK', '2024-10-08', '1010.0', '1010.0', '1020.0', '995.0'),
    ('BRPT.JK', '2024-10-09', '1015.0', '1000.0', '1020.0', '1000.0'),
    ('BRPT.JK', '2024-10-10', '1000.0', '990.0', '1010.0', '990.0'),
    ('BRPT.JK', '2024-10-11', '995.0', '995.0', '1005.0', '985.0'),
    ('BRPT.JK', '2024-10-14', '995.0', '1015.0', '1030.0', '995.0'),
    ('BRPT.JK', '2024-10-15', '1020.0', '1025.0', '1025.0', '1005.0'),
    ('BRPT.JK', '2024-10-16', '1025.0', '1000.0', '1035.0', '1000.0'),
    ('BRPT.JK', '2024-10-17', '1010.0', '1030.0', '1035.0', '1005.0'),
    ('BRPT.JK', '2024-10-18', '1035.0', '1020.0', '1040.0', '1015.0'),
    ('BRPT.JK', '2024-10-21', '1025.0', '1015.0', '1030.0', '1010.0'),
    ('BRPT.JK', '2024-10-22', '1015.0', '1045.0', '1055.0', '1010.0'),
    ('BRPT.JK', '2024-10-23', '1060.0', '1040.0', '1060.0', '1025.0'),
    ('BRPT.JK', '2024-10-24', '1045.0', '1020.0', '1050.0', '1020.0'),
    ('BRPT.JK', '2024-10-25', '1025.0', '1010.0', '1035.0', '1000.0'),
    ('BRPT.JK', '2024-10-28', '1010.0', '1000.0', '1020.0', '995.0'),
    ('BRPT.JK', '2024-10-29', '1000.0', '1000.0', '1015.0', '995.0'),
    ('BRPT.JK', '2024-10-30', '1005.0', '995.0', '1005.0', '990.0'),
    ('BRPT.JK', '2024-10-31', '995.0', '995.0', '1015.0', '990.0'),
    ('BRPT.JK', '2024-11-01', '995.0', '985.0', '1005.0', '985.0'),
    ('BRPT.JK', '2024-11-04', '985.0', '970.0', '990.0', '965.0'),
    ('BRPT.JK', '2024-11-05', '975.0', '965.0', '985.0', '960.0'),
    ('BRPT.JK', '2024-11-06', '970.0', '930.0', '980.0', '930.0'),
    ('BRPT.JK', '2024-11-07', '930.0', '890.0', '930.0', '885.0'),
    ('BRPT.JK', '2024-11-08', '905.0', '940.0', '965.0', '905.0'),
    ('BRPT.JK', '2024-11-11', '950.0', '930.0', '955.0', '905.0'),
    ('BRPT.JK', '2024-11-12', '930.0', '905.0', '945.0', '905.0'),
    ('BRPT.JK', '2024-11-13', '910.0', '890.0', '920.0', '890.0'),
    ('BRPT.JK', '2024-11-14', '900.0', '885.0', '905.0', '885.0'),
    ('BRPT.JK', '2024-11-15', '885.0', '855.0', '895.0', '855.0'),
    ('BRPT.JK', '2024-11-18', '855.0', '845.0', '885.0', '840.0'),
    ('BRPT.JK', '2024-11-19', '850.0', '850.0', '875.0', '845.0'),
    ('BRPT.JK', '2024-11-20', '850.0', '840.0', '860.0', '840.0'),
    ('BRPT.JK', '2024-11-21', '845.0', '800.0', '845.0', '800.0'),
    ('BRPT.JK', '2024-11-22', '800.0', '800.0', '820.0', '785.0'),
    ('BRPT.JK', '2024-11-25', '800.0', '870.0', '915.0', '800.0'),
    ('BRPT.JK', '2024-11-26', '890.0', '895.0', '920.0', '860.0'),
    ('BRPT.JK', '2024-11-28', '900.0', '890.0', '915.0', '875.0'),
    ('BRPT.JK', '2024-11-29', '880.0', '855.0', '885.0', '820.0'),
    ('BRPT.JK', '2024-12-02', '855.0', '810.0', '860.0', '805.0'),
    ('BRPT.JK', '2024-12-03', '820.0', '865.0', '880.0', '820.0'),
    ('BRPT.JK', '2024-12-04', '870.0', '925.0', '935.0', '855.0'),
    ('BRPT.JK', '2024-12-05', '930.0', '930.0', '960.0', '910.0'),
    ('BRPT.JK', '2024-12-06', '940.0', '955.0', '975.0', '935.0'),
    ('BRPT.JK', '2024-12-09', '955.0', '935.0', '960.0', '930.0'),
    ('BRPT.JK', '2024-12-10', '935.0', '935.0', '960.0', '915.0'),
    ('BRPT.JK', '2024-12-11', '935.0', '910.0', '950.0', '905.0'),
    ('BRPT.JK', '2024-12-12', '910.0', '900.0', '925.0', '895.0'),
    ('BRPT.JK', '2024-12-13', '905.0', '890.0', '910.0', '885.0'),
    ('BRPT.JK', '2024-12-16', '890.0', '880.0', '900.0', '860.0'),
    ('BRPT.JK', '2024-12-17', '880.0', '885.0', '910.0', '870.0'),
    ('BRPT.JK', '2024-12-18', '890.0', '875.0', '905.0', '875.0'),
    ('BRPT.JK', '2024-12-19', '865.0', '830.0', '865.0', '830.0'),
    ('BRPT.JK', '2024-12-20', '835.0', '820.0', '850.0', '815.0'),
    ('BRPT.JK', '2024-12-23', '830.0', '870.0', '890.0', '830.0'),
    ('BRPT.JK', '2024-12-24', '880.0', '895.0', '920.0', '880.0'),
    ('BRPT.JK', '2024-12-27', '895.0', '910.0', '910.0', '880.0'),
    ('BRPT.JK', '2024-12-30', '920.0', '920.0', '925.0', '900.0'),
    ('BRPT.JK', '2025-01-02', '925.0', '940.0', '945.0', '915.0'),
    ('BRPT.JK', '2025-01-03', '940.0', '935.0', '950.0', '915.0'),
    ('BRPT.JK', '2025-01-06', '945.0', '980.0', '985.0', '940.0'),
    ('BRPT.JK', '2025-01-07', '985.0', '995.0', '1010.0', '970.0'),
    ('BRPT.JK', '2025-01-08', '995.0', '975.0', '1020.0', '965.0'),
    ('BRPT.JK', '2025-01-09', '980.0', '975.0', '1000.0', '970.0'),
    ('BRPT.JK', '2025-01-10', '985.0', '985.0', '1005.0', '980.0'),
    ('BRPT.JK', '2025-01-13', '985.0', '1010.0', '1110.0', '985.0'),
    ('BRPT.JK', '2025-01-14', '1020.0', '970.0', '1030.0', '970.0'),
    ('BRPT.JK', '2025-01-15', '970.0', '950.0', '995.0', '940.0'),
    ('BRPT.JK', '2025-01-16', '950.0', '955.0', '985.0', '940.0'),
    ('BRPT.JK', '2025-01-17', '955.0', '940.0', '965.0', '940.0'),
    ('BRPT.JK', '2025-01-20', '950.0', '940.0', '965.0', '940.0'),
    ('BRPT.JK', '2025-01-21', '945.0', '920.0', '950.0', '910.0'),
    ('BRPT.JK', '2025-01-22', '930.0', '930.0', '945.0', '915.0'),
    ('BRPT.JK', '2025-01-23', '940.0', '915.0', '945.0', '915.0'),
    ('BRPT.JK', '2025-01-24', '915.0', '905.0', '925.0', '900.0'),
    ('BRPT.JK', '2025-01-30', '905.0', '925.0', '955.0', '890.0'),
    ('BRPT.JK', '2025-01-31', '940.0', '920.0', '945.0', '920.0'),
    ('BRPT.JK', '2025-02-03', '920.0', '910.0', '925.0', '885.0'),
    ('BRPT.JK', '2025-02-04', '910.0', '925.0', '940.0', '910.0'),
    ('BRPT.JK', '2025-02-05', '960.0', '935.0', '980.0', '925.0'),
    ('BRPT.JK', '2025-02-06', '940.0', '910.0', '940.0', '910.0'),
    ('BRPT.JK', '2025-02-07', '845.0', '815.0', '860.0', '805.0'),
    ('BRPT.JK', '2025-02-10', '815.0', '815.0', '835.0', '790.0'),
    ('BRPT.JK', '2025-02-11', '815.0', '810.0', '830.0', '785.0'),
    ('BRPT.JK', '2025-02-12', '810.0', '820.0', '825.0', '805.0'),
    ('BRPT.JK', '2025-02-13', '825.0', '800.0', '830.0', '800.0'),
    ('BRPT.JK', '2025-02-14', '805.0', '810.0', '820.0', '805.0'),
    ('BRPT.JK', '2025-02-17', '815.0', '870.0', '870.0', '815.0'),
    ('BRPT.JK', '2025-02-18', '875.0', '860.0', '880.0', '855.0'),
    ('BRPT.JK', '2025-02-19', '860.0', '855.0', '865.0', '845.0'),
    ('BRPT.JK', '2025-02-20', '855.0', '840.0', '865.0', '840.0'),
    ('BRPT.JK', '2025-02-21', '845.0', '850.0', '855.0', '830.0'),
    ('BRPT.JK', '2025-02-24', '850.0', '825.0', '850.0', '815.0'),
    ('BRPT.JK', '2025-02-25', '830.0', '815.0', '835.0', '800.0'),
    ('BRPT.JK', '2025-02-26', '815.0', '825.0', '830.0', '805.0'),
    ('BRPT.JK', '2025-02-27', '825.0', '800.0', '830.0', '800.0'),
    ('BRPT.JK', '2025-02-28', '800.0', '785.0', '810.0', '760.0'),
    ('BRPT.JK', '2025-03-03', '795.0', '820.0', '825.0', '790.0'),
    ('BRPT.JK', '2025-03-04', '810.0', '800.0', '810.0', '770.0'),
    ('BRPT.JK', '2025-03-05', '800.0', '795.0', '810.0', '790.0'),
    ('BRPT.JK', '2025-03-06', '800.0', '815.0', '820.0', '795.0'),
    ('BRPT.JK', '2025-03-07', '825.0', '820.0', '840.0', '810.0'),
    ('BRPT.JK', '2025-03-10', '820.0', '810.0', '830.0', '810.0'),
    ('BRPT.JK', '2025-03-11', '800.0', '800.0', '810.0', '790.0'),
    ('BRPT.JK', '2025-03-12', '800.0', '795.0', '810.0', '795.0'),
    ('BRPT.JK', '2025-03-13', '800.0', '800.0', '805.0', '790.0'),
    ('BRPT.JK', '2025-03-14', '800.0', '780.0', '800.0', '775.0'),
    ('BRPT.JK', '2025-03-17', '795.0', '775.0', '800.0', '765.0'),
    ('BRPT.JK', '2025-03-18', '780.0', '655.0', '780.0', '585.0'),
    ('BRPT.JK', '2025-03-19', '665.0', '670.0', '680.0', '630.0'),
    ('BRPT.JK', '2025-03-20', '675.0', '675.0', '710.0', '660.0'),
    ('BRPT.JK', '2025-03-21', '680.0', '700.0', '725.0', '650.0'),
    ('BRPT.JK', '2025-03-24', '705.0', '655.0', '705.0', '620.0'),
    ('BRPT.JK', '2025-03-25', '665.0', '645.0', '675.0', '640.0'),
    ('BRPT.JK', '2025-03-26', '655.0', '680.0', '685.0', '650.0'),
    ('BRPT.JK', '2025-03-27', '680.0', '710.0', '720.0', '670.0'),
    ('BRPT.JK', '2025-04-08', '605.0', '645.0', '655.0', '605.0'),
    ('BRPT.JK', '2025-04-09', '640.0', '600.0', '660.0', '600.0'),
    ('BRPT.JK', '2025-04-10', '650.0', '655.0', '675.0', '640.0'),
    ('BRPT.JK', '2025-04-11', '650.0', '665.0', '690.0', '630.0'),
    ('BRPT.JK', '2025-04-14', '660.0', '695.0', '700.0', '650.0'),
    ('BRPT.JK', '2025-04-15', '705.0', '705.0', '720.0', '680.0'),
    ('BRPT.JK', '2025-04-16', '710.0', '730.0', '730.0', '695.0'),
    ('BRPT.JK', '2025-04-17', '730.0', '765.0', '765.0', '705.0'),
    ('BRPT.JK', '2025-04-21', '760.0', '765.0', '790.0', '750.0'),
    ('BRPT.JK', '2025-04-22', '765.0', '770.0', '775.0', '750.0'),
    ('BRPT.JK', '2025-04-23', '780.0', '775.0', '795.0', '765.0'),
    ('BRPT.JK', '2025-04-24', '775.0', '765.0', '785.0', '755.0'),
    ('BRPT.JK', '2025-04-25', '770.0', '750.0', '770.0', '750.0'),
    ('BRPT.JK', '2025-04-28', '750.0', '755.0', '770.0', '740.0'),
    ('BRPT.JK', '2025-04-29', '765.0', '755.0', '765.0', '750.0'),
    ('BRPT.JK', '2025-04-30', '755.0', '745.0', '760.0', '740.0'),
    ('BRPT.JK', '2025-05-02', '745.0', '755.0', '760.0', '740.0'),
    ('BRPT.JK', '2025-05-05', '760.0', '770.0', '800.0', '760.0'),
    ('BRPT.JK', '2025-05-06', '780.0', '780.0', '795.0', '765.0'),
    ('BRPT.JK', '2025-05-07', '790.0', '845.0', '855.0', '785.0'),
    ('BRPT.JK', '2025-05-08', '865.0', '820.0', '865.0', '815.0'),
    ('BRPT.JK', '2025-05-09', '825.0', '820.0', '850.0', '815.0'),
    ('PGAS.JK', '2024-05-13', '1378.22314453125', '1378.22314453125', '1387.2904020610608', '1360.0886294716283'),
    ('PGAS.JK', '2024-05-14', '1360.0886164484796', '1341.9541015625', '1364.6222451699746', '1301.1514430690456'),
    ('PGAS.JK', '2024-05-15', '1341.9541640361952', '1346.48779296875', '1369.1559376315236', '1332.8869061710857'),
    ('PGAS.JK', '2024-05-16', '1351.0214247687604', '1355.5550537109375', '1364.6223115952916', '1346.4877958265836'),
    ('PGAS.JK', '2024-05-17', '1360.0886883121907', '1373.6895751953125', '1378.2232041563532', '1355.55505935115'),
    ('PGAS.JK', '2024-05-20', '1382.7568495008682', '1428.0931396484375', '1450.7612847222224', '1378.2232204861111'),
    ('PGAS.JK', '2024-05-21', '1441.6940239367013', '1419.02587890625', '1450.7612819488818', '1405.4249918879793'),
    ('PGAS.JK', '2024-05-22', '1419.0258255484719', '1441.6939697265625', '1464.3621139046531', '1419.0258255484719'),
    ('PGAS.JK', '2024-05-27', '1441.6939666361748', '1432.626708984375', '1446.2275954620748', '1409.9585648548752'),
    ('PGAS.JK', '2024-05-28', '1441.6939238102063', '1482.49658203125', '1487.030210722477', '1423.559409045298'),
    ('PGAS.JK', '2024-05-29', '1482.4966354843993', '1459.8284912109375', '1482.4966354843993', '1446.2276046468605'),
    ('PGAS.JK', '2024-05-30', '1464.3620672663417', '1482.49658203125', '1496.097468104931', '1419.025780354071'),
    ('PGAS.JK', '2024-05-31', '1482.496626069274', '1432.626708984375', '1482.496626069274', '1432.626708984375'),
    ('PGAS.JK', '2024-06-03', '1450.7612273977986', '1441.6939697265625', '1468.895742740271', '1441.6939697265625'),
    ('PGAS.JK', '2024-06-04', '1455.2948653609665', '1468.895751953125', '1477.9630096812307', '1450.7612364969136'),
    ('PGAS.JK', '2024-06-05', '1468.8956787879536', '1437.1602783203125', '1473.429307426188', '1428.0930210438437'),
    ('PGAS.JK', '2024-06-06', '1441.6939138252044', '1455.2947998046875', '1455.2947998046875', '1437.1602851653768'),
    ('PGAS.JK', '2024-06-07', '1455.2948562334168', '1441.6939697265625', '1464.3621139046531', '1437.1603408909443'),
    ('PGAS.JK', '2024-06-10', '1470.0', '1435.0', '1470.0', '1430.0'),
    ('PGAS.JK', '2024-06-11', '1440.0', '1435.0', '1460.0', '1435.0'),
    ('PGAS.JK', '2024-06-12', '1435.0', '1400.0', '1440.0', '1395.0'),
    ('PGAS.JK', '2024-06-13', '1410.0', '1440.0', '1450.0', '1410.0'),
    ('PGAS.JK', '2024-06-14', '1450.0', '1420.0', '1460.0', '1405.0'),
    ('PGAS.JK', '2024-06-19', '1430.0', '1410.0', '1435.0', '1395.0'),
    ('PGAS.JK', '2024-06-20', '1410.0', '1430.0', '1450.0', '1410.0'),
    ('PGAS.JK', '2024-06-21', '1435.0', '1505.0', '1525.0', '1425.0'),
    ('PGAS.JK', '2024-06-24', '1505.0', '1530.0', '1540.0', '1495.0'),
    ('PGAS.JK', '2024-06-25', '1535.0', '1555.0', '1555.0', '1530.0'),
    ('PGAS.JK', '2024-06-26', '1555.0', '1545.0', '1560.0', '1520.0'),
    ('PGAS.JK', '2024-06-27', '1545.0', '1540.0', '1550.0', '1530.0'),
    ('PGAS.JK', '2024-06-28', '1535.0', '1540.0', '1560.0', '1530.0'),
    ('PGAS.JK', '2024-07-01', '1540.0', '1545.0', '1550.0', '1510.0'),
    ('PGAS.JK', '2024-07-02', '1545.0', '1590.0', '1590.0', '1535.0'),
    ('PGAS.JK', '2024-07-03', '1590.0', '1600.0', '1615.0', '1575.0'),
    ('PGAS.JK', '2024-07-04', '1610.0', '1600.0', '1620.0', '1590.0'),
    ('PGAS.JK', '2024-07-05', '1600.0', '1610.0', '1620.0', '1600.0'),
    ('PGAS.JK', '2024-07-08', '1600.0', '1625.0', '1630.0', '1600.0'),
    ('PGAS.JK', '2024-07-09', '1605.0', '1515.0', '1610.0', '1510.0'),
    ('PGAS.JK', '2024-07-10', '1525.0', '1520.0', '1545.0', '1505.0'),
    ('PGAS.JK', '2024-07-11', '1530.0', '1560.0', '1565.0', '1525.0'),
    ('PGAS.JK', '2024-07-12', '1565.0', '1580.0', '1585.0', '1560.0'),
    ('PGAS.JK', '2024-07-15', '1585.0', '1580.0', '1595.0', '1560.0'),
    ('PGAS.JK', '2024-07-16', '1580.0', '1610.0', '1635.0', '1580.0'),
    ('PGAS.JK', '2024-07-17', '1630.0', '1620.0', '1630.0', '1615.0'),
    ('PGAS.JK', '2024-07-18', '1620.0', '1615.0', '1625.0', '1610.0'),
    ('PGAS.JK', '2024-07-19', '1620.0', '1595.0', '1630.0', '1580.0'),
    ('PGAS.JK', '2024-07-22', '1605.0', '1615.0', '1620.0', '1595.0'),
    ('PGAS.JK', '2024-07-23', '1605.0', '1595.0', '1620.0', '1595.0'),
    ('PGAS.JK', '2024-07-24', '1595.0', '1585.0', '1600.0', '1575.0'),
    ('PGAS.JK', '2024-07-25', '1585.0', '1555.0', '1600.0', '1550.0'),
    ('PGAS.JK', '2024-07-26', '1565.0', '1580.0', '1595.0', '1565.0'),
    ('PGAS.JK', '2024-07-29', '1590.0', '1605.0', '1605.0', '1585.0'),
    ('PGAS.JK', '2024-07-30', '1605.0', '1605.0', '1610.0', '1585.0'),
    ('PGAS.JK', '2024-07-31', '1615.0', '1600.0', '1615.0', '1590.0'),
    ('PGAS.JK', '2024-08-01', '1600.0', '1590.0', '1605.0', '1590.0'),
    ('PGAS.JK', '2024-08-02', '1585.0', '1585.0', '1610.0', '1585.0'),
    ('PGAS.JK', '2024-08-05', '1585.0', '1530.0', '1585.0', '1505.0'),
    ('PGAS.JK', '2024-08-06', '1530.0', '1535.0', '1555.0', '1515.0'),
    ('PGAS.JK', '2024-08-07', '1530.0', '1555.0', '1560.0', '1530.0'),
    ('PGAS.JK', '2024-08-08', '1550.0', '1565.0', '1580.0', '1550.0'),
    ('PGAS.JK', '2024-08-09', '1575.0', '1570.0', '1595.0', '1545.0'),
    ('PGAS.JK', '2024-08-12', '1575.0', '1585.0', '1590.0', '1560.0'),
    ('PGAS.JK', '2024-08-13', '1595.0', '1590.0', '1610.0', '1565.0'),
    ('PGAS.JK', '2024-08-14', '1600.0', '1620.0', '1620.0', '1595.0'),
    ('PGAS.JK', '2024-08-15', '1620.0', '1605.0', '1620.0', '1595.0'),
    ('PGAS.JK', '2024-08-16', '1615.0', '1600.0', '1620.0', '1600.0'),
    ('PGAS.JK', '2024-08-19', '1600.0', '1635.0', '1665.0', '1600.0'),
    ('PGAS.JK', '2024-08-20', '1645.0', '1635.0', '1650.0', '1610.0'),
    ('PGAS.JK', '2024-08-21', '1635.0', '1615.0', '1635.0', '1605.0'),
    ('PGAS.JK', '2024-08-22', '1615.0', '1630.0', '1640.0', '1590.0'),
    ('PGAS.JK', '2024-08-23', '1635.0', '1690.0', '1690.0', '1630.0'),
    ('PGAS.JK', '2024-08-26', '1695.0', '1680.0', '1700.0', '1665.0'),
    ('PGAS.JK', '2024-08-27', '1655.0', '1580.0', '1655.0', '1570.0'),
    ('PGAS.JK', '2024-08-28', '1585.0', '1575.0', '1585.0', '1560.0'),
    ('PGAS.JK', '2024-08-29', '1580.0', '1550.0', '1585.0', '1545.0'),
    ('PGAS.JK', '2024-08-30', '1550.0', '1540.0', '1560.0', '1525.0'),
    ('PGAS.JK', '2024-09-02', '1540.0', '1545.0', '1560.0', '1535.0'),
    ('PGAS.JK', '2024-09-03', '1545.0', '1555.0', '1570.0', '1545.0'),
    ('PGAS.JK', '2024-09-04', '1545.0', '1525.0', '1550.0', '1525.0'),
    ('PGAS.JK', '2024-09-05', '1530.0', '1530.0', '1545.0', '1525.0'),
    ('PGAS.JK', '2024-09-06', '1515.0', '1515.0', '1535.0', '1510.0'),
    ('PGAS.JK', '2024-09-09', '1515.0', '1510.0', '1525.0', '1505.0'),
    ('PGAS.JK', '2024-09-10', '1510.0', '1475.0', '1515.0', '1470.0'),
    ('PGAS.JK', '2024-09-11', '1480.0', '1485.0', '1495.0', '1475.0'),
    ('PGAS.JK', '2024-09-12', '1485.0', '1495.0', '1510.0', '1475.0'),
    ('PGAS.JK', '2024-09-13', '1505.0', '1495.0', '1510.0', '1480.0'),
    ('PGAS.JK', '2024-09-17', '1495.0', '1495.0', '1505.0', '1485.0'),
    ('PGAS.JK', '2024-09-18', '1500.0', '1500.0', '1505.0', '1495.0'),
    ('PGAS.JK', '2024-09-19', '1495.0', '1480.0', '1500.0', '1470.0'),
    ('PGAS.JK', '2024-09-20', '1475.0', '1490.0', '1490.0', '1435.0'),
    ('PGAS.JK', '2024-09-23', '1490.0', '1490.0', '1500.0', '1475.0'),
    ('PGAS.JK', '2024-09-24', '1500.0', '1485.0', '1500.0', '1480.0'),
    ('PGAS.JK', '2024-09-25', '1490.0', '1470.0', '1500.0', '1460.0'),
    ('PGAS.JK', '2024-09-26', '1475.0', '1480.0', '1480.0', '1465.0'),
    ('PGAS.JK', '2024-09-27', '1480.0', '1470.0', '1485.0', '1465.0'),
    ('PGAS.JK', '2024-09-30', '1475.0', '1435.0', '1485.0', '1435.0'),
    ('PGAS.JK', '2024-10-01', '1440.0', '1450.0', '1455.0', '1435.0'),
    ('PGAS.JK', '2024-10-02', '1450.0', '1440.0', '1470.0', '1430.0'),
    ('PGAS.JK', '2024-10-03', '1445.0', '1460.0', '1465.0', '1440.0'),
    ('PGAS.JK', '2024-10-04', '1465.0', '1500.0', '1515.0', '1460.0'),
    ('PGAS.JK', '2024-10-07', '1515.0', '1505.0', '1535.0', '1500.0'),
    ('PGAS.JK', '2024-10-08', '1505.0', '1505.0', '1510.0', '1485.0'),
    ('PGAS.JK', '2024-10-09', '1510.0', '1505.0', '1515.0', '1490.0'),
    ('PGAS.JK', '2024-10-10', '1510.0', '1505.0', '1510.0', '1490.0'),
    ('PGAS.JK', '2024-10-11', '1510.0', '1520.0', '1540.0', '1505.0'),
    ('PGAS.JK', '2024-10-14', '1530.0', '1545.0', '1555.0', '1515.0'),
    ('PGAS.JK', '2024-10-15', '1545.0', '1530.0', '1550.0', '1525.0'),
    ('PGAS.JK', '2024-10-16', '1530.0', '1545.0', '1545.0', '1505.0'),
    ('PGAS.JK', '2024-10-17', '1550.0', '1535.0', '1555.0', '1525.0'),
    ('PGAS.JK', '2024-10-18', '1535.0', '1525.0', '1535.0', '1510.0'),
    ('PGAS.JK', '2024-10-21', '1525.0', '1545.0', '1555.0', '1515.0'),
    ('PGAS.JK', '2024-10-22', '1550.0', '1545.0', '1560.0', '1535.0'),
    ('PGAS.JK', '2024-10-23', '1550.0', '1550.0', '1570.0', '1540.0'),
    ('PGAS.JK', '2024-10-24', '1555.0', '1530.0', '1555.0', '1530.0'),
    ('PGAS.JK', '2024-10-25', '1530.0', '1500.0', '1535.0', '1500.0'),
    ('PGAS.JK', '2024-10-28', '1490.0', '1500.0', '1510.0', '1490.0'),
    ('PGAS.JK', '2024-10-29', '1505.0', '1495.0', '1510.0', '1485.0'),
    ('PGAS.JK', '2024-10-30', '1495.0', '1505.0', '1515.0', '1475.0'),
    ('PGAS.JK', '2024-10-31', '1510.0', '1565.0', '1565.0', '1505.0'),
    ('PGAS.JK', '2024-11-01', '1565.0', '1530.0', '1570.0', '1530.0'),
    ('PGAS.JK', '2024-11-04', '1530.0', '1510.0', '1530.0', '1500.0'),
    ('PGAS.JK', '2024-11-05', '1510.0', '1515.0', '1525.0', '1505.0'),
    ('PGAS.JK', '2024-11-06', '1515.0', '1515.0', '1530.0', '1505.0'),
    ('PGAS.JK', '2024-11-07', '1515.0', '1560.0', '1575.0', '1515.0'),
    ('PGAS.JK', '2024-11-08', '1570.0', '1530.0', '1570.0', '1520.0'),
    ('PGAS.JK', '2024-11-11', '1530.0', '1495.0', '1530.0', '1470.0'),
    ('PGAS.JK', '2024-11-12', '1495.0', '1525.0', '1530.0', '1490.0'),
    ('PGAS.JK', '2024-11-13', '1525.0', '1505.0', '1525.0', '1505.0'),
    ('PGAS.JK', '2024-11-14', '1505.0', '1480.0', '1510.0', '1480.0'),
    ('PGAS.JK', '2024-11-15', '1480.0', '1485.0', '1500.0', '1480.0'),
    ('PGAS.JK', '2024-11-18', '1490.0', '1465.0', '1495.0', '1460.0'),
    ('PGAS.JK', '2024-11-19', '1475.0', '1505.0', '1505.0', '1470.0'),
    ('PGAS.JK', '2024-11-20', '1505.0', '1490.0', '1510.0', '1485.0'),
    ('PGAS.JK', '2024-11-21', '1500.0', '1495.0', '1510.0', '1495.0'),
    ('PGAS.JK', '2024-11-22', '1510.0', '1495.0', '1515.0', '1490.0'),
    ('PGAS.JK', '2024-11-25', '1505.0', '1570.0', '1575.0', '1500.0'),
    ('PGAS.JK', '2024-11-26', '1570.0', '1535.0', '1575.0', '1535.0'),
    ('PGAS.JK', '2024-11-28', '1545.0', '1540.0', '1550.0', '1525.0'),
    ('PGAS.JK', '2024-11-29', '1550.0', '1520.0', '1555.0', '1515.0'),
    ('PGAS.JK', '2024-12-02', '1540.0', '1570.0', '1570.0', '1525.0'),
    ('PGAS.JK', '2024-12-03', '1570.0', '1585.0', '1585.0', '1545.0'),
    ('PGAS.JK', '2024-12-04', '1585.0', '1595.0', '1595.0', '1565.0'),
    ('PGAS.JK', '2024-12-05', '1585.0', '1570.0', '1590.0', '1560.0'),
    ('PGAS.JK', '2024-12-06', '1575.0', '1625.0', '1635.0', '1565.0'),
    ('PGAS.JK', '2024-12-09', '1625.0', '1665.0', '1665.0', '1625.0'),
    ('PGAS.JK', '2024-12-10', '1660.0', '1590.0', '1660.0', '1590.0'),
    ('PGAS.JK', '2024-12-11', '1590.0', '1605.0', '1625.0', '1585.0'),
    ('PGAS.JK', '2024-12-12', '1610.0', '1615.0', '1630.0', '1605.0'),
    ('PGAS.JK', '2024-12-13', '1620.0', '1605.0', '1625.0', '1590.0'),
    ('PGAS.JK', '2024-12-16', '1605.0', '1575.0', '1605.0', '1565.0'),
    ('PGAS.JK', '2024-12-17', '1585.0', '1525.0', '1590.0', '1515.0'),
    ('PGAS.JK', '2024-12-18', '1525.0', '1550.0', '1565.0', '1525.0'),
    ('PGAS.JK', '2024-12-19', '1550.0', '1535.0', '1565.0', '1515.0'),
    ('PGAS.JK', '2024-12-20', '1535.0', '1550.0', '1570.0', '1535.0'),
    ('PGAS.JK', '2024-12-23', '1555.0', '1560.0', '1575.0', '1540.0'),
    ('PGAS.JK', '2024-12-24', '1565.0', '1545.0', '1570.0', '1540.0'),
    ('PGAS.JK', '2024-12-27', '1555.0', '1590.0', '1600.0', '1555.0'),
    ('PGAS.JK', '2024-12-30', '1600.0', '1590.0', '1610.0', '1580.0'),
    ('PGAS.JK', '2025-01-02', '1610.0', '1610.0', '1610.0', '1590.0'),
    ('PGAS.JK', '2025-01-03', '1610.0', '1595.0', '1620.0', '1595.0'),
    ('PGAS.JK', '2025-01-06', '1595.0', '1715.0', '1725.0', '1595.0'),
    ('PGAS.JK', '2025-01-07', '1720.0', '1645.0', '1720.0', '1635.0'),
    ('PGAS.JK', '2025-01-08', '1640.0', '1665.0', '1680.0', '1640.0'),
    ('PGAS.JK', '2025-01-09', '1665.0', '1675.0', '1690.0', '1650.0'),
    ('PGAS.JK', '2025-01-10', '1675.0', '1705.0', '1710.0', '1675.0'),
    ('PGAS.JK', '2025-01-13', '1705.0', '1715.0', '1725.0', '1690.0'),
    ('PGAS.JK', '2025-01-14', '1720.0', '1655.0', '1720.0', '1655.0'),
    ('PGAS.JK', '2025-01-15', '1655.0', '1655.0', '1675.0', '1650.0'),
    ('PGAS.JK', '2025-01-16', '1670.0', '1645.0', '1675.0', '1640.0'),
    ('PGAS.JK', '2025-01-17', '1655.0', '1630.0', '1660.0', '1620.0'),
    ('PGAS.JK', '2025-01-20', '1625.0', '1610.0', '1650.0', '1595.0'),
    ('PGAS.JK', '2025-01-21', '1620.0', '1610.0', '1630.0', '1600.0'),
    ('PGAS.JK', '2025-01-22', '1620.0', '1585.0', '1625.0', '1580.0'),
    ('PGAS.JK', '2025-01-23', '1610.0', '1650.0', '1660.0', '1595.0'),
    ('PGAS.JK', '2025-01-24', '1655.0', '1650.0', '1670.0', '1630.0'),
    ('PGAS.JK', '2025-01-30', '1650.0', '1630.0', '1650.0', '1610.0'),
    ('PGAS.JK', '2025-01-31', '1635.0', '1600.0', '1635.0', '1595.0'),
    ('PGAS.JK', '2025-02-03', '1600.0', '1590.0', '1605.0', '1560.0'),
    ('PGAS.JK', '2025-02-04', '1600.0', '1585.0', '1620.0', '1580.0'),
    ('PGAS.JK', '2025-02-05', '1630.0', '1630.0', '1635.0', '1605.0'),
    ('PGAS.JK', '2025-02-06', '1635.0', '1565.0', '1640.0', '1565.0'),
    ('PGAS.JK', '2025-02-07', '1565.0', '1575.0', '1595.0', '1530.0'),
    ('PGAS.JK', '2025-02-10', '1575.0', '1595.0', '1620.0', '1560.0'),
    ('PGAS.JK', '2025-02-11', '1605.0', '1630.0', '1655.0', '1605.0'),
    ('PGAS.JK', '2025-02-12', '1640.0', '1640.0', '1650.0', '1620.0'),
    ('PGAS.JK', '2025-02-13', '1640.0', '1625.0', '1655.0', '1605.0'),
    ('PGAS.JK', '2025-02-14', '1630.0', '1645.0', '1660.0', '1625.0'),
    ('PGAS.JK', '2025-02-17', '1650.0', '1685.0', '1690.0', '1635.0'),
    ('PGAS.JK', '2025-02-18', '1685.0', '1700.0', '1715.0', '1685.0'),
    ('PGAS.JK', '2025-02-19', '1710.0', '1685.0', '1710.0', '1670.0'),
    ('PGAS.JK', '2025-02-20', '1685.0', '1685.0', '1700.0', '1675.0'),
    ('PGAS.JK', '2025-02-21', '1685.0', '1660.0', '1685.0', '1645.0'),
    ('PGAS.JK', '2025-02-24', '1655.0', '1665.0', '1710.0', '1640.0'),
    ('PGAS.JK', '2025-02-25', '1680.0', '1635.0', '1680.0', '1615.0'),
    ('PGAS.JK', '2025-02-26', '1645.0', '1615.0', '1660.0', '1585.0'),
    ('PGAS.JK', '2025-02-27', '1595.0', '1530.0', '1615.0', '1505.0'),
    ('PGAS.JK', '2025-02-28', '1520.0', '1505.0', '1550.0', '1480.0'),
    ('PGAS.JK', '2025-03-03', '1500.0', '1520.0', '1535.0', '1495.0'),
    ('PGAS.JK', '2025-03-04', '1520.0', '1520.0', '1535.0', '1505.0'),
    ('PGAS.JK', '2025-03-05', '1520.0', '1520.0', '1565.0', '1505.0'),
    ('PGAS.JK', '2025-03-06', '1525.0', '1505.0', '1540.0', '1505.0'),
    ('PGAS.JK', '2025-03-07', '1510.0', '1510.0', '1525.0', '1500.0'),
    ('PGAS.JK', '2025-03-10', '1530.0', '1485.0', '1530.0', '1480.0'),
    ('PGAS.JK', '2025-03-11', '1480.0', '1450.0', '1485.0', '1445.0'),
    ('PGAS.JK', '2025-03-12', '1465.0', '1510.0', '1520.0', '1465.0'),
    ('PGAS.JK', '2025-03-13', '1520.0', '1555.0', '1585.0', '1515.0'),
    ('PGAS.JK', '2025-03-14', '1565.0', '1535.0', '1565.0', '1530.0'),
    ('PGAS.JK', '2025-03-17', '1570.0', '1525.0', '1570.0', '1515.0'),
    ('PGAS.JK', '2025-03-18', '1540.0', '1510.0', '1540.0', '1460.0'),
    ('PGAS.JK', '2025-03-19', '1510.0', '1500.0', '1525.0', '1490.0'),
    ('PGAS.JK', '2025-03-20', '1500.0', '1540.0', '1555.0', '1500.0'),
    ('PGAS.JK', '2025-03-21', '1535.0', '1540.0', '1550.0', '1505.0'),
    ('PGAS.JK', '2025-03-24', '1540.0', '1525.0', '1565.0', '1510.0'),
    ('PGAS.JK', '2025-03-25', '1545.0', '1500.0', '1545.0', '1500.0'),
    ('PGAS.JK', '2025-03-26', '1505.0', '1550.0', '1580.0', '1505.0'),
    ('PGAS.JK', '2025-03-27', '1555.0', '1555.0', '1570.0', '1545.0'),
    ('PGAS.JK', '2025-04-08', '1450.0', '1445.0', '1480.0', '1425.0'),
    ('PGAS.JK', '2025-04-09', '1445.0', '1490.0', '1490.0', '1440.0'),
    ('PGAS.JK', '2025-04-10', '1525.0', '1550.0', '1570.0', '1525.0'),
    ('PGAS.JK', '2025-04-11', '1550.0', '1580.0', '1590.0', '1530.0'),
    ('PGAS.JK', '2025-04-14', '1585.0', '1640.0', '1650.0', '1585.0'),
    ('PGAS.JK', '2025-04-15', '1650.0', '1685.0', '1695.0', '1650.0'),
    ('PGAS.JK', '2025-04-16', '1675.0', '1670.0', '1685.0', '1645.0'),
    ('PGAS.JK', '2025-04-17', '1670.0', '1675.0', '1680.0', '1655.0'),
    ('PGAS.JK', '2025-04-21', '1675.0', '1680.0', '1685.0', '1660.0'),
    ('PGAS.JK', '2025-04-22', '1685.0', '1675.0', '1690.0', '1670.0'),
    ('PGAS.JK', '2025-04-23', '1690.0', '1715.0', '1765.0', '1685.0'),
    ('PGAS.JK', '2025-04-24', '1730.0', '1770.0', '1795.0', '1725.0'),
    ('PGAS.JK', '2025-04-25', '1780.0', '1725.0', '1785.0', '1710.0'),
    ('PGAS.JK', '2025-04-28', '1725.0', '1710.0', '1735.0', '1700.0'),
    ('PGAS.JK', '2025-04-29', '1720.0', '1720.0', '1735.0', '1710.0'),
    ('PGAS.JK', '2025-04-30', '1650.0', '1685.0', '1700.0', '1625.0'),
    ('PGAS.JK', '2025-05-02', '1685.0', '1635.0', '1690.0', '1635.0'),
    ('PGAS.JK', '2025-05-05', '1640.0', '1630.0', '1650.0', '1630.0'),
    ('PGAS.JK', '2025-05-06', '1630.0', '1620.0', '1635.0', '1610.0'),
    ('PGAS.JK', '2025-05-07', '1630.0', '1635.0', '1645.0', '1620.0'),
    ('PGAS.JK', '2025-05-08', '1635.0', '1600.0', '1645.0', '1600.0'),
    ('PGAS.JK', '2025-05-09', '1610.0', '1605.0', '1620.0', '1595.0'),
    ('GGRM.JK', '2024-05-13', '17900.0', '18075.0', '18100.0', '17900.0'),
    ('GGRM.JK', '2024-05-14', '18100.0', '18375.0', '18525.0', '18050.0'),
    ('GGRM.JK', '2024-05-15', '18550.0', '18700.0', '19175.0', '18500.0'),
    ('GGRM.JK', '2024-05-16', '18700.0', '19325.0', '19350.0', '18700.0'),
    ('GGRM.JK', '2024-05-17', '19325.0', '19350.0', '19450.0', '19225.0'),
    ('GGRM.JK', '2024-05-20', '19350.0', '19375.0', '19675.0', '19200.0'),
    ('GGRM.JK', '2024-05-21', '19450.0', '19050.0', '19450.0', '18850.0'),
    ('GGRM.JK', '2024-05-22', '19000.0', '19100.0', '19350.0', '18925.0'),
    ('GGRM.JK', '2024-05-27', '19100.0', '19125.0', '19325.0', '18900.0'),
    ('GGRM.JK', '2024-05-28', '19200.0', '19300.0', '19375.0', '19050.0'),
    ('GGRM.JK', '2024-05-29', '19300.0', '19125.0', '19300.0', '19075.0'),
    ('GGRM.JK', '2024-05-30', '19125.0', '19000.0', '19200.0', '19000.0'),
    ('GGRM.JK', '2024-05-31', '19250.0', '18700.0', '19850.0', '18700.0'),
    ('GGRM.JK', '2024-06-03', '18900.0', '18325.0', '18975.0', '18325.0'),
    ('GGRM.JK', '2024-06-04', '18400.0', '18450.0', '18625.0', '18300.0'),
    ('GGRM.JK', '2024-06-05', '18450.0', '18225.0', '18450.0', '18200.0'),
    ('GGRM.JK', '2024-06-06', '18350.0', '18300.0', '18350.0', '18200.0'),
    ('GGRM.JK', '2024-06-07', '18300.0', '18850.0', '18850.0', '18200.0'),
    ('GGRM.JK', '2024-06-10', '18750.0', '18600.0', '18750.0', '18550.0'),
    ('GGRM.JK', '2024-06-11', '18500.0', '18800.0', '18800.0', '18450.0'),
    ('GGRM.JK', '2024-06-12', '18800.0', '18375.0', '18800.0', '18250.0'),
    ('GGRM.JK', '2024-06-13', '18400.0', '18275.0', '18525.0', '18275.0'),
    ('GGRM.JK', '2024-06-14', '18325.0', '18200.0', '18425.0', '18200.0'),
    ('GGRM.JK', '2024-06-19', '18200.0', '18175.0', '18300.0', '18000.0'),
    ('GGRM.JK', '2024-06-20', '18175.0', '17950.0', '18175.0', '17800.0'),
    ('GGRM.JK', '2024-06-21', '18000.0', '18350.0', '18350.0', '17975.0'),
    ('GGRM.JK', '2024-06-24', '18425.0', '18300.0', '18575.0', '18250.0'),
    ('GGRM.JK', '2024-06-25', '18300.0', '18250.0', '18375.0', '18250.0'),
    ('GGRM.JK', '2024-06-26', '18300.0', '18275.0', '18350.0', '18200.0'),
    ('GGRM.JK', '2024-06-27', '18300.0', '18550.0', '18550.0', '18225.0'),
    ('GGRM.JK', '2024-06-28', '18600.0', '18100.0', '18875.0', '18000.0'),
    ('GGRM.JK', '2024-07-01', '18000.0', '17500.0', '18000.0', '17400.0'),
    ('GGRM.JK', '2024-07-02', '17500.0', '17400.0', '17650.0', '17400.0'),
    ('GGRM.JK', '2024-07-03', '17425.0', '17350.0', '17500.0', '17350.0'),
    ('GGRM.JK', '2024-07-04', '17425.0', '17200.0', '17475.0', '17125.0'),
    ('GGRM.JK', '2024-07-05', '17200.0', '17150.0', '17325.0', '17125.0'),
    ('GGRM.JK', '2024-07-08', '17325.0', '17300.0', '17325.0', '17125.0'),
    ('GGRM.JK', '2024-07-09', '17300.0', '17375.0', '17475.0', '17300.0'),
    ('GGRM.JK', '2024-07-10', '17375.0', '17300.0', '17475.0', '17300.0'),
    ('GGRM.JK', '2024-07-11', '17350.0', '17225.0', '17400.0', '17200.0'),
    ('GGRM.JK', '2024-07-12', '17225.0', '17075.0', '17275.0', '17050.0'),
    ('GGRM.JK', '2024-07-15', '17050.0', '16975.0', '17100.0', '16950.0'),
    ('GGRM.JK', '2024-07-16', '17050.0', '16950.0', '17050.0', '16950.0'),
    ('GGRM.JK', '2024-07-17', '17000.0', '16950.0', '17000.0', '16900.0'),
    ('GGRM.JK', '2024-07-18', '16950.0', '16900.0', '17075.0', '16900.0'),
    ('GGRM.JK', '2024-07-19', '16925.0', '16925.0', '17000.0', '16925.0'),
    ('GGRM.JK', '2024-07-22', '16925.0', '17125.0', '17350.0', '16925.0'),
    ('GGRM.JK', '2024-07-23', '17125.0', '17025.0', '17275.0', '17025.0'),
    ('GGRM.JK', '2024-07-24', '17025.0', '16800.0', '17025.0', '16800.0'),
    ('GGRM.JK', '2024-07-25', '16800.0', '16625.0', '16800.0', '16600.0'),
    ('GGRM.JK', '2024-07-26', '16600.0', '16600.0', '16625.0', '16525.0'),
    ('GGRM.JK', '2024-07-29', '16600.0', '16550.0', '16600.0', '16525.0'),
    ('GGRM.JK', '2024-07-30', '16550.0', '16200.0', '16600.0', '16100.0'),
    ('GGRM.JK', '2024-07-31', '16100.0', '15750.0', '16200.0', '15575.0'),
    ('GGRM.JK', '2024-08-01', '15700.0', '15400.0', '15700.0', '15400.0'),
    ('GGRM.JK', '2024-08-02', '15400.0', '15550.0', '15775.0', '15250.0'),
    ('GGRM.JK', '2024-08-05', '15475.0', '15025.0', '15525.0', '15000.0'),
    ('GGRM.JK', '2024-08-06', '15050.0', '14800.0', '15175.0', '14750.0'),
    ('GGRM.JK', '2024-08-07', '14750.0', '14800.0', '14975.0', '14750.0'),
    ('GGRM.JK', '2024-08-08', '14800.0', '14500.0', '14800.0', '14500.0'),
    ('GGRM.JK', '2024-08-09', '14500.0', '14575.0', '14800.0', '14475.0'),
    ('GGRM.JK', '2024-08-12', '14575.0', '14800.0', '14900.0', '14575.0'),
    ('GGRM.JK', '2024-08-13', '14925.0', '14975.0', '15050.0', '14825.0'),
    ('GGRM.JK', '2024-08-14', '15025.0', '14825.0', '15050.0', '14825.0'),
    ('GGRM.JK', '2024-08-15', '14800.0', '14850.0', '14950.0', '14800.0'),
    ('GGRM.JK', '2024-08-16', '15000.0', '14975.0', '15025.0', '14850.0'),
    ('GGRM.JK', '2024-08-19', '14975.0', '16200.0', '16200.0', '14975.0'),
    ('GGRM.JK', '2024-08-20', '16700.0', '16600.0', '17000.0', '16500.0'),
    ('GGRM.JK', '2024-08-21', '16600.0', '16300.0', '16600.0', '16225.0'),
    ('GGRM.JK', '2024-08-22', '16300.0', '16250.0', '16850.0', '16150.0'),
    ('GGRM.JK', '2024-08-23', '16275.0', '16225.0', '16475.0', '16200.0'),
    ('GGRM.JK', '2024-08-26', '16225.0', '15900.0', '16375.0', '15775.0'),
    ('GGRM.JK', '2024-08-27', '16025.0', '15875.0', '16250.0', '15875.0'),
    ('GGRM.JK', '2024-08-28', '16000.0', '15875.0', '16025.0', '15800.0'),
    ('GGRM.JK', '2024-08-29', '16050.0', '15675.0', '16050.0', '15625.0'),
    ('GGRM.JK', '2024-08-30', '15700.0', '16375.0', '16375.0', '15525.0'),
    ('GGRM.JK', '2024-09-02', '16200.0', '16125.0', '16200.0', '15950.0'),
    ('GGRM.JK', '2024-09-03', '16125.0', '16050.0', '16125.0', '16000.0'),
    ('GGRM.JK', '2024-09-04', '15850.0', '16050.0', '16150.0', '15850.0'),
    ('GGRM.JK', '2024-09-05', '16050.0', '16025.0', '16050.0', '15900.0'),
    ('GGRM.JK', '2024-09-06', '15950.0', '16025.0', '16175.0', '15950.0'),
    ('GGRM.JK', '2024-09-09', '16150.0', '16075.0', '16175.0', '15925.0'),
    ('GGRM.JK', '2024-09-10', '16100.0', '16075.0', '16125.0', '16000.0'),
    ('GGRM.JK', '2024-09-11', '16075.0', '16050.0', '16225.0', '16025.0'),
    ('GGRM.JK', '2024-09-12', '16050.0', '16000.0', '16150.0', '16000.0'),
    ('GGRM.JK', '2024-09-13', '16000.0', '16000.0', '16200.0', '15950.0'),
    ('GGRM.JK', '2024-09-17', '16000.0', '15950.0', '16025.0', '15925.0'),
    ('GGRM.JK', '2024-09-18', '15975.0', '16000.0', '16025.0', '15925.0'),
    ('GGRM.JK', '2024-09-19', '16000.0', '15900.0', '16025.0', '15900.0'),
    ('GGRM.JK', '2024-09-20', '15900.0', '15500.0', '15950.0', '15500.0'),
    ('GGRM.JK', '2024-09-23', '15600.0', '15625.0', '15775.0', '15575.0'),
    ('GGRM.JK', '2024-09-24', '16550.0', '16550.0', '17200.0', '16325.0'),
    ('GGRM.JK', '2024-09-25', '16600.0', '16075.0', '16675.0', '16050.0'),
    ('GGRM.JK', '2024-09-26', '16250.0', '16150.0', '16300.0', '16000.0'),
    ('GGRM.JK', '2024-09-27', '16275.0', '16125.0', '16275.0', '15950.0'),
    ('GGRM.JK', '2024-09-30', '16125.0', '15900.0', '16150.0', '15825.0'),
    ('GGRM.JK', '2024-10-01', '15900.0', '16100.0', '16200.0', '15800.0'),
    ('GGRM.JK', '2024-10-02', '16100.0', '16075.0', '16200.0', '15925.0'),
    ('GGRM.JK', '2024-10-03', '16075.0', '15925.0', '16075.0', '15875.0'),
    ('GGRM.JK', '2024-10-04', '15925.0', '15850.0', '15925.0', '15825.0'),
    ('GGRM.JK', '2024-10-07', '15850.0', '16000.0', '16125.0', '15825.0'),
    ('GGRM.JK', '2024-10-08', '16000.0', '15975.0', '16100.0', '15925.0'),
    ('GGRM.JK', '2024-10-09', '15975.0', '15900.0', '16025.0', '15900.0'),
    ('GGRM.JK', '2024-10-10', '15900.0', '15650.0', '16000.0', '15650.0'),
    ('GGRM.JK', '2024-10-11', '15700.0', '15700.0', '15775.0', '15650.0'),
    ('GGRM.JK', '2024-10-14', '15700.0', '15700.0', '15850.0', '15650.0'),
    ('GGRM.JK', '2024-10-15', '15650.0', '15750.0', '15900.0', '15650.0'),
    ('GGRM.JK', '2024-10-16', '15750.0', '15550.0', '15900.0', '15550.0'),
    ('GGRM.JK', '2024-10-17', '15600.0', '15650.0', '15750.0', '15600.0'),
    ('GGRM.JK', '2024-10-18', '15675.0', '15625.0', '15725.0', '15600.0'),
    ('GGRM.JK', '2024-10-21', '15600.0', '15600.0', '15750.0', '15600.0'),
    ('GGRM.JK', '2024-10-22', '15600.0', '15500.0', '15675.0', '15500.0'),
    ('GGRM.JK', '2024-10-23', '15500.0', '15500.0', '15625.0', '15500.0'),
    ('GGRM.JK', '2024-10-24', '15500.0', '15375.0', '15600.0', '15375.0'),
    ('GGRM.JK', '2024-10-25', '15400.0', '15150.0', '15400.0', '15150.0'),
    ('GGRM.JK', '2024-10-28', '15175.0', '14975.0', '15200.0', '14900.0'),
    ('GGRM.JK', '2024-10-29', '14975.0', '14875.0', '15000.0', '14875.0'),
    ('GGRM.JK', '2024-10-30', '14875.0', '14250.0', '14875.0', '14225.0'),
    ('GGRM.JK', '2024-10-31', '14100.0', '14075.0', '14200.0', '14025.0'),
    ('GGRM.JK', '2024-11-01', '14075.0', '13700.0', '14150.0', '13700.0'),
    ('GGRM.JK', '2024-11-04', '13700.0', '13250.0', '13750.0', '13250.0'),
    ('GGRM.JK', '2024-11-05', '13250.0', '13300.0', '13525.0', '13200.0'),
    ('GGRM.JK', '2024-11-06', '13300.0', '13250.0', '13875.0', '13250.0'),
    ('GGRM.JK', '2024-11-07', '13300.0', '13200.0', '13375.0', '13150.0'),
    ('GGRM.JK', '2024-11-08', '13250.0', '13225.0', '13400.0', '13125.0'),
    ('GGRM.JK', '2024-11-11', '13250.0', '13225.0', '13350.0', '13175.0'),
    ('GGRM.JK', '2024-11-12', '13300.0', '13475.0', '13525.0', '13250.0'),
    ('GGRM.JK', '2024-11-13', '13475.0', '13475.0', '13650.0', '13400.0'),
    ('GGRM.JK', '2024-11-14', '13475.0', '13400.0', '13500.0', '13325.0'),
    ('GGRM.JK', '2024-11-15', '13400.0', '13275.0', '13400.0', '13250.0'),
    ('GGRM.JK', '2024-11-18', '13275.0', '13200.0', '13300.0', '13175.0'),
    ('GGRM.JK', '2024-11-19', '13200.0', '13200.0', '13250.0', '13075.0'),
    ('GGRM.JK', '2024-11-20', '13200.0', '13200.0', '13300.0', '13000.0'),
    ('GGRM.JK', '2024-11-21', '13200.0', '13125.0', '13200.0', '13100.0'),
    ('GGRM.JK', '2024-11-22', '13125.0', '13025.0', '13200.0', '13000.0'),
    ('GGRM.JK', '2024-11-25', '13200.0', '13425.0', '13425.0', '13025.0'),
    ('GGRM.JK', '2024-11-26', '13425.0', '13250.0', '13425.0', '13250.0'),
    ('GGRM.JK', '2024-11-28', '13250.0', '12975.0', '13250.0', '12825.0'),
    ('GGRM.JK', '2024-11-29', '13000.0', '12825.0', '13000.0', '12825.0'),
    ('GGRM.JK', '2024-12-02', '12800.0', '12525.0', '13100.0', '12525.0'),
    ('GGRM.JK', '2024-12-03', '12525.0', '12675.0', '12750.0', '12500.0'),
    ('GGRM.JK', '2024-12-04', '12725.0', '13350.0', '13500.0', '12700.0'),
    ('GGRM.JK', '2024-12-05', '13550.0', '13650.0', '13900.0', '13350.0'),
    ('GGRM.JK', '2024-12-06', '13675.0', '13525.0', '13925.0', '13425.0'),
    ('GGRM.JK', '2024-12-09', '13525.0', '13650.0', '13675.0', '13375.0'),
    ('GGRM.JK', '2024-12-10', '13625.0', '13900.0', '14225.0', '13550.0'),
    ('GGRM.JK', '2024-12-11', '13900.0', '13575.0', '14100.0', '13575.0'),
    ('GGRM.JK', '2024-12-12', '13700.0', '13600.0', '13750.0', '13525.0'),
    ('GGRM.JK', '2024-12-13', '13600.0', '13475.0', '13625.0', '13475.0'),
    ('GGRM.JK', '2024-12-16', '13500.0', '13025.0', '13525.0', '13025.0'),
    ('GGRM.JK', '2024-12-17', '13050.0', '12850.0', '13150.0', '12825.0'),
    ('GGRM.JK', '2024-12-18', '12850.0', '12800.0', '12950.0', '12700.0'),
    ('GGRM.JK', '2024-12-19', '12800.0', '12900.0', '12900.0', '12500.0'),
    ('GGRM.JK', '2024-12-20', '12850.0', '13225.0', '13225.0', '12850.0'),
    ('GGRM.JK', '2024-12-23', '13225.0', '13225.0', '13350.0', '13025.0'),
    ('GGRM.JK', '2024-12-24', '13225.0', '13125.0', '13325.0', '13075.0'),
    ('GGRM.JK', '2024-12-27', '13225.0', '13275.0', '13375.0', '13025.0'),
    ('GGRM.JK', '2024-12-30', '13275.0', '13275.0', '13325.0', '13100.0'),
    ('GGRM.JK', '2025-01-02', '13275.0', '13100.0', '13325.0', '13025.0'),
    ('GGRM.JK', '2025-01-03', '13100.0', '12775.0', '13100.0', '12775.0'),
    ('GGRM.JK', '2025-01-06', '12800.0', '12775.0', '12950.0', '12775.0'),
    ('GGRM.JK', '2025-01-07', '12750.0', '12675.0', '12775.0', '12600.0'),
    ('GGRM.JK', '2025-01-08', '12675.0', '12600.0', '12800.0', '12575.0'),
    ('GGRM.JK', '2025-01-09', '12575.0', '12525.0', '12875.0', '12525.0'),
    ('GGRM.JK', '2025-01-10', '12500.0', '12500.0', '12625.0', '12500.0'),
    ('GGRM.JK', '2025-01-13', '12500.0', '12300.0', '12550.0', '12300.0'),
    ('GGRM.JK', '2025-01-14', '12300.0', '12150.0', '12300.0', '12100.0'),
    ('GGRM.JK', '2025-01-15', '12225.0', '12225.0', '12325.0', '12100.0'),
    ('GGRM.JK', '2025-01-16', '12200.0', '12150.0', '12350.0', '12150.0'),
    ('GGRM.JK', '2025-01-17', '12225.0', '12125.0', '12250.0', '12025.0'),
    ('GGRM.JK', '2025-01-20', '12125.0', '12100.0', '12175.0', '12050.0'),
    ('GGRM.JK', '2025-01-21', '12125.0', '12075.0', '12225.0', '12050.0'),
    ('GGRM.JK', '2025-01-22', '12100.0', '12025.0', '12150.0', '12000.0'),
    ('GGRM.JK', '2025-01-23', '12025.0', '11850.0', '12050.0', '11825.0'),
    ('GGRM.JK', '2025-01-24', '11850.0', '11800.0', '11950.0', '11800.0'),
    ('GGRM.JK', '2025-01-30', '11800.0', '11550.0', '11800.0', '11500.0'),
    ('GGRM.JK', '2025-01-31', '11550.0', '11250.0', '11550.0', '11250.0'),
    ('GGRM.JK', '2025-02-03', '11250.0', '10875.0', '11250.0', '10850.0'),
    ('GGRM.JK', '2025-02-04', '10875.0', '11075.0', '11150.0', '10875.0'),
    ('GGRM.JK', '2025-02-05', '11075.0', '10950.0', '11100.0', '10950.0'),
    ('GGRM.JK', '2025-02-06', '10950.0', '10900.0', '11075.0', '10850.0'),
    ('GGRM.JK', '2025-02-07', '10875.0', '10900.0', '10925.0', '10700.0'),
    ('GGRM.JK', '2025-02-10', '10900.0', '10775.0', '10975.0', '10650.0'),
    ('GGRM.JK', '2025-02-11', '10700.0', '10425.0', '10700.0', '10375.0'),
    ('GGRM.JK', '2025-02-12', '10425.0', '10725.0', '10800.0', '10425.0'),
    ('GGRM.JK', '2025-02-13', '10750.0', '10900.0', '10900.0', '10550.0'),
    ('GGRM.JK', '2025-02-14', '10875.0', '11200.0', '11325.0', '10875.0'),
    ('GGRM.JK', '2025-02-17', '11025.0', '11450.0', '11700.0', '11025.0'),
    ('GGRM.JK', '2025-02-18', '11350.0', '11700.0', '11725.0', '11250.0'),
    ('GGRM.JK', '2025-02-19', '11600.0', '11675.0', '11875.0', '11525.0'),
    ('GGRM.JK', '2025-02-20', '11675.0', '11600.0', '11800.0', '11500.0'),
    ('GGRM.JK', '2025-02-21', '11600.0', '11425.0', '11600.0', '11325.0'),
    ('GGRM.JK', '2025-02-24', '11500.0', '11400.0', '11500.0', '11300.0'),
    ('GGRM.JK', '2025-02-25', '11300.0', '11175.0', '11400.0', '10900.0'),
    ('GGRM.JK', '2025-02-26', '11100.0', '11000.0', '11175.0', '10900.0'),
    ('GGRM.JK', '2025-02-27', '11000.0', '10525.0', '11075.0', '10425.0'),
    ('GGRM.JK', '2025-02-28', '10450.0', '10550.0', '10650.0', '10275.0'),
    ('GGRM.JK', '2025-03-03', '10500.0', '10600.0', '10750.0', '10350.0'),
    ('GGRM.JK', '2025-03-04', '10550.0', '10475.0', '10550.0', '10300.0'),
    ('GGRM.JK', '2025-03-05', '10475.0', '10450.0', '10875.0', '10425.0'),
    ('GGRM.JK', '2025-03-06', '10500.0', '10575.0', '10900.0', '10500.0'),
    ('GGRM.JK', '2025-03-07', '10600.0', '10525.0', '10700.0', '10300.0'),
    ('GGRM.JK', '2025-03-10', '10525.0', '10250.0', '10525.0', '10200.0'),
    ('GGRM.JK', '2025-03-11', '10150.0', '10125.0', '10150.0', '10000.0'),
    ('GGRM.JK', '2025-03-12', '10100.0', '10250.0', '10300.0', '10100.0'),
    ('GGRM.JK', '2025-03-13', '10200.0', '10350.0', '10450.0', '10200.0'),
    ('GGRM.JK', '2025-03-14', '10350.0', '10400.0', '10625.0', '10325.0'),
    ('GGRM.JK', '2025-03-17', '10400.0', '11200.0', '11250.0', '10325.0'),
    ('GGRM.JK', '2025-03-18', '11100.0', '10375.0', '11100.0', '10350.0'),
    ('GGRM.JK', '2025-03-19', '10375.0', '10325.0', '10550.0', '10300.0'),
    ('GGRM.JK', '2025-03-20', '10375.0', '10250.0', '10475.0', '10225.0'),
    ('GGRM.JK', '2025-03-21', '10275.0', '9950.0', '10275.0', '9950.0'),
    ('GGRM.JK', '2025-03-24', '10050.0', '9850.0', '10050.0', '9625.0'),
    ('GGRM.JK', '2025-03-25', '9850.0', '9875.0', '10050.0', '9825.0'),
    ('GGRM.JK', '2025-03-26', '9875.0', '10350.0', '10375.0', '9875.0'),
    ('GGRM.JK', '2025-03-27', '10425.0', '10200.0', '10425.0', '10200.0'),
    ('GGRM.JK', '2025-04-08', '9400.0', '8675.0', '9400.0', '8675.0'),
    ('GGRM.JK', '2025-04-09', '9000.0', '8975.0', '9025.0', '8600.0'),
    ('GGRM.JK', '2025-04-10', '9125.0', '9525.0', '9675.0', '9125.0'),
    ('GGRM.JK', '2025-04-11', '9400.0', '9400.0', '9650.0', '9100.0'),
    ('GGRM.JK', '2025-04-14', '9450.0', '9675.0', '9700.0', '9450.0'),
    ('GGRM.JK', '2025-04-15', '9675.0', '9725.0', '9875.0', '9600.0'),
    ('GGRM.JK', '2025-04-16', '9700.0', '9400.0', '9775.0', '9300.0'),
    ('GGRM.JK', '2025-04-17', '9475.0', '9525.0', '9600.0', '9250.0'),
    ('GGRM.JK', '2025-04-21', '9525.0', '9650.0', '10075.0', '9425.0'),
    ('GGRM.JK', '2025-04-22', '9725.0', '9900.0', '9900.0', '9725.0'),
    ('GGRM.JK', '2025-04-23', '9850.0', '9750.0', '9950.0', '9650.0'),
    ('GGRM.JK', '2025-04-24', '9775.0', '9850.0', '10100.0', '9775.0'),
    ('GGRM.JK', '2025-04-25', '9900.0', '10200.0', '10400.0', '9900.0'),
    ('GGRM.JK', '2025-04-28', '10275.0', '10075.0', '10350.0', '10050.0'),
    ('GGRM.JK', '2025-04-29', '10075.0', '10150.0', '10225.0', '10075.0'),
    ('GGRM.JK', '2025-04-30', '10000.0', '10025.0', '10150.0', '10000.0'),
    ('GGRM.JK', '2025-05-02', '9925.0', '9725.0', '9925.0', '9425.0'),
    ('GGRM.JK', '2025-05-05', '9725.0', '9800.0', '9800.0', '9650.0'),
    ('GGRM.JK', '2025-05-06', '9800.0', '9750.0', '9800.0', '9675.0'),
    ('GGRM.JK', '2025-05-07', '9775.0', '9750.0', '9900.0', '9750.0'),
    ('GGRM.JK', '2025-05-08', '9750.0', '9675.0', '9750.0', '9575.0'),
    ('GGRM.JK', '2025-05-09', '9675.0', '9600.0', '9700.0', '9600.0'),
    ('HMSP.JK', '2024-05-13', '755.0', '755.0', '765.0', '750.0'),
    ('HMSP.JK', '2024-05-14', '760.0', '765.0', '780.0', '755.0'),
    ('HMSP.JK', '2024-05-15', '770.0', '775.0', '785.0', '765.0'),
    ('HMSP.JK', '2024-05-16', '775.0', '775.0', '785.0', '770.0'),
    ('HMSP.JK', '2024-05-17', '775.0', '790.0', '800.0', '770.0'),
    ('HMSP.JK', '2024-05-20', '795.0', '780.0', '800.0', '780.0'),
    ('HMSP.JK', '2024-05-21', '785.0', '770.0', '785.0', '765.0'),
    ('HMSP.JK', '2024-05-22', '775.0', '770.0', '780.0', '765.0'),
    ('HMSP.JK', '2024-05-27', '770.0', '755.0', '775.0', '755.0'),
    ('HMSP.JK', '2024-05-28', '755.0', '770.0', '780.0', '750.0'),
    ('HMSP.JK', '2024-05-29', '775.0', '760.0', '775.0', '750.0'),
    ('HMSP.JK', '2024-05-30', '760.0', '745.0', '760.0', '745.0'),
    ('HMSP.JK', '2024-05-31', '750.0', '735.0', '755.0', '735.0'),
    ('HMSP.JK', '2024-06-03', '735.0', '725.0', '745.0', '725.0'),
    ('HMSP.JK', '2024-06-04', '725.0', '740.0', '745.0', '725.0'),
    ('HMSP.JK', '2024-06-05', '745.0', '730.0', '745.0', '730.0'),
    ('HMSP.JK', '2024-06-06', '730.0', '735.0', '740.0', '730.0'),
    ('HMSP.JK', '2024-06-07', '740.0', '725.0', '740.0', '725.0'),
    ('HMSP.JK', '2024-06-10', '725.0', '715.0', '740.0', '715.0'),
    ('HMSP.JK', '2024-06-11', '715.0', '710.0', '720.0', '710.0'),
    ('HMSP.JK', '2024-06-12', '715.0', '690.0', '715.0', '685.0'),
    ('HMSP.JK', '2024-06-13', '690.0', '700.0', '710.0', '690.0'),
    ('HMSP.JK', '2024-06-14', '700.0', '680.0', '700.0', '675.0'),
    ('HMSP.JK', '2024-06-19', '670.0', '685.0', '695.0', '670.0'),
    ('HMSP.JK', '2024-06-20', '685.0', '685.0', '700.0', '675.0'),
    ('HMSP.JK', '2024-06-21', '685.0', '695.0', '700.0', '680.0'),
    ('HMSP.JK', '2024-06-24', '695.0', '695.0', '715.0', '695.0'),
    ('HMSP.JK', '2024-06-25', '695.0', '700.0', '705.0', '690.0'),
    ('HMSP.JK', '2024-06-26', '725.0', '695.0', '725.0', '690.0'),
    ('HMSP.JK', '2024-06-27', '705.0', '700.0', '705.0', '690.0'),
    ('HMSP.JK', '2024-06-28', '700.0', '710.0', '715.0', '690.0'),
    ('HMSP.JK', '2024-07-01', '710.0', '700.0', '715.0', '700.0'),
    ('HMSP.JK', '2024-07-02', '705.0', '705.0', '710.0', '700.0'),
    ('HMSP.JK', '2024-07-03', '710.0', '705.0', '710.0', '700.0'),
    ('HMSP.JK', '2024-07-04', '705.0', '735.0', '745.0', '705.0'),
    ('HMSP.JK', '2024-07-05', '740.0', '725.0', '745.0', '725.0'),
    ('HMSP.JK', '2024-07-08', '725.0', '740.0', '740.0', '725.0'),
    ('HMSP.JK', '2024-07-09', '740.0', '730.0', '745.0', '730.0'),
    ('HMSP.JK', '2024-07-10', '745.0', '725.0', '745.0', '720.0'),
    ('HMSP.JK', '2024-07-11', '725.0', '720.0', '730.0', '720.0'),
    ('HMSP.JK', '2024-07-12', '720.0', '710.0', '725.0', '700.0'),
    ('HMSP.JK', '2024-07-15', '725.0', '715.0', '725.0', '705.0'),
    ('HMSP.JK', '2024-07-16', '720.0', '705.0', '720.0', '705.0'),
    ('HMSP.JK', '2024-07-17', '710.0', '735.0', '735.0', '705.0'),
    ('HMSP.JK', '2024-07-18', '730.0', '745.0', '760.0', '725.0'),
    ('HMSP.JK', '2024-07-19', '745.0', '730.0', '750.0', '730.0'),
    ('HMSP.JK', '2024-07-22', '730.0', '740.0', '745.0', '725.0'),
    ('HMSP.JK', '2024-07-23', '745.0', '725.0', '745.0', '725.0'),
    ('HMSP.JK', '2024-07-24', '745.0', '685.0', '745.0', '675.0'),
    ('HMSP.JK', '2024-07-25', '685.0', '670.0', '700.0', '660.0'),
    ('HMSP.JK', '2024-07-26', '675.0', '680.0', '690.0', '665.0'),
    ('HMSP.JK', '2024-07-29', '680.0', '680.0', '685.0', '675.0'),
    ('HMSP.JK', '2024-07-30', '680.0', '685.0', '685.0', '665.0'),
    ('HMSP.JK', '2024-07-31', '710.0', '675.0', '710.0', '675.0'),
    ('HMSP.JK', '2024-08-01', '675.0', '675.0', '680.0', '670.0'),
    ('HMSP.JK', '2024-08-02', '675.0', '680.0', '685.0', '670.0'),
    ('HMSP.JK', '2024-08-05', '675.0', '655.0', '675.0', '655.0'),
    ('HMSP.JK', '2024-08-06', '655.0', '650.0', '665.0', '650.0'),
    ('HMSP.JK', '2024-08-07', '660.0', '665.0', '665.0', '650.0'),
    ('HMSP.JK', '2024-08-08', '665.0', '645.0', '665.0', '640.0'),
    ('HMSP.JK', '2024-08-09', '645.0', '650.0', '660.0', '645.0'),
    ('HMSP.JK', '2024-08-12', '650.0', '650.0', '655.0', '645.0'),
    ('HMSP.JK', '2024-08-13', '655.0', '655.0', '660.0', '650.0'),
    ('HMSP.JK', '2024-08-14', '680.0', '655.0', '680.0', '650.0'),
    ('HMSP.JK', '2024-08-15', '660.0', '650.0', '660.0', '645.0'),
    ('HMSP.JK', '2024-08-16', '655.0', '665.0', '670.0', '650.0'),
    ('HMSP.JK', '2024-08-19', '665.0', '770.0', '770.0', '660.0'),
    ('HMSP.JK', '2024-08-20', '800.0', '775.0', '805.0', '765.0'),
    ('HMSP.JK', '2024-08-21', '785.0', '755.0', '785.0', '740.0'),
    ('HMSP.JK', '2024-08-22', '755.0', '750.0', '790.0', '740.0'),
    ('HMSP.JK', '2024-08-23', '755.0', '755.0', '760.0', '745.0'),
    ('HMSP.JK', '2024-08-26', '755.0', '720.0', '760.0', '715.0'),
    ('HMSP.JK', '2024-08-27', '720.0', '725.0', '735.0', '715.0'),
    ('HMSP.JK', '2024-08-28', '730.0', '715.0', '730.0', '710.0'),
    ('HMSP.JK', '2024-08-29', '715.0', '705.0', '720.0', '705.0'),
    ('HMSP.JK', '2024-08-30', '705.0', '705.0', '715.0', '700.0'),
    ('HMSP.JK', '2024-09-02', '705.0', '720.0', '725.0', '700.0'),
    ('HMSP.JK', '2024-09-03', '725.0', '715.0', '725.0', '710.0'),
    ('HMSP.JK', '2024-09-04', '710.0', '720.0', '720.0', '710.0'),
    ('HMSP.JK', '2024-09-05', '720.0', '730.0', '735.0', '710.0'),
    ('HMSP.JK', '2024-09-06', '735.0', '745.0', '755.0', '725.0'),
    ('HMSP.JK', '2024-09-09', '750.0', '730.0', '750.0', '720.0'),
    ('HMSP.JK', '2024-09-10', '730.0', '735.0', '740.0', '725.0'),
    ('HMSP.JK', '2024-09-11', '760.0', '755.0', '765.0', '735.0'),
    ('HMSP.JK', '2024-09-12', '755.0', '750.0', '765.0', '740.0'),
    ('HMSP.JK', '2024-09-13', '750.0', '750.0', '755.0', '740.0'),
    ('HMSP.JK', '2024-09-17', '750.0', '755.0', '755.0', '735.0'),
    ('HMSP.JK', '2024-09-18', '755.0', '740.0', '760.0', '740.0'),
    ('HMSP.JK', '2024-09-19', '740.0', '745.0', '750.0', '730.0'),
    ('HMSP.JK', '2024-09-20', '745.0', '670.0', '750.0', '670.0'),
    ('HMSP.JK', '2024-09-23', '695.0', '735.0', '735.0', '690.0'),
    ('HMSP.JK', '2024-09-24', '745.0', '775.0', '800.0', '745.0'),
    ('HMSP.JK', '2024-09-25', '775.0', '760.0', '785.0', '750.0'),
    ('HMSP.JK', '2024-09-26', '760.0', '760.0', '765.0', '750.0'),
    ('HMSP.JK', '2024-09-27', '760.0', '770.0', '775.0', '745.0'),
    ('HMSP.JK', '2024-09-30', '770.0', '760.0', '770.0', '745.0'),
    ('HMSP.JK', '2024-10-01', '755.0', '750.0', '760.0', '750.0'),
    ('HMSP.JK', '2024-10-02', '775.0', '725.0', '775.0', '720.0'),
    ('HMSP.JK', '2024-10-03', '725.0', '720.0', '730.0', '720.0'),
    ('HMSP.JK', '2024-10-04', '725.0', '720.0', '735.0', '720.0'),
    ('HMSP.JK', '2024-10-07', '725.0', '730.0', '740.0', '725.0'),
    ('HMSP.JK', '2024-10-08', '730.0', '725.0', '735.0', '725.0'),
    ('HMSP.JK', '2024-10-09', '725.0', '730.0', '735.0', '725.0'),
    ('HMSP.JK', '2024-10-10', '730.0', '725.0', '735.0', '720.0'),
    ('HMSP.JK', '2024-10-11', '730.0', '730.0', '735.0', '720.0'),
    ('HMSP.JK', '2024-10-14', '730.0', '710.0', '730.0', '705.0'),
    ('HMSP.JK', '2024-10-15', '710.0', '705.0', '715.0', '700.0'),
    ('HMSP.JK', '2024-10-16', '705.0', '725.0', '725.0', '700.0'),
    ('HMSP.JK', '2024-10-17', '725.0', '710.0', '725.0', '710.0'),
    ('HMSP.JK', '2024-10-18', '715.0', '705.0', '715.0', '705.0'),
    ('HMSP.JK', '2024-10-21', '710.0', '705.0', '715.0', '700.0'),
    ('HMSP.JK', '2024-10-22', '705.0', '705.0', '710.0', '705.0'),
    ('HMSP.JK', '2024-10-23', '710.0', '705.0', '720.0', '705.0'),
    ('HMSP.JK', '2024-10-24', '710.0', '705.0', '710.0', '705.0'),
    ('HMSP.JK', '2024-10-25', '705.0', '695.0', '710.0', '695.0'),
    ('HMSP.JK', '2024-10-28', '695.0', '690.0', '700.0', '685.0'),
    ('HMSP.JK', '2024-10-29', '690.0', '700.0', '710.0', '685.0'),
    ('HMSP.JK', '2024-10-30', '700.0', '690.0', '705.0', '680.0'),
    ('HMSP.JK', '2024-10-31', '690.0', '690.0', '695.0', '685.0'),
    ('HMSP.JK', '2024-11-01', '690.0', '680.0', '690.0', '675.0'),
    ('HMSP.JK', '2024-11-04', '680.0', '670.0', '685.0', '670.0'),
    ('HMSP.JK', '2024-11-05', '670.0', '665.0', '680.0', '660.0'),
    ('HMSP.JK', '2024-11-06', '665.0', '665.0', '675.0', '660.0'),
    ('HMSP.JK', '2024-11-07', '665.0', '670.0', '675.0', '660.0'),
    ('HMSP.JK', '2024-11-08', '670.0', '685.0', '690.0', '665.0'),
    ('HMSP.JK', '2024-11-11', '685.0', '680.0', '710.0', '675.0'),
    ('HMSP.JK', '2024-11-12', '680.0', '685.0', '695.0', '675.0'),
    ('HMSP.JK', '2024-11-13', '695.0', '685.0', '695.0', '675.0'),
    ('HMSP.JK', '2024-11-14', '685.0', '695.0', '695.0', '675.0'),
    ('HMSP.JK', '2024-11-15', '690.0', '685.0', '695.0', '675.0'),
    ('HMSP.JK', '2024-11-18', '685.0', '665.0', '690.0', '665.0'),
    ('HMSP.JK', '2024-11-19', '670.0', '670.0', '675.0', '665.0'),
    ('HMSP.JK', '2024-11-20', '675.0', '660.0', '675.0', '660.0'),
    ('HMSP.JK', '2024-11-21', '660.0', '655.0', '670.0', '655.0'),
    ('HMSP.JK', '2024-11-22', '655.0', '650.0', '660.0', '650.0'),
    ('HMSP.JK', '2024-11-25', '660.0', '650.0', '665.0', '650.0'),
    ('HMSP.JK', '2024-11-26', '655.0', '655.0', '665.0', '650.0'),
    ('HMSP.JK', '2024-11-28', '655.0', '650.0', '660.0', '645.0'),
    ('HMSP.JK', '2024-11-29', '650.0', '650.0', '655.0', '645.0'),
    ('HMSP.JK', '2024-12-02', '650.0', '655.0', '655.0', '640.0'),
    ('HMSP.JK', '2024-12-03', '655.0', '660.0', '660.0', '650.0'),
    ('HMSP.JK', '2024-12-04', '660.0', '655.0', '670.0', '645.0'),
    ('HMSP.JK', '2024-12-05', '655.0', '665.0', '680.0', '650.0'),
    ('HMSP.JK', '2024-12-06', '670.0', '665.0', '680.0', '665.0'),
    ('HMSP.JK', '2024-12-09', '670.0', '670.0', '675.0', '660.0'),
    ('HMSP.JK', '2024-12-10', '670.0', '665.0', '680.0', '665.0'),
    ('HMSP.JK', '2024-12-11', '670.0', '665.0', '675.0', '660.0'),
    ('HMSP.JK', '2024-12-12', '670.0', '665.0', '675.0', '660.0'),
    ('HMSP.JK', '2024-12-13', '670.0', '660.0', '670.0', '655.0'),
    ('HMSP.JK', '2024-12-16', '665.0', '655.0', '665.0', '655.0'),
    ('HMSP.JK', '2024-12-17', '655.0', '645.0', '665.0', '645.0'),
    ('HMSP.JK', '2024-12-18', '645.0', '635.0', '650.0', '630.0'),
    ('HMSP.JK', '2024-12-19', '630.0', '630.0', '640.0', '620.0'),
    ('HMSP.JK', '2024-12-20', '630.0', '630.0', '640.0', '630.0'),
    ('HMSP.JK', '2024-12-23', '635.0', '635.0', '640.0', '630.0'),
    ('HMSP.JK', '2024-12-24', '635.0', '635.0', '640.0', '630.0'),
    ('HMSP.JK', '2024-12-27', '640.0', '635.0', '645.0', '625.0'),
    ('HMSP.JK', '2024-12-30', '635.0', '635.0', '635.0', '625.0'),
    ('HMSP.JK', '2025-01-02', '640.0', '635.0', '650.0', '635.0'),
    ('HMSP.JK', '2025-01-03', '635.0', '640.0', '655.0', '635.0'),
    ('HMSP.JK', '2025-01-06', '640.0', '630.0', '640.0', '630.0'),
    ('HMSP.JK', '2025-01-07', '630.0', '625.0', '635.0', '620.0'),
    ('HMSP.JK', '2025-01-08', '625.0', '620.0', '630.0', '615.0'),
    ('HMSP.JK', '2025-01-09', '620.0', '615.0', '625.0', '615.0'),
    ('HMSP.JK', '2025-01-10', '615.0', '620.0', '625.0', '615.0'),
    ('HMSP.JK', '2025-01-13', '620.0', '615.0', '625.0', '615.0'),
    ('HMSP.JK', '2025-01-14', '615.0', '610.0', '620.0', '610.0'),
    ('HMSP.JK', '2025-01-15', '615.0', '620.0', '620.0', '605.0'),
    ('HMSP.JK', '2025-01-16', '620.0', '615.0', '625.0', '610.0'),
    ('HMSP.JK', '2025-01-17', '615.0', '610.0', '615.0', '600.0'),
    ('HMSP.JK', '2025-01-20', '610.0', '610.0', '615.0', '605.0'),
    ('HMSP.JK', '2025-01-21', '610.0', '620.0', '625.0', '610.0'),
    ('HMSP.JK', '2025-01-22', '620.0', '610.0', '620.0', '605.0'),
    ('HMSP.JK', '2025-01-23', '620.0', '610.0', '625.0', '605.0'),
    ('HMSP.JK', '2025-01-24', '610.0', '610.0', '620.0', '605.0'),
    ('HMSP.JK', '2025-01-30', '605.0', '605.0', '610.0', '600.0'),
    ('HMSP.JK', '2025-01-31', '605.0', '605.0', '610.0', '600.0'),
    ('HMSP.JK', '2025-02-03', '605.0', '605.0', '610.0', '600.0'),
    ('HMSP.JK', '2025-02-04', '605.0', '605.0', '615.0', '605.0'),
    ('HMSP.JK', '2025-02-05', '615.0', '605.0', '615.0', '605.0'),
    ('HMSP.JK', '2025-02-06', '605.0', '580.0', '610.0', '580.0'),
    ('HMSP.JK', '2025-02-07', '580.0', '585.0', '590.0', '580.0'),
    ('HMSP.JK', '2025-02-10', '585.0', '580.0', '595.0', '580.0'),
    ('HMSP.JK', '2025-02-11', '580.0', '575.0', '585.0', '575.0'),
    ('HMSP.JK', '2025-02-12', '575.0', '585.0', '585.0', '575.0'),
    ('HMSP.JK', '2025-02-13', '585.0', '590.0', '590.0', '580.0'),
    ('HMSP.JK', '2025-02-14', '590.0', '590.0', '600.0', '580.0'),
    ('HMSP.JK', '2025-02-17', '585.0', '590.0', '595.0', '580.0'),
    ('HMSP.JK', '2025-02-18', '590.0', '595.0', '600.0', '585.0'),
    ('HMSP.JK', '2025-02-19', '595.0', '590.0', '600.0', '590.0'),
    ('HMSP.JK', '2025-02-20', '590.0', '585.0', '590.0', '575.0'),
    ('HMSP.JK', '2025-02-21', '585.0', '580.0', '585.0', '575.0'),
    ('HMSP.JK', '2025-02-24', '580.0', '575.0', '585.0', '570.0'),
    ('HMSP.JK', '2025-02-25', '575.0', '560.0', '585.0', '560.0'),
    ('HMSP.JK', '2025-02-26', '560.0', '560.0', '575.0', '555.0'),
    ('HMSP.JK', '2025-02-27', '560.0', '550.0', '570.0', '540.0'),
    ('HMSP.JK', '2025-02-28', '550.0', '530.0', '550.0', '530.0'),
    ('HMSP.JK', '2025-03-03', '530.0', '530.0', '540.0', '515.0'),
    ('HMSP.JK', '2025-03-04', '530.0', '530.0', '535.0', '515.0'),
    ('HMSP.JK', '2025-03-05', '530.0', '535.0', '545.0', '530.0'),
    ('HMSP.JK', '2025-03-06', '535.0', '550.0', '565.0', '535.0'),
    ('HMSP.JK', '2025-03-07', '550.0', '540.0', '555.0', '540.0'),
    ('HMSP.JK', '2025-03-10', '545.0', '535.0', '545.0', '525.0'),
    ('HMSP.JK', '2025-03-11', '530.0', '525.0', '530.0', '520.0'),
    ('HMSP.JK', '2025-03-12', '530.0', '530.0', '535.0', '520.0'),
    ('HMSP.JK', '2025-03-13', '530.0', '525.0', '535.0', '520.0'),
    ('HMSP.JK', '2025-03-14', '525.0', '525.0', '535.0', '520.0'),
    ('HMSP.JK', '2025-03-17', '525.0', '570.0', '580.0', '525.0'),
    ('HMSP.JK', '2025-03-18', '575.0', '550.0', '580.0', '530.0'),
    ('HMSP.JK', '2025-03-19', '550.0', '555.0', '565.0', '540.0'),
    ('HMSP.JK', '2025-03-20', '565.0', '555.0', '565.0', '545.0'),
    ('HMSP.JK', '2025-03-21', '555.0', '535.0', '555.0', '535.0'),
    ('HMSP.JK', '2025-03-24', '535.0', '530.0', '540.0', '525.0'),
    ('HMSP.JK', '2025-03-25', '530.0', '540.0', '545.0', '530.0'),
    ('HMSP.JK', '2025-03-26', '540.0', '555.0', '565.0', '540.0'),
    ('HMSP.JK', '2025-03-27', '555.0', '550.0', '565.0', '545.0'),
    ('HMSP.JK', '2025-04-08', '510.0', '510.0', '520.0', '496.0'),
    ('HMSP.JK', '2025-04-09', '510.0', '535.0', '545.0', '505.0'),
    ('HMSP.JK', '2025-04-10', '545.0', '560.0', '580.0', '540.0'),
    ('HMSP.JK', '2025-04-11', '550.0', '555.0', '560.0', '545.0'),
    ('HMSP.JK', '2025-04-14', '555.0', '570.0', '575.0', '555.0'),
    ('HMSP.JK', '2025-04-15', '570.0', '570.0', '585.0', '560.0'),
    ('HMSP.JK', '2025-04-16', '560.0', '560.0', '570.0', '560.0'),
    ('HMSP.JK', '2025-04-17', '560.0', '570.0', '575.0', '560.0'),
    ('HMSP.JK', '2025-04-21', '570.0', '575.0', '585.0', '570.0'),
    ('HMSP.JK', '2025-04-22', '580.0', '580.0', '580.0', '570.0'),
    ('HMSP.JK', '2025-04-23', '575.0', '570.0', '580.0', '565.0'),
    ('HMSP.JK', '2025-04-24', '575.0', '600.0', '605.0', '575.0'),
    ('HMSP.JK', '2025-04-25', '600.0', '630.0', '635.0', '600.0'),
    ('HMSP.JK', '2025-04-28', '630.0', '620.0', '635.0', '615.0'),
    ('HMSP.JK', '2025-04-29', '620.0', '625.0', '635.0', '615.0'),
    ('HMSP.JK', '2025-04-30', '600.0', '600.0', '610.0', '590.0'),
    ('HMSP.JK', '2025-05-02', '600.0', '600.0', '615.0', '600.0'),
    ('HMSP.JK', '2025-05-05', '600.0', '600.0', '610.0', '595.0'),
    ('HMSP.JK', '2025-05-06', '605.0', '605.0', '615.0', '600.0'),
    ('HMSP.JK', '2025-05-07', '605.0', '605.0', '610.0', '600.0'),
    ('HMSP.JK', '2025-05-08', '605.0', '605.0', '610.0', '600.0'),
    ('HMSP.JK', '2025-05-09', '605.0', '605.0', '610.0', '600.0'),
    ('ITMG.JK', '2024-05-13', '23488.27717735801', '23536.017578125', '23750.849381576445', '22939.26256853765'),
    ('ITMG.JK', '2024-05-14', '23488.27767857143', '23392.796875', '23679.239285714288', '23392.796875'),
    ('ITMG.JK', '2024-05-15', '23440.53466189056', '23010.87109375', '23488.27505835062', '23010.87109375'),
    ('ITMG.JK', '2024-05-16', '23058.61311579933', '23106.353515625', '23201.83431527634', '23010.872715973655'),
    ('ITMG.JK', '2024-05-17', '23106.352949766355', '22987.001953125', '23154.093348422895', '22963.13175379673'),
    ('ITMG.JK', '2024-05-20', '22987.002025314425', '23249.57421875', '23368.92521576617', '22987.002025314425'),
    ('ITMG.JK', '2024-05-21', '23321.185148195877', '23154.09375', '23631.49774484536', '23010.872551546392'),
    ('ITMG.JK', '2024-05-22', '23392.79451438849', '23225.703125', '23392.79451438849', '23106.35213257965'),
    ('ITMG.JK', '2024-05-27', '23225.704349226806', '23154.09375', '23297.314948453608', '23154.09375'),
    ('ITMG.JK', '2024-05-28', '23154.091636123972', '23201.83203125', '23297.31282150206', '23154.091636123972'),
    ('ITMG.JK', '2024-05-29', '23225.702962740383', '23273.443359375', '23392.79435096154', '23201.832764423078'),
    ('ITMG.JK', '2024-05-30', '23273.44439856275', '23822.458984375', '23870.199383141284', '23034.74240473134'),
    ('ITMG.JK', '2024-05-31', '23846.328125', '23846.328125', '24061.15990990991', '23607.626141766767'),
    ('ITMG.JK', '2024-06-03', '23870.19751920218', '24085.029296875', '24085.029296875', '23679.23593904856'),
    ('ITMG.JK', '2024-06-04', '24085.031647929995', '24252.123046875', '24443.08464566929', '24037.29124823142'),
    ('ITMG.JK', '2024-06-05', '24085.03151133363', '23726.978515625', '24108.901711047536', '23679.238116197186'),
    ('ITMG.JK', '2024-06-06', '23726.977376302082', '23488.275390625', '23726.977376302082', '23464.405192057293'),
    ('ITMG.JK', '2024-06-07', '23488.27490530303', '23631.49609375', '23631.49609375', '23464.404707228536'),
    ('ITMG.JK', '2024-06-10', '23631.498148829323', '23321.185546875', '23631.498148829323', '23154.094145822673'),
    ('ITMG.JK', '2024-06-11', '23368.924067200467', '23010.87109375', '23368.924067200467', '23010.87109375'),
    ('ITMG.JK', '2024-06-12', '23010.870450745886', '23201.83203125', '23225.702228813014', '22987.00025318287'),
    ('ITMG.JK', '2024-06-13', '23201.83431527634', '23106.353515625', '23249.574715102015', '23106.353515625'),
    ('ITMG.JK', '2024-06-14', '23154.09244656315', '22963.130859375', '23177.962644961666', '22915.39046257796'),
    ('ITMG.JK', '2024-06-19', '22963.130448298427', '22796.0390625', '23034.74104221204', '22509.59668684555'),
    ('ITMG.JK', '2024-06-20', '22819.91015625', '22819.91015625', '22915.390951882844', '22772.169758433578'),
    ('ITMG.JK', '2024-06-21', '22819.910953608247', '23154.09375', '23297.314948453608', '22819.910953608247'),
    ('ITMG.JK', '2024-06-24', '23154.092940964958', '22819.91015625', '23154.092940964958', '22796.03995734179'),
    ('ITMG.JK', '2024-06-25', '22867.64956716764', '22533.466796875', '22915.38996292373', '22533.466796875'),
    ('ITMG.JK', '2024-06-26', '22581.206551175157', '22724.427734375', '22772.168128774945', '22533.46615677521'),
    ('ITMG.JK', '2024-06-27', '22724.429851973684', '22676.689453125', '22748.300051398026', '22557.33845600329'),
    ('ITMG.JK', '2024-06-28', '22676.68896280073', '22819.91015625', '22891.520752974633', '22652.81876389252'),
    ('ITMG.JK', '2024-07-01', '22891.520506806773', '23177.962890625', '23297.313883882594', '22891.520506806773'),
    ('ITMG.JK', '2024-07-02', '23177.96344140625', '23870.19921875', '23989.550214843748', '23177.96344140625'),
    ('ITMG.JK', '2024-07-03', '23870.198567708332', '24634.044921875', '24705.655517578125', '23870.198567708332'),
    ('ITMG.JK', '2024-07-04', '24634.043797801147', '24968.2265625', '25087.577549892445', '24634.043797801147'),
    ('ITMG.JK', '2024-07-05', '24992.09675997849', '24968.2265625', '25397.89011711281', '24657.913995279636'),
    ('ITMG.JK', '2024-07-08', '24944.35881159856', '24825.0078125', '25111.450210336538', '24657.916413762017'),
    ('ITMG.JK', '2024-07-09', '24801.136229034037', '24371.47265625', '24920.487221474046', '24371.47265625'),
    ('ITMG.JK', '2024-07-10', '24371.47322353192', '24490.82421875', '24729.52620918616', '24371.47322353192'),
    ('ITMG.JK', '2024-07-11', '24634.04590992647', '24347.603515625', '24705.656508501837', '24347.603515625'),
    ('ITMG.JK', '2024-07-12', '24395.34375', '24395.34375', '24586.30534491194', '24180.511955724072'),
    ('ITMG.JK', '2024-07-15', '24395.343914675246', '24347.603515625', '24514.694912300856', '24228.252517999386'),
    ('ITMG.JK', '2024-07-16', '24466.953049735068', '24777.265625', '24992.097407875724', '24466.953049735068'),
    ('ITMG.JK', '2024-07-17', '24825.006510416668', '24634.044921875', '24896.617106119793', '24586.304524739586'),
    ('ITMG.JK', '2024-07-18', '24634.04468123209', '24992.09765625', '25015.967854584527', '24419.212896221346'),
    ('ITMG.JK', '2024-07-19', '25063.7090598492', '25326.28125', '25445.63224552309', '25039.83886074458'),
    ('ITMG.JK', '2024-07-22', '25397.892067527424', '26113.998046875', '26113.998046875', '25350.15166890425'),
    ('ITMG.JK', '2024-07-23', '26113.99639789517', '25445.630859375', '26663.01094739388', '25445.630859375'),
    ('ITMG.JK', '2024-07-24', '25445.63381315228', '25159.19140625', '25612.725217178606', '25159.19140625'),
    ('ITMG.JK', '2024-07-25', '25159.190442808303', '24872.748046875', '25517.24343772493', '24681.786449586132'),
    ('ITMG.JK', '2024-07-26', '24872.746907552086', '25206.9296875', '25206.9296875', '24848.876708984375'),
    ('ITMG.JK', '2024-07-29', '25206.929441260745', '24992.09765625', '25469.501622940545', '24992.09765625'),
    ('ITMG.JK', '2024-07-30', '25015.97020279886', '25159.19140625', '25421.763612577088', '25015.97020279886'),
    ('ITMG.JK', '2024-07-31', '25278.540610889973', '25111.44921875', '25302.410809767112', '24872.747229978613'),
    ('ITMG.JK', '2024-08-01', '25159.18953198357', '25421.76171875', '25541.112712734743', '25159.18953198357'),
    ('ITMG.JK', '2024-08-02', '25302.411521084337', '25755.9453125', '25755.9453125', '25206.930722891568'),
    ('ITMG.JK', '2024-08-05', '25684.335282012195', '24466.955078125', '25684.335282012195', '24252.123277439023'),
    ('ITMG.JK', '2024-08-06', '24586.304442642017', '24371.47265625', '24848.87662601004', '24108.90047288198'),
    ('ITMG.JK', '2024-08-07', '24443.083333333336', '24634.044921875', '24872.746907552086', '24443.083333333336'),
    ('ITMG.JK', '2024-08-08', '24681.786215059296', '24657.916015625', '24968.228608270812', '24443.084220716362'),
    ('ITMG.JK', '2024-08-09', '24777.26791057181', '24681.787109375', '24968.229512965423', '24586.30630817819'),
    ('ITMG.JK', '2024-08-12', '24753.39663191985', '25278.541015625', '25397.892011921624', '24753.39663191985'),
    ('ITMG.JK', '2024-08-13', '25374.02260928763', '25612.724609375', '25708.205409409948', '25374.02260928763'),
    ('ITMG.JK', '2024-08-14', '24992.09749426537', '25039.837890625', '25206.9292778837', '24848.876305186488'),
    ('ITMG.JK', '2024-08-15', '25039.838949188932', '25015.96875', '25111.449546755724', '24896.617754055344'),
    ('ITMG.JK', '2024-08-16', '25111.449784176915', '25230.80078125', '25493.372974810787', '25111.449784176915'),
    ('ITMG.JK', '2024-08-19', '25254.670816365673', '25278.541015625', '25326.28141414365', '25015.968823772426'),
    ('ITMG.JK', '2024-08-20', '25278.540283203125', '25206.9296875', '25350.15087890625', '25183.059488932293'),
    ('ITMG.JK', '2024-08-21', '25254.670165329193', '25469.501953125', '25588.85294634489', '25206.929768041235'),
    ('ITMG.JK', '2024-08-22', '25374.020996550513', '25517.2421875', '25612.722981466322', '25111.448813143124'),
    ('ITMG.JK', '2024-08-23', '25517.242350412955', '25469.501953125', '25851.425131428656', '25421.76155583704'),
    ('ITMG.JK', '2024-08-26', '25469.503801359955', '25779.81640625', '25851.427007378472', '25469.503801359955'),
    ('ITMG.JK', '2024-08-27', '25923.037608506944', '25779.81640625', '25970.77800925926', '25588.85480324074'),
    ('ITMG.JK', '2024-08-28', '25779.814695247933', '25994.646484375', '25994.646484375', '25779.814695247933'),
    ('ITMG.JK', '2024-08-29', '25994.646647884085', '25946.90625', '26495.920825666974', '25875.29565317387'),
    ('ITMG.JK', '2024-08-30', '25946.90608679121', '25994.646484375', '26113.99747833448', '25851.425291623622'),
    ('ITMG.JK', '2024-09-02', '26352.69994918699', '26424.310546875', '26853.97413300305', '26328.829749957655'),
    ('ITMG.JK', '2024-09-03', '26567.53035423224', '26543.66015625', '26901.713125983588', '26448.179364321044'),
    ('ITMG.JK', '2024-09-04', '26448.18034090909', '26257.21875', '26663.01213068182', '26233.34855113636'),
    ('ITMG.JK', '2024-09-05', '26257.220475767645', '26042.388671875', '26400.44167836274', '25899.167469279902'),
    ('ITMG.JK', '2024-09-06', '26066.25708075069', '25994.646484375', '26257.21867108586', '25970.776285583102'),
    ('ITMG.JK', '2024-09-09', '26018.516683166898', '25994.646484375', '26161.737875918276', '25875.29549041552'),
    ('ITMG.JK', '2024-09-10', '26097.63671875', '26097.63671875', '26222.62540035321', '25997.645773467433'),
    ('ITMG.JK', '2024-09-11', '26022.644221379207', '25997.646484375', '26097.637432391824', '25972.648747370793'),
    ('ITMG.JK', '2024-09-12', '25997.64529028436', '26372.611328125', '26547.5954791173', '25997.64529028436'),
    ('ITMG.JK', '2024-09-13', '26372.611102621064', '26197.626953125', '26372.611102621064', '26122.633746198113'),
    ('ITMG.JK', '2024-09-17', '26197.62847558027', '25847.66015625', '26222.62621267529', '25797.664682059964'),
    ('ITMG.JK', '2024-09-18', '25972.647815965527', '25922.65234375', '26147.631968719867', '25897.65460764224'),
    ('ITMG.JK', '2024-09-19', '25922.65327336238', '25997.646484375', '26122.63516939603', '25897.655536358172'),
    ('ITMG.JK', '2024-09-20', '25997.64524010618', '25897.654296875', '26072.63844752956', '25847.658825259412'),
    ('ITMG.JK', '2024-09-23', '25997.646698901623', '26172.630859375', '26222.626333795964', '25997.646698901623'),
    ('ITMG.JK', '2024-09-24', '26247.623304629415', '26897.564453125', '26922.5621896056', '26247.623304629415'),
    ('ITMG.JK', '2024-09-25', '26897.56369286051', '26522.59765625', '27072.547843278746', '26497.599920475965'),
    ('ITMG.JK', '2024-09-26', '26597.592511792453', '26497.6015625', '26697.58346108491', '26297.619663915095'),
    ('ITMG.JK', '2024-09-27', '26497.6015625', '26497.6015625', '26547.597037146228', '25847.660392099056'),
    ('ITMG.JK', '2024-09-30', '26497.601252655808', '26472.603515625', '26672.58541187146', '26047.641986101276'),
    ('ITMG.JK', '2024-10-01', '26447.606184031072', '26347.615234375', '26447.606184031072', '26022.644647992765'),
    ('ITMG.JK', '2024-10-02', '26347.61511617435', '26022.64453125', '26347.61511617435', '25997.646793948126'),
    ('ITMG.JK', '2024-10-03', '26072.63898242936', '26097.63671875', '26172.629927711925', '25947.65030082615'),
    ('ITMG.JK', '2024-10-04', '26097.63712102984', '25972.6484375', '26147.632594441773', '25947.650700794034'),
    ('ITMG.JK', '2024-10-07', '26397.6103988604', '26322.6171875', '26647.587770061727', '26147.63302765907'),
    ('ITMG.JK', '2024-10-08', '26397.60892514395', '26047.640625', '26547.595339491363', '26047.640625'),
    ('ITMG.JK', '2024-10-09', '26047.640625', '26047.640625', '26047.640625', '25897.654210652592'),
    ('ITMG.JK', '2024-10-10', '26047.642268551874', '26022.64453125', '26122.635480457495', '25847.660370136888'),
    ('ITMG.JK', '2024-10-11', '26122.6342326121', '25922.65234375', '26122.6342326121', '25922.65234375'),
    ('ITMG.JK', '2024-10-14', '25972.648127032153', '25947.650390625', '25997.645863439306', '25847.65944499639'),
    ('ITMG.JK', '2024-10-15', '25947.650917184514', '26147.6328125', '26297.619233986617', '25872.657706441205'),
    ('ITMG.JK', '2024-10-16', '26322.61716105537', '25847.66015625', '26322.61716105537', '25847.66015625'),
    ('ITMG.JK', '2024-10-17', '25897.654917810694', '25947.650390625', '26122.634545475074', '25897.654917810694'),
    ('ITMG.JK', '2024-10-18', '25947.65007985776', '25922.65234375', '26047.641024288812', '25922.65234375'),
    ('ITMG.JK', '2024-10-21', '25997.646890096617', '25872.658203125', '25997.646890096617', '25872.658203125'),
    ('ITMG.JK', '2024-10-22', '25897.65460764224', '25922.65234375', '25922.65234375', '25847.65913542671'),
    ('ITMG.JK', '2024-10-23', '25922.653150103455', '25672.67578125', '25922.653150103455', '25647.678044364653'),
    ('ITMG.JK', '2024-10-24', '25697.673518135347', '25672.67578125', '25797.664465676728', '25672.67578125'),
    ('ITMG.JK', '2024-10-25', '25697.673611961312', '25522.689453125', '25697.673611961312', '25497.691716148387'),
    ('ITMG.JK', '2024-10-28', '25497.691716148387', '25522.689453125', '25547.687190101617', '25197.71887242899'),
    ('ITMG.JK', '2024-10-29', '25522.68852069008', '25447.6953125', '25522.68852069008', '25272.711160056486'),
    ('ITMG.JK', '2024-10-30', '25447.695491115806', '25147.72265625', '25447.695491115806', '24997.7362388171'),
    ('ITMG.JK', '2024-10-31', '25147.72368052094', '25072.73046875', '25472.694264861664', '25072.73046875'),
    ('ITMG.JK', '2024-11-01', '25072.729882812502', '25497.69140625', '25497.69140625', '25072.729882812502'),
    ('ITMG.JK', '2024-11-04', '25497.690648320895', '25122.724609375', '25497.690648320895', '25097.726873445274'),
    ('ITMG.JK', '2024-11-05', '25147.72349137931', '25372.703125', '25422.69859913793', '25147.72349137931'),
    ('ITMG.JK', '2024-11-06', '25497.692218440592', '25247.71484375', '25497.692218440592', '25122.726156404704'),
    ('ITMG.JK', '2024-11-07', '25247.7131153208', '25422.697265625', '25422.697265625', '25022.733493501106'),
    ('ITMG.JK', '2024-11-08', '25422.699006033414', '25247.71484375', '25472.694480971535', '25222.71710628094'),
    ('ITMG.JK', '2024-11-11', '25197.718128727633', '25147.72265625', '25397.70001863817', '25122.724920011184'),
    ('ITMG.JK', '2024-11-12', '25147.723610013378', '25697.673828125', '25847.660251246354', '25122.725872826486'),
    ('ITMG.JK', '2024-11-13', '26497.599780832537', '26197.626953125', '26572.59298775942', '25972.647332344346'),
    ('ITMG.JK', '2024-11-14', '26322.616877450688', '26297.619140625', '26397.610087927755', '26197.62819332224'),
    ('ITMG.JK', '2024-11-15', '26297.619663915095', '26497.6015625', '26547.597037146228', '26297.619663915095'),
    ('ITMG.JK', '2024-11-18', '26497.600056738826', '26847.568359375', '26972.557038887917', '26497.600056738826'),
    ('ITMG.JK', '2024-11-19', '26847.569693038713', '26797.57421875', '26897.565167327426', '26522.599110162082'),
    ('ITMG.JK', '2024-11-20', '26697.58203125', '26697.58203125', '26772.57523920295', '26597.591087312736'),
    ('ITMG.JK', '2024-11-21', '26697.582598458903', '27372.521484375', '27897.47395119863', '26697.582598458903'),
    ('ITMG.JK', '2024-11-22', '27422.51629584079', '27947.46875', '27997.464221824688', '27422.51629584079'),
    ('ITMG.JK', '2024-11-25', '27947.47027499434', '27597.501953125', '27947.47027499434', '27322.526843084805'),
    ('ITMG.JK', '2024-11-26', '27622.499474774955', '27422.517578125', '27847.479108506155', '27397.519841043755'),
    ('ITMG.JK', '2024-11-28', '27447.513757726647', '27297.52734375', '27497.509229052197', '27197.5364010989'),
    ('ITMG.JK', '2024-11-29', '27297.529058689022', '26647.587890625', '27297.529058689022', '26622.590153391768'),
    ('ITMG.JK', '2024-12-02', '26647.587088319004', '26897.564453125', '27347.52370977579', '26647.587088319004'),
    ('ITMG.JK', '2024-12-03', '26897.564979243543', '27097.546875', '27222.535559847787', '26897.564979243543'),
    ('ITMG.JK', '2024-12-04', '27197.53693181818', '27497.509765625', '27672.493918678978', '27197.53693181818'),
    ('ITMG.JK', '2024-12-05', '27497.511099726777', '27447.515625', '27597.50204918033', '27122.545039275956'),
    ('ITMG.JK', '2024-12-06', '27447.514821186825', '27697.4921875', '27822.48087065659', '27372.521611292872'),
    ('ITMG.JK', '2024-12-09', '27697.492096330792', '27847.478515625', '27897.47398872307', '27497.510203938513'),
    ('ITMG.JK', '2024-12-10', '27847.478825672646', '27872.4765625', '27897.474299327354', '27697.492404708522'),
    ('ITMG.JK', '2024-12-11', '27872.476685436057', '28197.447265625', '28647.406530501994', '27872.476685436057'),
    ('ITMG.JK', '2024-12-12', '28197.44704783675', '28022.462890625', '28372.431205048506', '27797.483259924174'),
    ('ITMG.JK', '2024-12-13', '28022.462671468245', '27847.478515625', '28197.44682731149', '27722.489832879826'),
    ('ITMG.JK', '2024-12-16', '27797.48375563063', '27747.48828125', '27822.481492820945', '27347.524486204955'),
    ('ITMG.JK', '2024-12-17', '27747.48794079702', '27247.533203125', '27747.48794079702', '27047.551308056194'),
    ('ITMG.JK', '2024-12-18', '27247.531958592313', '27147.541015625', '27472.51158026876', '26897.563658206724'),
    ('ITMG.JK', '2024-12-19', '27072.54930110399', '26322.6171875', '27072.54930110399', '26322.6171875'),
    ('ITMG.JK', '2024-12-20', '26322.617036376716', '25522.689453125', '26597.59214311949', '25497.691716148387'),
    ('ITMG.JK', '2024-12-23', '25622.67999779179', '25647.677734375', '25772.66641729106', '25297.70942221004'),
    ('ITMG.JK', '2024-12-24', '25597.681818181816', '25297.708984375', '25597.681818181816', '25297.708984375'),
    ('ITMG.JK', '2024-12-27', '25397.700888539654', '25847.66015625', '25947.651104630077', '25397.700888539654'),
    ('ITMG.JK', '2024-12-30', '25847.65900778324', '26697.58203125', '26697.58203125', '25597.681647940077'),
    ('ITMG.JK', '2025-01-02', '26522.59918032175', '26172.630859375', '26722.58107800561', '26172.630859375'),
    ('ITMG.JK', '2025-01-03', '26172.630456496554', '26297.619140625', '26497.601035230513', '26047.641772368108'),
    ('ITMG.JK', '2025-01-06', '26297.61879239341', '25797.6640625', '26347.614265382752', '25797.6640625'),
    ('ITMG.JK', '2025-01-07', '25797.6640625', '25797.6640625', '25947.650481468023', '25572.684434047966'),
    ('ITMG.JK', '2025-01-08', '25797.664655172415', '25372.703125', '25822.66239224138', '25372.703125'),
    ('ITMG.JK', '2025-01-09', '25422.697665127842', '25297.708984375', '25497.690873579544', '25272.71124822443'),
    ('ITMG.JK', '2025-01-10', '25297.708673343226', '25272.7109375', '25447.695088402572', '25122.724522440654'),
    ('ITMG.JK', '2025-01-13', '25372.703219849478', '25222.716796875', '25472.694168499133', '24972.739425250867'),
    ('ITMG.JK', '2025-01-14', '25697.674020361712', '25397.701171875', '25822.66270723118', '25297.710222379428'),
    ('ITMG.JK', '2025-01-15', '25397.699666262135', '25747.66796875', '25747.66796875', '25397.699666262135'),
    ('ITMG.JK', '2025-01-16', '25872.657799353965', '25997.646484375', '26172.630643404445', '25747.669114332934'),
    ('ITMG.JK', '2025-01-17', '25997.645773467433', '26097.63671875', '26147.632191391283', '25922.652564505508'),
    ('ITMG.JK', '2025-01-20', '26147.631654952944', '25897.654296875', '26372.611277223095', '25797.663353643824'),
    ('ITMG.JK', '2025-01-21', '26022.64381915371', '26122.634765625', '26297.61892194976', '25947.65060930024'),
    ('ITMG.JK', '2025-01-22', '26147.632320985096', '26422.607421875', '26572.593840542217', '26122.634584540563'),
    ('ITMG.JK', '2025-01-23', '26422.607111150566', '26397.609375', '26622.589000355114', '26322.616166548294'),
    ('ITMG.JK', '2025-01-24', '26397.6103988604', '26322.6171875', '26497.601347340933', '26297.61945037987'),
    ('ITMG.JK', '2025-01-30', '26297.61806979971', '25897.654296875', '26297.61806979971', '25797.663353643824'),
    ('ITMG.JK', '2025-01-31', '25897.655940519322', '25872.658203125', '25897.655940519322', '25547.68761699879'),
    ('ITMG.JK', '2025-02-03', '25872.656783691873', '26072.638671875', '26072.638671875', '25672.674895508746'),
    ('ITMG.JK', '2025-02-04', '26072.64010227959', '25872.658203125', '26147.63331446256', '25822.662728336352'),
    ('ITMG.JK', '2025-02-05', '26497.599868042227', '26047.640625', '26497.599868042227', '25847.658739203453'),
    ('ITMG.JK', '2025-02-06', '26047.64097802063', '25447.6953125', '26047.64097802063', '25297.708896119842'),
    ('ITMG.JK', '2025-02-07', '25472.693886167235', '25672.67578125', '25972.64862387415', '25072.730096001706'),
    ('ITMG.JK', '2025-02-10', '25822.66217137897', '25197.71875', '25822.66217137897', '25197.71875'),
    ('ITMG.JK', '2025-02-11', '25197.719155034894', '25072.73046875', '25322.707841319792', '25047.732731493023'),
    ('ITMG.JK', '2025-02-12', '25697.673392813118', '25347.705078125', '25697.673392813118', '25022.73450020032'),
    ('ITMG.JK', '2025-02-13', '25347.70405835177', '25422.697265625', '25422.697265625', '25097.726700774336'),
    ('ITMG.JK', '2025-02-14', '25372.702016830444', '25597.681640625', '25597.681640625', '25372.702016830444'),
    ('ITMG.JK', '2025-02-17', '25597.68124392614', '25722.669921875', '25722.669921875', '25372.701623618195'),
    ('ITMG.JK', '2025-02-18', '25722.670543237753', '25772.666015625', '25972.64790517398', '25672.67507085051'),
    ('ITMG.JK', '2025-02-19', '25772.66703968568', '25697.673828125', '25972.648937180813', '25572.68514219054'),
    ('ITMG.JK', '2025-02-20', '25697.673802960853', '25222.716796875', '25722.671540123265', '25197.71905971259'),
    ('ITMG.JK', '2025-02-21', '25247.713201656778', '25272.7109375', '25397.699616716123', '25097.726786597428'),
    ('ITMG.JK', '2025-02-24', '25272.711960565477', '25197.71875', '25322.707434275795', '25097.727802579368'),
    ('ITMG.JK', '2025-02-25', '25172.720258607125', '24822.751953125', '25247.71346692472', '24697.76327259567'),
    ('ITMG.JK', '2025-02-26', '24772.75656978217', '24672.765625', '24997.736195542046', '24397.79052684904'),
    ('ITMG.JK', '2025-02-27', '24697.76327259567', '24822.751953125', '25472.693091877518', '24647.767800383936'),
    ('ITMG.JK', '2025-02-28', '24822.751625543908', '23697.853515625', '24822.751625543908', '23597.862572521095'),
    ('ITMG.JK', '2025-03-03', '23722.85138771462', '24022.82421875', '24247.803842026537', '23722.85138771462'),
    ('ITMG.JK', '2025-03-04', '23997.826381365114', '23072.91015625', '24097.8173246208', '22997.916948808233'),
    ('ITMG.JK', '2025-03-05', '23122.90554149287', '23222.896484375', '23422.878370139264', '23072.910070051803'),
    ('ITMG.JK', '2025-03-06', '23372.884360455453', '23497.873046875', '23697.854945146275', '23322.888885887634'),
    ('ITMG.JK', '2025-03-07', '23522.869365193168', '23697.853515625', '23772.846722952927', '23347.88521476134'),
    ('ITMG.JK', '2025-03-10', '23797.844372379455', '23847.83984375', '23847.83984375', '23272.891922988732'),
    ('ITMG.JK', '2025-03-11', '23647.85857413703', '23897.8359375', '23897.8359375', '23097.908374738494'),
    ('ITMG.JK', '2025-03-12', '23722.85183312634', '23272.892578125', '23722.85183312634', '23197.899368958108'),
    ('ITMG.JK', '2025-03-13', '23297.889915531516', '23397.880859375', '23397.880859375', '23022.914819961938'),
    ('ITMG.JK', '2025-03-14', '23247.89493243243', '23122.90625', '23322.88814189189', '23047.91304054054'),
    ('ITMG.JK', '2025-03-17', '23122.905715393266', '22922.923828125', '23172.901187210333', '22897.92609221647'),
    ('ITMG.JK', '2025-03-18', '22922.92441189236', '22497.962890625', '23097.90856770833', '22347.976471354166'),
    ('ITMG.JK', '2025-03-19', '22497.96280008278', '22647.94921875', '22797.935637417217', '22397.971854304633'),
    ('ITMG.JK', '2025-03-20', '22747.9393678357', '22897.92578125', '23197.898608078605', '22722.94163226665'),
    ('ITMG.JK', '2025-03-21', '22997.91730394883', '22472.96484375', '23097.90824874861', '22472.96484375'),
    ('ITMG.JK', '2025-03-24', '22472.96520982143', '21873.01953125', '22547.958419642855', '21398.062535714285'),
    ('ITMG.JK', '2025-03-25', '21898.016608087415', '22447.966796875', '22472.96453272898', '21898.016608087415'),
    ('ITMG.JK', '2025-03-26', '22497.96262254902', '22947.921875', '23047.912819989106', '22447.96715005447'),
    ('ITMG.JK', '2025-03-27', '22947.921875', '22947.921875', '23072.910556236384', '22747.93998502179'),
    ('ITMG.JK', '2025-04-08', '21998.00758877434', '21823.0234375', '22272.982683634018', '21398.06192726231'),
    ('ITMG.JK', '2025-04-09', '21898.016739846324', '22772.9375', '22847.930708013173', '21848.021267837543'),
    ('ITMG.JK', '2025-04-10', '23297.890314513963', '23272.892578125', '23597.863151181526', '23072.910687013293'),
    ('ITMG.JK', '2025-04-11', '23272.892179570645', '23397.880859375', '23497.871803218484', '23147.903499766293'),
    ('ITMG.JK', '2025-04-14', '23697.853531376008', '24797.75390625', '24847.74937783518', '23672.855795583415'),
    ('ITMG.JK', '2025-04-15', '24897.74556395496', '24697.763671875', '25172.720665564902', '24622.770462345015'),
    ('ITMG.JK', '2025-04-16', '24722.762123666158', '24597.7734375', '24997.737233231706', '24422.789276867377'),
    ('ITMG.JK', '2025-04-17', '24647.767491494455', '24797.75390625', '24797.75390625', '24497.78107673891'),
    ('ITMG.JK', '2025-04-21', '22600.0', '22175.0', '22650.0', '22175.0'),
    ('ITMG.JK', '2025-04-22', '22050.0', '22325.0', '22350.0', '22025.0'),
    ('ITMG.JK', '2025-04-23', '22450.0', '22300.0', '22600.0', '22275.0'),
    ('ITMG.JK', '2025-04-24', '22325.0', '22050.0', '22450.0', '22050.0'),
    ('ITMG.JK', '2025-04-25', '22225.0', '22100.0', '22225.0', '21950.0'),
    ('ITMG.JK', '2025-04-28', '22175.0', '22075.0', '22300.0', '22000.0'),
    ('ITMG.JK', '2025-04-29', '22100.0', '22050.0', '22150.0', '22000.0'),
    ('ITMG.JK', '2025-04-30', '22100.0', '22000.0', '22100.0', '21950.0'),
    ('ITMG.JK', '2025-05-02', '22000.0', '21950.0', '22000.0', '21875.0'),
    ('ITMG.JK', '2025-05-05', '21975.0', '22050.0', '22050.0', '21900.0'),
    ('ITMG.JK', '2025-05-06', '22050.0', '22275.0', '22300.0', '22050.0'),
    ('ITMG.JK', '2025-05-07', '22325.0', '22350.0', '22450.0', '22300.0'),
    ('ITMG.JK', '2025-05-08', '22400.0', '22125.0', '22500.0', '22050.0'),
    ('ITMG.JK', '2025-05-09', '22125.0', '22100.0', '22150.0', '22050.0'),
    ('JPFA.JK', '2024-05-13', '1188.4040619472287', '1220.6475830078125', '1234.4662348909198', '1188.4040619472287'),
    ('JPFA.JK', '2024-05-14', '1216.0413435218977', '1262.103515625', '1275.9221672559306', '1202.222691890967'),
    ('JPFA.JK', '2024-05-15', '1266.7097328353102', '1262.103515625', '1285.134601676551', '1243.6786467837592'),
    ('JPFA.JK', '2024-05-16', '1262.1034181382922', '1326.5904541015625', '1340.4091046651206', '1262.1034181382922'),
    ('JPFA.JK', '2024-05-17', '1326.5906330265411', '1345.0155029296875', '1358.8341553570472', '1321.9844155507544'),
    ('JPFA.JK', '2024-05-20', '1345.0155029296875', '1345.0155029296875', '1354.2279378812607', '1298.9533281718216'),
    ('JPFA.JK', '2024-05-21', '1345.0153860172754', '1308.1656494140625', '1345.0153860172754', '1303.5594323386608'),
    ('JPFA.JK', '2024-05-22', '1308.1657229965158', '1321.984375', '1335.8030270034844', '1289.7408536585367'),
    ('JPFA.JK', '2024-05-27', '1321.9842568674396', '1285.134521484375', '1326.5904737903227', '1252.8910030241937'),
    ('JPFA.JK', '2024-05-28', '1285.1345854048295', '1266.709716796875', '1321.9843226207386', '1266.709716796875'),
    ('JPFA.JK', '2024-05-29', '1266.7097582135882', '1289.7408447265625', '1294.3470620291573', '1234.466237095424'),
    ('JPFA.JK', '2024-05-30', '1289.7408854166667', '1312.77197265625', '1312.77197265625', '1248.2849283854166'),
    ('JPFA.JK', '2024-05-31', '1317.3781221487227', '1262.103515625', '1331.1967737796533', '1262.103515625'),
    ('JPFA.JK', '2024-06-03', '1266.709748991243', '1257.497314453125', '1294.3470526055976', '1257.497314453125'),
    ('JPFA.JK', '2024-06-04', '1257.4972199470767', '1285.134521484375', '1298.9531722530241', '1248.2847861013106'),
    ('JPFA.JK', '2024-06-05', '1285.1346180674793', '1257.497314453125', '1285.1346180674793', '1252.891097184066'),
    ('JPFA.JK', '2024-06-06', '1257.4972883931705', '1229.8599853515625', '1257.4972883931705', '1220.6475510043597'),
    ('JPFA.JK', '2024-06-07', '1229.8600266400506', '1252.89111328125', '1262.10354793773', '1216.0413746553309'),
    ('JPFA.JK', '2024-06-10', '1252.891097184066', '1257.497314453125', '1280.5284007984203', '1248.2848799150067'),
    ('JPFA.JK', '2024-06-11', '1257.4972883931705', '1229.8599853515625', '1271.3159399139747', '1225.253768177961'),
    ('JPFA.JK', '2024-06-12', '1229.8600014134456', '1225.2537841796875', '1243.6786531147204', '1188.4040463096217'),
    ('JPFA.JK', '2024-06-13', '1225.2537841796875', '1225.2537841796875', '1243.6786531147204', '1211.4351324784127'),
    ('JPFA.JK', '2024-06-14', '1225.253790803658', '1188.404052734375', '1225.253790803658', '1174.5854009583938'),
    ('JPFA.JK', '2024-06-19', '1188.4039954450586', '1275.922119140625', '1289.7407702504513', '1183.7977784084499'),
    ('JPFA.JK', '2024-06-20', '1275.922087638609', '1285.134521484375', '1312.7718230216735', '1266.7096537928428'),
    ('JPFA.JK', '2024-06-21', '1298.953256785251', '1331.19677734375', '1331.19677734375', '1285.1346051173225'),
    ('JPFA.JK', '2024-06-24', '1331.1967454628436', '1340.4091796875', '1372.6526994737972', '1312.771877013531'),
    ('JPFA.JK', '2024-06-25', '1345.0154947916667', '1312.77197265625', '1358.8341471354167', '1298.9533203125'),
    ('JPFA.JK', '2024-06-26', '1312.7718926791486', '1335.802978515625', '1358.8340643521012', '1308.1656755118534'),
    ('JPFA.JK', '2024-06-27', '1340.4091956829202', '1335.802978515625', '1354.227847184806', '1331.1967613483296'),
    ('JPFA.JK', '2024-06-28', '1335.8030598958333', '1312.77197265625', '1345.0154947916667', '1312.77197265625'),
    ('JPFA.JK', '2024-07-01', '1317.3780630066126', '1349.62158203125', '1349.62158203125', '1308.1656289995735'),
    ('JPFA.JK', '2024-07-02', '1354.227847184806', '1335.802978515625', '1377.2589330212822', '1335.802978515625'),
    ('JPFA.JK', '2024-07-03', '1340.409237205376', '1358.8341064453125', '1358.8341064453125', '1331.1968025854078'),
    ('JPFA.JK', '2024-07-04', '1358.8340778839893', '1437.1397705078125', '1446.3522049341445', '1358.8340778839893'),
    ('JPFA.JK', '2024-07-05', '1460.170796976461', '1418.71484375', '1460.170796976461', '1414.1086267248377'),
    ('JPFA.JK', '2024-07-08', '1427.9273520711918', '1432.5335693359375', '1437.1397866006832', '1414.1087002769546'),
    ('JPFA.JK', '2024-07-09', '1432.53350578187', '1450.9583740234375', '1460.1708081442212', '1423.3210716610863'),
    ('JPFA.JK', '2024-07-10', '1450.9584383949207', '1432.5335693359375', '1460.1708729244122', '1427.9273520711918'),
    ('JPFA.JK', '2024-07-11', '1432.5334856951679', '1492.414306640625', '1492.414306640625', '1427.9272686993634'),
    ('JPFA.JK', '2024-07-12', '1492.414444961784', '1487.8082275390625', '1497.0206623845056', '1478.5957926936194'),
    ('JPFA.JK', '2024-07-15', '1492.414348938545', '1515.4454345703125', '1515.4454345703125', '1487.8081318121913'),
    ('JPFA.JK', '2024-07-16', '1515.4454345703125', '1515.4454345703125', '1520.051651696666', '1497.0205660648983'),
    ('JPFA.JK', '2024-07-17', '1515.4454447428384', '1547.68896484375', '1547.68896484375', '1483.201924641927'),
    ('JPFA.JK', '2024-07-18', '1552.295239616843', '1566.1138916015625', '1575.3263262580424', '1529.2641529756434'),
    ('JPFA.JK', '2024-07-19', '1566.1138173451411', '1552.295166015625', '1566.1138173451411', '1520.0516462467544'),
    ('JPFA.JK', '2024-07-22', '1552.2952718339727', '1556.9014892578125', '1570.7201415293316', '1529.2641847147745'),
    ('JPFA.JK', '2024-07-23', '1556.9013513435657', '1561.507568359375', '1561.507568359375', '1543.0827002961375'),
    ('JPFA.JK', '2024-07-24', '1561.5077066816523', '1556.9014892578125', '1561.5077066816523', '1529.2641847147745'),
    ('JPFA.JK', '2024-07-25', '1556.9014569450828', '1566.1138916015625', '1612.1760648839615', '1524.6579356474035'),
    ('JPFA.JK', '2024-07-26', '1566.1138496968285', '1543.082763671875', '1579.9325013118005', '1543.082763671875'),
    ('JPFA.JK', '2024-07-29', '1547.689029555723', '1529.26416015625', '1579.9325510048004', '1520.0517254565136'),
    ('JPFA.JK', '2024-07-30', '1529.264052353896', '1418.71484375', '1533.8702693790583', '1386.4713245738635'),
    ('JPFA.JK', '2024-07-31', '1409.5024555485422', '1510.8392333984375', '1515.4454505734327', '1404.896238373547'),
    ('JPFA.JK', '2024-08-01', '1520.051782911069', '1478.5958251953125', '1533.870435482988', '1446.352302527502'),
    ('JPFA.JK', '2024-08-02', '1460.1708503723144', '1473.989501953125', '1492.414370727539', '1437.1397644042968'),
    ('JPFA.JK', '2024-08-05', '1473.9894918130992', '1441.7459716796875', '1492.414360460763', '1423.3211030320238'),
    ('JPFA.JK', '2024-08-06', '1427.927299167799', '1483.201904296875', '1483.201904296875', '1427.927299167799'),
    ('JPFA.JK', '2024-08-07', '1487.808116196141', '1520.0516357421875', '1547.6889382102272', '1483.2018991181344'),
    ('JPFA.JK', '2024-08-08', '1515.4454028541588', '1524.6578369140625', '1547.6889220638218', '1510.839185824207'),
    ('JPFA.JK', '2024-08-09', '1533.8703421948471', '1469.38330078125', '1538.4765594386756', '1460.1708662935932'),
    ('JPFA.JK', '2024-08-12', '1473.9894386574074', '1492.414306640625', '1524.6578256112557', '1469.3832216616029'),
    ('JPFA.JK', '2024-08-13', '1492.4142950882297', '1460.1707763671875', '1501.6267290085273', '1450.95834244689'),
    ('JPFA.JK', '2024-08-14', '1469.3832102874853', '1460.1707763671875', '1478.595644207783', '1446.352125486741'),
    ('JPFA.JK', '2024-08-15', '1460.1708662935932', '1469.38330078125', '1492.4143870003918', '1450.9584318059365'),
    ('JPFA.JK', '2024-08-16', '1469.3832847595215', '1473.989501953125', '1483.201936340332', '1460.1708503723144'),
    ('JPFA.JK', '2024-08-19', '1473.9895341981132', '1464.777099609375', '1487.8081860812206', '1455.5646650206368'),
    ('JPFA.JK', '2024-08-20', '1464.777099609375', '1464.777099609375', '1497.0206206699588', '1464.777099609375'),
    ('JPFA.JK', '2024-08-21', '1464.7771649208798', '1446.352294921875', '1487.808252419636', '1446.352294921875'),
    ('JPFA.JK', '2024-08-22', '1446.3522304318985', '1464.777099609375', '1473.9895341981132', '1437.1397958431603'),
    ('JPFA.JK', '2024-08-23', '1460.170914662035', '1455.564697265625', '1473.9895668512656', '1455.564697265625'),
    ('JPFA.JK', '2024-08-26', '1460.1707763671875', '1460.1707763671875', '1464.7769933273364', '1450.95834244689'),
    ('JPFA.JK', '2024-08-27', '1460.1708137281012', '1520.0516357421875', '1529.2640698982007', '1460.1708137281012'),
    ('JPFA.JK', '2024-08-28', '1520.051667748428', '1510.8392333984375', '1533.8703192734138', '1487.8081475234612'),
    ('JPFA.JK', '2024-08-29', '1510.8393146526703', '1487.8082275390625', '1529.2641843435565', '1483.202010116341'),
    ('JPFA.JK', '2024-08-30', '1497.0206042442203', '1469.38330078125', '1510.8392559757053', '1460.1708662935932'),
    ('JPFA.JK', '2024-09-02', '1469.383374341536', '1414.1087646484375', '1473.989591815961', '1404.8963296995878'),
    ('JPFA.JK', '2024-09-03', '1418.7149580943433', '1455.564697265625', '1455.564697265625', '1404.8963059051127'),
    ('JPFA.JK', '2024-09-04', '1455.5646393604768', '1437.1397705078125', '1460.1708565736428', '1427.9273360814802'),
    ('JPFA.JK', '2024-09-05', '1441.746006503427', '1501.6268310546875', '1501.6268310546875', '1437.1397892302532'),
    ('JPFA.JK', '2024-09-06', '1487.8082602432585', '1478.5958251953125', '1510.839347863123', '1460.1709550994208'),
    ('JPFA.JK', '2024-09-09', '1478.5957514924823', '1464.777099609375', '1483.2019687868515', '1446.3522304318985'),
    ('JPFA.JK', '2024-09-10', '1464.777025204613', '1450.9583740234375', '1469.383242265005', '1446.3521569630457'),
    ('JPFA.JK', '2024-09-11', '1469.3832310267856', '1418.71484375', '1469.3832310267856', '1414.1086267248377'),
    ('JPFA.JK', '2024-09-12', '1423.3211669921875', '1423.3211669921875', '1441.7460364678145', '1418.7149496232807'),
    ('JPFA.JK', '2024-09-13', '1427.9272778003246', '1418.71484375', '1437.1397118506493', '1409.5024096996754'),
    ('JPFA.JK', '2024-09-17', '1418.714885870108', '1441.7459716796875', '1450.9584060035195', '1418.714885870108'),
    ('JPFA.JK', '2024-09-18', '1441.7460364678145', '1423.3211669921875', '1455.5646885745348', '1418.7149496232807'),
    ('JPFA.JK', '2024-09-19', '1427.9273843610943', '1423.3211669921875', '1432.533601730001', '1418.7149496232807'),
    ('JPFA.JK', '2024-09-20', '1418.7149016551482', '1437.1397705078125', '1441.7459877209785', '1414.1086844419822'),
    ('JPFA.JK', '2024-09-23', '1437.1397118506493', '1418.71484375', '1450.9583629261363', '1418.71484375'),
    ('JPFA.JK', '2024-09-24', '1418.714885870108', '1441.7459716796875', '1446.3521888416035', '1418.714885870108'),
    ('JPFA.JK', '2024-09-25', '1441.7460274601615', '1391.07763671875', '1446.3522448002898', '1368.0465500181085'),
    ('JPFA.JK', '2024-09-26', '1391.077523184823', '1317.3780517578125', '1404.8961740773875', '1303.559400865248'),
    ('JPFA.JK', '2024-09-27', '1326.5905283505153', '1340.4091796875', '1345.015396799828', '1317.3780941258592'),
    ('JPFA.JK', '2024-09-30', '1345.0153215196399', '1326.5904541015625', '1349.6215383741592', '1321.9842372470432'),
    ('JPFA.JK', '2024-10-01', '1326.5904541015625', '1326.5904541015625', '1340.4091046651206', '1317.378020392524'),
    ('JPFA.JK', '2024-10-02', '1335.8030270034844', '1321.984375', '1340.409244337979', '1303.559505662021'),
    ('JPFA.JK', '2024-10-03', '1321.9843112381873', '1340.4091796875', '1340.4091796875', '1312.771877013531'),
    ('JPFA.JK', '2024-10-04', '1340.4092117890355', '1331.19677734375', '1349.621646234321', '1321.9843428984645'),
    ('JPFA.JK', '2024-10-07', '1349.6216879085619', '1354.2279052734375', '1354.2279052734375', '1331.1968184490593'),
    ('JPFA.JK', '2024-10-08', '1354.2278891353285', '1358.8341064453125', '1368.0465410652807', '1340.409237205376'),
    ('JPFA.JK', '2024-10-09', '1358.8341553570472', '1345.0155029296875', '1363.4403728328339', '1340.4092854539008'),
    ('JPFA.JK', '2024-10-10', '1349.6216963961276', '1386.471435546875', '1391.0776529407185', '1335.803044214597'),
    ('JPFA.JK', '2024-10-11', '1386.4713614034972', '1372.6527099609375', '1400.290012846057', '1368.0464928134174'),
    ('JPFA.JK', '2024-10-14', '1400.2900801476537', '1423.3211669921875', '1437.1398190989078', '1391.0776454098402'),
    ('JPFA.JK', '2024-10-15', '1427.927299167799', '1483.201904296875', '1487.8081213909647', '1418.7148649796195'),
    ('JPFA.JK', '2024-10-16', '1483.202010116341', '1487.8082275390625', '1510.8393146526703', '1483.202010116341'),
    ('JPFA.JK', '2024-10-17', '1487.8081697565635', '1469.38330078125', '1506.233038731877', '1464.7770835374217'),
    ('JPFA.JK', '2024-10-18', '1473.9894701086957', '1483.201904296875', '1483.201904296875', '1464.7770359205163'),
    ('JPFA.JK', '2024-10-21', '1483.2020427192856', '1478.5958251953125', '1501.6269128151773', '1464.7771726233939'),
    ('JPFA.JK', '2024-10-22', '1493.0446118551588', '1517.1259765625', '1517.1259765625', '1478.595793030754'),
    ('JPFA.JK', '2024-10-23', '1521.9422726514863', '1579.737548828125', '1579.737548828125', '1512.3097266220466'),
    ('JPFA.JK', '2024-10-24', '1584.5538225652194', '1632.716552734375', '1656.7979178189528', '1560.4724574806417'),
    ('JPFA.JK', '2024-10-25', '1632.7165189470563', '1618.2677001953125', '1647.1653376988004', '1584.553789774577'),
    ('JPFA.JK', '2024-10-28', '1618.2676661036037', '1603.81884765625', '1651.9815758140953', '1560.4723923141892'),
    ('JPFA.JK', '2024-10-29', '1637.5327655396175', '1762.755859375', '1777.204677894467', '1627.9002198599726'),
    ('JPFA.JK', '2024-10-30', '1762.75581351433', '1743.49072265625', '1806.1022679450102', '1695.3279955110497'),
    ('JPFA.JK', '2024-10-31', '1743.4907680157103', '1762.755859375', '1762.755859375', '1729.0419494962432'),
    ('JPFA.JK', '2024-11-01', '1762.7559249441965', '1685.695556640625', '1762.7559249441965', '1676.0630106026786'),
    ('JPFA.JK', '2024-11-04', '1685.6955355588439', '1729.0419921875', '1738.674538104979', '1656.7978978064066'),
    ('JPFA.JK', '2024-11-05', '1733.8582538626047', '1724.2257080078125', '1733.8582538626047', '1676.0629787338512'),
    ('JPFA.JK', '2024-11-06', '1724.2257062488743', '1671.2467041015625', '1724.2257062488743', '1642.3490665666652'),
    ('JPFA.JK', '2024-11-07', '1666.430362645482', '1642.3489990234375', '1671.246635369891', '1623.0839081258018'),
    ('JPFA.JK', '2024-11-08', '1642.3490443132926', '1661.6141357421875', '1695.3280457427536', '1637.5327714560688'),
    ('JPFA.JK', '2024-11-11', '1661.6141470319274', '1666.430419921875', '1676.06296570177', '1603.818872352556'),
    ('JPFA.JK', '2024-11-12', '1666.4303777332684', '1700.144287109375', '1709.7768326454054', '1661.6141049652533'),
    ('JPFA.JK', '2024-11-13', '1695.3280225036444', '1651.9815673828125', '1700.144295294848', '1637.532749009202'),
    ('JPFA.JK', '2024-11-14', '1651.9815329159007', '1637.53271484375', '1651.9815329159007', '1618.2676240808823'),
    ('JPFA.JK', '2024-11-15', '1637.5327376873174', '1647.165283203125', '1647.165283203125', '1623.0839194136056'),
    ('JPFA.JK', '2024-11-18', '1647.165283203125', '1647.165283203125', '1671.2466469926444', '1637.5327376873174'),
    ('JPFA.JK', '2024-11-19', '1647.1652945916092', '1651.9815673828125', '1661.6141129652196', '1632.7164762179984'),
    ('JPFA.JK', '2024-11-20', '1651.9815329159007', '1637.53271484375', '1676.0628963694853', '1623.0838967715993'),
    ('JPFA.JK', '2024-11-21', '1642.348987534467', '1637.53271484375', '1651.9815329159007', '1570.1048971737132'),
    ('JPFA.JK', '2024-11-22', '1647.1652755737305', '1695.3280029296875', '1719.409366607666', '1618.2676391601562'),
    ('JPFA.JK', '2024-11-25', '1704.960548400879', '1695.3280029296875', '1724.2256393432617', '1685.695457458496'),
    ('JPFA.JK', '2024-11-26', '1704.9605325137868', '1637.53271484375', '1704.9605325137868', '1637.53271484375'),
    ('JPFA.JK', '2024-11-28', '1647.1652945916092', '1651.9815673828125', '1680.8792041300337', '1627.9002034267949'),
    ('JPFA.JK', '2024-11-29', '1651.981555961029', '1647.165283203125', '1671.2466469926444', '1642.3490104452212'),
    ('JPFA.JK', '2024-12-02', '1647.165283203125', '1647.165283203125', '1661.6141014768366', '1623.0839194136056'),
    ('JPFA.JK', '2024-12-03', '1647.1652755737305', '1695.3280029296875', '1733.8581848144531', '1647.1652755737305'),
    ('JPFA.JK', '2024-12-04', '1700.1442793748924', '1748.3070068359375', '1757.9395523281466', '1700.1442793748924'),
    ('JPFA.JK', '2024-12-05', '1767.5721208128211', '1757.9395751953125', '1767.5721208128211', '1738.6744839602954'),
    ('JPFA.JK', '2024-12-06', '1757.9396312816723', '1782.02099609375', '1796.4698149809965', '1704.9606286951014'),
    ('JPFA.JK', '2024-12-09', '1782.0209879765425', '1883.1627197265625', '1902.4278114884712', '1782.0209879765425'),
    ('JPFA.JK', '2024-12-10', '1883.1626628025826', '1859.081298828125', '1887.9789355974742', '1767.5721157251862'),
    ('JPFA.JK', '2024-12-11', '1859.081287413758', '1854.2650146484375', '1892.7951967710023', '1830.1836508218344'),
    ('JPFA.JK', '2024-12-12', '1854.2650931222097', '1887.97900390625', '1955.4068254743302', '1854.2650931222097'),
    ('JPFA.JK', '2024-12-13', '1907.2440730168269', '1878.346435546875', '1907.2440730168269', '1854.2650709885818'),
    ('JPFA.JK', '2024-12-16', '1878.346435546875', '1878.346435546875', '1892.795254281851', '1825.36743351863'),
    ('JPFA.JK', '2024-12-17', '1878.3464315663214', '1772.388427734375', '1878.3464315663214', '1762.7558819314709'),
    ('JPFA.JK', '2024-12-18', '1772.3883885200778', '1859.081298828125', '1868.7138444179081', '1743.4907517507286'),
    ('JPFA.JK', '2024-12-19', '1825.3674527554897', '1782.02099609375', '1830.1837257179054', '1767.5721772065033'),
    ('JPFA.JK', '2024-12-20', '1782.0209644458912', '1820.5511474609375', '1844.6325118453415', '1782.0209644458912'),
    ('JPFA.JK', '2024-12-23', '1830.1837381892178', '1839.8162841796875', '1868.713922151096', '1806.1023732130438'),
    ('JPFA.JK', '2024-12-24', '1849.4487847222222', '1820.5511474609375', '1854.265057599103', '1801.2860559534145'),
    ('JPFA.JK', '2024-12-27', '1820.5511132812499', '1806.102294921875', '1839.8162044270832', '1791.6534765625'),
    ('JPFA.JK', '2024-12-30', '1810.9185929445875', '1868.7138671875', '1892.7952314553802', '1796.4697743838594'),
    ('JPFA.JK', '2025-01-02', '1868.7138645971486', '1815.73486328125', '1873.5301374440483', '1796.4697718936504'),
    ('JPFA.JK', '2025-01-03', '1825.3673860677084', '1806.102294921875', '1830.1836588541667', '1782.0209309895833'),
    ('JPFA.JK', '2025-01-06', '1806.1023609058277', '1782.02099609375', '1825.3674527554897', '1782.02099609375'),
    ('JPFA.JK', '2025-01-07', '1782.0209309895833', '1806.102294921875', '1820.5511132812499', '1714.5931119791667'),
    ('JPFA.JK', '2025-01-08', '1801.286053649736', '1767.5721435546875', '1815.7348722618997', '1762.7558706839664'),
    ('JPFA.JK', '2025-01-09', '1782.0209160586692', '1748.3070068359375', '1786.8371888047736', '1748.3070068359375'),
    ('JPFA.JK', '2025-01-10', '1748.3070520718027', '1767.5721435546875', '1806.1023265204572', '1743.4907792010813'),
    ('JPFA.JK', '2025-01-13', '1767.5721014502212', '1801.2860107421875', '1806.1022834981825', '1762.7558286942262'),
    ('JPFA.JK', '2025-01-14', '1810.918544738606', '1796.4697265625', '1873.5300901683981', '1782.020908386394'),
    ('JPFA.JK', '2025-01-15', '1810.9185677083333', '1806.102294921875', '1834.999931640625', '1762.75583984375'),
    ('JPFA.JK', '2025-01-16', '1806.1023609058277', '1782.02099609375', '1825.3674527554897', '1782.02099609375'),
    ('JPFA.JK', '2025-01-17', '1786.8372802734375', '1786.8372802734375', '1868.7139211485005', '1786.8372802734375'),
    ('JPFA.JK', '2025-01-20', '1801.2860797384512', '1883.1627197265625', '1907.2440844289483', '1801.2860797384512'),
    ('JPFA.JK', '2025-01-21', '1887.9789355974742', '1859.081298828125', '1907.2440267770403', '1820.5511164689929'),
    ('JPFA.JK', '2025-01-22', '1887.979002624672', '1835.0', '2032.46719160105', '1830.1837270341207'),
    ('JPFA.JK', '2025-01-23', '1849.44875', '1806.102294921875', '1854.2650227864583', '1801.2860221354167'),
    ('JPFA.JK', '2025-01-24', '1806.1023749927483', '1945.7742919921875', '1974.6719299920715', '1801.2861019927675'),
    ('JPFA.JK', '2025-01-30', '1984.3044299316407', '1926.5091552734375', '1993.9369757080078', '1892.7952450561522'),
    ('JPFA.JK', '2025-01-31', '1926.509143953634', '1921.69287109375', '2022.8346011513158', '1912.0603253739819'),
    ('JPFA.JK', '2025-02-03', '1912.0603366088867', '1926.5091552734375', '1926.5091552734375', '1854.2650619506835'),
    ('JPFA.JK', '2025-02-04', '1926.5091017549262', '1955.40673828125', '2003.5694658251232', '1916.8765562461515'),
    ('JPFA.JK', '2025-02-05', '2022.8345719478916', '2013.2020263671875', '2022.8345719478916', '1955.4067528829619'),
    ('JPFA.JK', '2025-02-06', '2022.8346267255765', '1984.304443359375', '2022.8346267255765', '1955.4068058347239'),
    ('JPFA.JK', '2025-02-07', '1984.3043670654297', '2003.5694580078125', '2003.5694580078125', '1926.5090942382812'),
    ('JPFA.JK', '2025-02-10', '2003.56952569609', '2032.4671630859375', '2148.0577126453272', '2003.56952569609'),
    ('JPFA.JK', '2025-02-11', '2042.099718408677', '1984.304443359375', '2051.7322642502277', '1926.5091683100727'),
    ('JPFA.JK', '2025-02-12', '1984.3044207317073', '1974.671875', '2022.8346036585365', '1974.671875'),
    ('JPFA.JK', '2025-02-13', '1974.6718215942383', '2003.5694580078125', '2003.5694580078125', '1926.5090942382812'),
    ('JPFA.JK', '2025-02-14', '2003.5694740372473', '1907.2440185546875', '2022.8345651337595', '1902.4277457805595'),
    ('JPFA.JK', '2025-02-17', '1907.2440071202532', '1902.427734375', '1921.6928253560127', '1878.3463706487341'),
    ('JPFA.JK', '2025-02-18', '1902.4277796542137', '1921.69287109375', '1955.4067811129387', '1902.4277796542137'),
    ('JPFA.JK', '2025-02-19', '1936.1416319251666', '1897.6114501953125', '1965.039268222557', '1883.1626320466173'),
    ('JPFA.JK', '2025-02-20', '1897.611495588293', '1916.8765869140625', '1926.5091325769472', '1897.611495588293'),
    ('JPFA.JK', '2025-02-21', '1926.5091990696565', '1892.7952880859375', '1926.5091990696565', '1883.1627420905893'),
    ('JPFA.JK', '2025-02-24', '1892.7951888844937', '1902.427734375', '1936.1416435917722', '1878.3463706487341'),
    ('JPFA.JK', '2025-02-25', '1907.2440071202532', '1902.427734375', '1921.6928253560127', '1887.9789161392405'),
    ('JPFA.JK', '2025-02-26', '1912.0602995719316', '1859.081298828125', '1936.1416635463893', '1820.5511164689929'),
    ('JPFA.JK', '2025-02-27', '1859.0813419875494', '1825.367431640625', '1873.53016070766', '1791.6535212937006'),
    ('JPFA.JK', '2025-02-28', '1825.3673629147117', '1796.4697265625', '1834.999908365449', '1772.388362935657'),
    ('JPFA.JK', '2025-03-03', '1868.7139239924968', '1945.7742919921875', '1945.7742919921875', '1859.0813779925354'),
    ('JPFA.JK', '2025-03-04', '1936.141745992226', '1945.7742919921875', '2003.5695679919554', '1897.6115619923808'),
    ('JPFA.JK', '2025-03-05', '1945.7742509163952', '2032.4671630859375', '2051.7322546791693', '1945.7742509163952'),
    ('JPFA.JK', '2025-03-06', '2051.732177734375', '2051.732177734375', '2148.0576320881014', '2013.2019959928843'),
    ('JPFA.JK', '2025-03-07', '2051.7322773483565', '2042.0997314453125', '2080.6299150574882', '1974.6719101240049'),
    ('JPFA.JK', '2025-03-10', '2042.099743764335', '2099.89501953125', '2148.057749337013', '2032.4671978031824'),
    ('JPFA.JK', '2025-03-11', '2022.8346396392246', '2042.0997314453125', '2090.262460960532', '2003.5695478331368'),
    ('JPFA.JK', '2025-03-12', '2032.4671855422685', '2042.0997314453125', '2070.997369154444', '2003.5695478331368'),
    ('JPFA.JK', '2025-03-13', '2042.0997314453125', '2042.0997314453125', '2061.3648232514', '2013.2020937361806'),
    ('JPFA.JK', '2025-03-14', '2051.7322086900044', '2013.2020263671875', '2061.3647542707085', '1993.9369352057788'),
    ('JPFA.JK', '2025-03-17', '2022.8346036585365', '1974.671875', '2022.8346036585365', '1921.6928734756098'),
    ('JPFA.JK', '2025-03-18', '1965.0393152284862', '1916.8765869140625', '1974.671860891371', '1599.0025800388662'),
    ('JPFA.JK', '2025-03-19', '1916.8765755372324', '1912.060302734375', '1955.4067579600912', '1897.6114843258028'),
    ('JPFA.JK', '2025-03-20', '1945.7742353931706', '1921.69287109375', '1955.4067811129387', '1902.4277796542137'),
    ('JPFA.JK', '2025-03-21', '1926.5091096511994', '1907.2440185546875', '1936.1416551994555', '1883.1626546840475'),
    ('JPFA.JK', '2025-03-24', '1907.2440185546875', '1907.2440185546875', '1912.0602913288155', '1849.4487452651515'),
    ('JPFA.JK', '2025-03-25', '1936.141722071811', '1883.1627197265625', '1936.141722071811', '1878.3464467860854'),
    ('JPFA.JK', '2025-03-26', '1887.9789941892102', '1936.1417236328125', '2003.5695448538559', '1883.16272124485'),
    ('JPFA.JK', '2025-03-27', '1936.1417236328125', '1936.1417236328125', '1974.6719071876944', '1926.509177744092'),
    ('JPFA.JK', '2025-04-08', '1878.3464336143634', '1825.367431640625', '1936.1417084948055', '1806.102340013811'),
    ('JPFA.JK', '2025-04-09', '1815.734851918322', '1810.9185791015625', '1878.3463985361952', '1791.6534878345246'),
    ('JPFA.JK', '2025-04-10', '1883.1626320466173', '1897.6114501953125', '1926.509086492703', '1844.6324503167632'),
    ('JPFA.JK', '2025-04-11', '1907.2440615460314', '1873.5301513671875', '1912.0603344287235', '1859.0813327191115'),
    ('JPFA.JK', '2025-04-14', '1892.7952362804879', '1974.671875', '1984.3044207317073', '1873.5301448170733'),
    ('JPFA.JK', '2025-04-15', '1974.6718841552733', '1926.5091552734375', '2003.569521484375', '1902.4277908325196'),
    ('JPFA.JK', '2025-04-16', '1936.1416920731708', '1974.671875', '1984.3044207317073', '1916.876600609756'),
    ('JPFA.JK', '2025-04-17', '1974.6719071876944', '1936.1417236328125', '1984.3044530764148', '1902.427813022291'),
    ('JPFA.JK', '2025-04-21', '1945.7742782152231', '1835.0', '1955.4068241469818', '1806.1023622047244'),
    ('JPFA.JK', '2025-04-22', '1840.0', '1715.0', '1865.0', '1705.0'),
    ('JPFA.JK', '2025-04-23', '1730.0', '1720.0', '1760.0', '1690.0'),
    ('JPFA.JK', '2025-04-24', '1740.0', '1730.0', '1770.0', '1705.0'),
    ('JPFA.JK', '2025-04-25', '1745.0', '1780.0', '1785.0', '1715.0'),
    ('JPFA.JK', '2025-04-28', '1785.0', '1885.0', '1885.0', '1785.0'),
    ('JPFA.JK', '2025-04-29', '1900.0', '1845.0', '1905.0', '1830.0'),
    ('JPFA.JK', '2025-04-30', '1845.0', '1820.0', '1850.0', '1800.0'),
    ('JPFA.JK', '2025-05-02', '1810.0', '1750.0', '1810.0', '1730.0'),
    ('JPFA.JK', '2025-05-05', '1755.0', '1745.0', '1765.0', '1725.0'),
    ('JPFA.JK', '2025-05-06', '1755.0', '1765.0', '1780.0', '1750.0'),
    ('JPFA.JK', '2025-05-07', '1765.0', '1795.0', '1805.0', '1765.0'),
    ('JPFA.JK', '2025-05-08', '1810.0', '1755.0', '1825.0', '1755.0'),
    ('JPFA.JK', '2025-05-09', '1760.0', '1780.0', '1780.0', '1745.0'),
    ('MDKA.JK', '2024-05-13', '2710.0', '2750.0', '2800.0', '2710.0'),
    ('MDKA.JK', '2024-05-14', '2770.0', '2730.0', '2800.0', '2730.0'),
    ('MDKA.JK', '2024-05-15', '2700.0', '2750.0', '2810.0', '2680.0'),
    ('MDKA.JK', '2024-05-16', '2780.0', '2740.0', '2820.0', '2730.0'),
    ('MDKA.JK', '2024-05-17', '2750.0', '2740.0', '2770.0', '2720.0'),
    ('MDKA.JK', '2024-05-20', '2780.0', '2840.0', '2880.0', '2770.0'),
    ('MDKA.JK', '2024-05-21', '2850.0', '2790.0', '2850.0', '2780.0'),
    ('MDKA.JK', '2024-05-22', '2790.0', '2820.0', '2840.0', '2790.0'),
    ('MDKA.JK', '2024-05-27', '2770.0', '2700.0', '2800.0', '2700.0'),
    ('MDKA.JK', '2024-05-28', '2740.0', '2900.0', '2910.0', '2710.0'),
    ('MDKA.JK', '2024-05-29', '2930.0', '2900.0', '2970.0', '2790.0'),
    ('MDKA.JK', '2024-05-30', '2910.0', '2800.0', '2930.0', '2800.0'),
    ('MDKA.JK', '2024-05-31', '2820.0', '2700.0', '2890.0', '2700.0'),
    ('MDKA.JK', '2024-06-03', '2700.0', '2740.0', '2770.0', '2650.0'),
    ('MDKA.JK', '2024-06-04', '2700.0', '2650.0', '2760.0', '2650.0'),
    ('MDKA.JK', '2024-06-05', '2620.0', '2420.0', '2620.0', '2400.0'),
    ('MDKA.JK', '2024-06-06', '2460.0', '2460.0', '2510.0', '2440.0'),
    ('MDKA.JK', '2024-06-07', '2520.0', '2500.0', '2520.0', '2480.0'),
    ('MDKA.JK', '2024-06-10', '2430.0', '2460.0', '2540.0', '2420.0'),
    ('MDKA.JK', '2024-06-11', '2450.0', '2450.0', '2510.0', '2450.0'),
    ('MDKA.JK', '2024-06-12', '2440.0', '2380.0', '2450.0', '2330.0'),
    ('MDKA.JK', '2024-06-13', '2410.0', '2370.0', '2430.0', '2370.0'),
    ('MDKA.JK', '2024-06-14', '2370.0', '2270.0', '2390.0', '2270.0'),
    ('MDKA.JK', '2024-06-19', '2300.0', '2310.0', '2330.0', '2270.0'),
    ('MDKA.JK', '2024-06-20', '2310.0', '2300.0', '2350.0', '2300.0'),
    ('MDKA.JK', '2024-06-21', '2330.0', '2310.0', '2380.0', '2310.0'),
    ('MDKA.JK', '2024-06-24', '2310.0', '2320.0', '2340.0', '2310.0'),
    ('MDKA.JK', '2024-06-25', '2330.0', '2400.0', '2410.0', '2300.0'),
    ('MDKA.JK', '2024-06-26', '2400.0', '2340.0', '2400.0', '2340.0'),
    ('MDKA.JK', '2024-06-27', '2330.0', '2360.0', '2390.0', '2320.0'),
    ('MDKA.JK', '2024-06-28', '2380.0', '2380.0', '2400.0', '2360.0'),
    ('MDKA.JK', '2024-07-01', '2400.0', '2460.0', '2480.0', '2370.0'),
    ('MDKA.JK', '2024-07-02', '2480.0', '2460.0', '2500.0', '2430.0'),
    ('MDKA.JK', '2024-07-03', '2460.0', '2440.0', '2460.0', '2410.0'),
    ('MDKA.JK', '2024-07-04', '2500.0', '2470.0', '2510.0', '2460.0'),
    ('MDKA.JK', '2024-07-05', '2480.0', '2440.0', '2490.0', '2410.0'),
    ('MDKA.JK', '2024-07-08', '2480.0', '2480.0', '2520.0', '2440.0'),
    ('MDKA.JK', '2024-07-09', '2480.0', '2440.0', '2490.0', '2430.0'),
    ('MDKA.JK', '2024-07-10', '2440.0', '2420.0', '2460.0', '2390.0'),
    ('MDKA.JK', '2024-07-11', '2440.0', '2400.0', '2460.0', '2370.0'),
    ('MDKA.JK', '2024-07-12', '2420.0', '2400.0', '2440.0', '2370.0'),
    ('MDKA.JK', '2024-07-15', '2400.0', '2320.0', '2400.0', '2320.0'),
    ('MDKA.JK', '2024-07-16', '2340.0', '2390.0', '2390.0', '2330.0'),
    ('MDKA.JK', '2024-07-17', '2430.0', '2420.0', '2450.0', '2410.0'),
    ('MDKA.JK', '2024-07-18', '2420.0', '2420.0', '2430.0', '2390.0'),
    ('MDKA.JK', '2024-07-19', '2390.0', '2340.0', '2400.0', '2330.0'),
    ('MDKA.JK', '2024-07-22', '2360.0', '2390.0', '2440.0', '2360.0'),
    ('MDKA.JK', '2024-07-23', '2390.0', '2380.0', '2390.0', '2350.0'),
    ('MDKA.JK', '2024-07-24', '2380.0', '2410.0', '2430.0', '2360.0'),
    ('MDKA.JK', '2024-07-25', '2390.0', '2430.0', '2430.0', '2350.0'),
    ('MDKA.JK', '2024-07-26', '2430.0', '2390.0', '2440.0', '2390.0'),
    ('MDKA.JK', '2024-07-29', '2400.0', '2400.0', '2420.0', '2390.0'),
    ('MDKA.JK', '2024-07-30', '2420.0', '2440.0', '2440.0', '2380.0'),
    ('MDKA.JK', '2024-07-31', '2450.0', '2460.0', '2480.0', '2430.0'),
    ('MDKA.JK', '2024-08-01', '2480.0', '2440.0', '2480.0', '2430.0'),
    ('MDKA.JK', '2024-08-02', '2430.0', '2350.0', '2430.0', '2350.0'),
    ('MDKA.JK', '2024-08-05', '2340.0', '2190.0', '2340.0', '2160.0'),
    ('MDKA.JK', '2024-08-06', '2240.0', '2200.0', '2250.0', '2160.0'),
    ('MDKA.JK', '2024-08-07', '2210.0', '2200.0', '2250.0', '2200.0'),
    ('MDKA.JK', '2024-08-08', '2200.0', '2180.0', '2230.0', '2180.0'),
    ('MDKA.JK', '2024-08-09', '2210.0', '2210.0', '2230.0', '2190.0'),
    ('MDKA.JK', '2024-08-12', '2240.0', '2290.0', '2310.0', '2210.0'),
    ('MDKA.JK', '2024-08-13', '2330.0', '2320.0', '2350.0', '2310.0'),
    ('MDKA.JK', '2024-08-14', '2320.0', '2360.0', '2380.0', '2310.0'),
    ('MDKA.JK', '2024-08-15', '2360.0', '2340.0', '2370.0', '2290.0'),
    ('MDKA.JK', '2024-08-16', '2360.0', '2300.0', '2360.0', '2300.0'),
    ('MDKA.JK', '2024-08-19', '2320.0', '2340.0', '2340.0', '2310.0'),
    ('MDKA.JK', '2024-08-20', '2360.0', '2340.0', '2360.0', '2320.0'),
    ('MDKA.JK', '2024-08-21', '2340.0', '2350.0', '2390.0', '2330.0'),
    ('MDKA.JK', '2024-08-22', '2350.0', '2290.0', '2360.0', '2270.0'),
    ('MDKA.JK', '2024-08-23', '2320.0', '2320.0', '2370.0', '2320.0'),
    ('MDKA.JK', '2024-08-26', '2380.0', '2470.0', '2480.0', '2360.0'),
    ('MDKA.JK', '2024-08-27', '2480.0', '2450.0', '2490.0', '2410.0'),
    ('MDKA.JK', '2024-08-28', '2470.0', '2480.0', '2510.0', '2440.0'),
    ('MDKA.JK', '2024-08-29', '2470.0', '2400.0', '2480.0', '2390.0'),
    ('MDKA.JK', '2024-08-30', '2390.0', '2360.0', '2400.0', '2320.0'),
    ('MDKA.JK', '2024-09-02', '2360.0', '2370.0', '2420.0', '2340.0'),
    ('MDKA.JK', '2024-09-03', '2380.0', '2360.0', '2400.0', '2340.0'),
    ('MDKA.JK', '2024-09-04', '2330.0', '2280.0', '2340.0', '2260.0'),
    ('MDKA.JK', '2024-09-05', '2280.0', '2280.0', '2320.0', '2270.0'),
    ('MDKA.JK', '2024-09-06', '2300.0', '2280.0', '2320.0', '2280.0'),
    ('MDKA.JK', '2024-09-09', '2270.0', '2260.0', '2290.0', '2250.0'),
    ('MDKA.JK', '2024-09-10', '2290.0', '2260.0', '2310.0', '2250.0'),
    ('MDKA.JK', '2024-09-11', '2280.0', '2260.0', '2280.0', '2220.0'),
    ('MDKA.JK', '2024-09-12', '2270.0', '2300.0', '2310.0', '2260.0'),
    ('MDKA.JK', '2024-09-13', '2330.0', '2290.0', '2340.0', '2270.0'),
    ('MDKA.JK', '2024-09-17', '2310.0', '2300.0', '2330.0', '2290.0'),
    ('MDKA.JK', '2024-09-18', '2300.0', '2280.0', '2320.0', '2270.0'),
    ('MDKA.JK', '2024-09-19', '2310.0', '2270.0', '2310.0', '2260.0'),
    ('MDKA.JK', '2024-09-20', '2300.0', '2260.0', '2300.0', '2220.0'),
    ('MDKA.JK', '2024-09-23', '2280.0', '2290.0', '2320.0', '2260.0'),
    ('MDKA.JK', '2024-09-24', '2300.0', '2340.0', '2340.0', '2270.0'),
    ('MDKA.JK', '2024-09-25', '2390.0', '2450.0', '2450.0', '2360.0'),
    ('MDKA.JK', '2024-09-26', '2450.0', '2590.0', '2600.0', '2410.0'),
    ('MDKA.JK', '2024-09-27', '2620.0', '2700.0', '2750.0', '2610.0'),
    ('MDKA.JK', '2024-09-30', '2700.0', '2720.0', '2750.0', '2660.0'),
    ('MDKA.JK', '2024-10-01', '2630.0', '2690.0', '2700.0', '2590.0'),
    ('MDKA.JK', '2024-10-02', '2690.0', '2730.0', '2770.0', '2660.0'),
    ('MDKA.JK', '2024-10-03', '2750.0', '2690.0', '2780.0', '2690.0'),
    ('MDKA.JK', '2024-10-04', '2690.0', '2680.0', '2720.0', '2640.0'),
    ('MDKA.JK', '2024-10-07', '2680.0', '2710.0', '2710.0', '2670.0'),
    ('MDKA.JK', '2024-10-08', '2710.0', '2580.0', '2730.0', '2560.0'),
    ('MDKA.JK', '2024-10-09', '2560.0', '2550.0', '2560.0', '2480.0'),
    ('MDKA.JK', '2024-10-10', '2550.0', '2560.0', '2600.0', '2520.0'),
    ('MDKA.JK', '2024-10-11', '2580.0', '2540.0', '2610.0', '2520.0'),
    ('MDKA.JK', '2024-10-14', '2550.0', '2530.0', '2580.0', '2520.0'),
    ('MDKA.JK', '2024-10-15', '2540.0', '2510.0', '2570.0', '2480.0'),
    ('MDKA.JK', '2024-10-16', '2510.0', '2530.0', '2540.0', '2510.0'),
    ('MDKA.JK', '2024-10-17', '2550.0', '2550.0', '2560.0', '2510.0'),
    ('MDKA.JK', '2024-10-18', '2560.0', '2520.0', '2610.0', '2510.0'),
    ('MDKA.JK', '2024-10-21', '2560.0', '2560.0', '2620.0', '2530.0'),
    ('MDKA.JK', '2024-10-22', '2570.0', '2570.0', '2600.0', '2540.0'),
    ('MDKA.JK', '2024-10-23', '2580.0', '2530.0', '2590.0', '2530.0'),
    ('MDKA.JK', '2024-10-24', '2540.0', '2530.0', '2560.0', '2500.0'),
    ('MDKA.JK', '2024-10-25', '2540.0', '2450.0', '2550.0', '2430.0'),
    ('MDKA.JK', '2024-10-28', '2450.0', '2420.0', '2460.0', '2370.0'),
    ('MDKA.JK', '2024-10-29', '2440.0', '2360.0', '2440.0', '2350.0'),
    ('MDKA.JK', '2024-10-30', '2360.0', '2390.0', '2430.0', '2340.0'),
    ('MDKA.JK', '2024-10-31', '2390.0', '2420.0', '2420.0', '2360.0'),
    ('MDKA.JK', '2024-11-01', '2410.0', '2350.0', '2410.0', '2340.0'),
    ('MDKA.JK', '2024-11-04', '2350.0', '2320.0', '2360.0', '2290.0'),
    ('MDKA.JK', '2024-11-05', '2320.0', '2300.0', '2350.0', '2290.0'),
    ('MDKA.JK', '2024-11-06', '2300.0', '2270.0', '2360.0', '2270.0'),
    ('MDKA.JK', '2024-11-07', '2250.0', '2270.0', '2300.0', '2220.0'),
    ('MDKA.JK', '2024-11-08', '2300.0', '2240.0', '2320.0', '2240.0'),
    ('MDKA.JK', '2024-11-11', '2250.0', '2200.0', '2260.0', '2170.0'),
    ('MDKA.JK', '2024-11-12', '2210.0', '2180.0', '2240.0', '2170.0'),
    ('MDKA.JK', '2024-11-13', '2200.0', '2240.0', '2310.0', '2200.0'),
    ('MDKA.JK', '2024-11-14', '2240.0', '2180.0', '2260.0', '2180.0'),
    ('MDKA.JK', '2024-11-15', '2190.0', '2100.0', '2200.0', '2100.0'),
    ('MDKA.JK', '2024-11-18', '2090.0', '2010.0', '2110.0', '1995.0'),
    ('MDKA.JK', '2024-11-19', '2010.0', '2080.0', '2090.0', '2010.0'),
    ('MDKA.JK', '2024-11-20', '2100.0', '2150.0', '2160.0', '2070.0'),
    ('MDKA.JK', '2024-11-21', '2160.0', '2100.0', '2160.0', '2090.0'),
    ('MDKA.JK', '2024-11-22', '2070.0', '2050.0', '2100.0', '2030.0'),
    ('MDKA.JK', '2024-11-25', '2060.0', '2030.0', '2110.0', '2030.0'),
    ('MDKA.JK', '2024-11-26', '2030.0', '2000.0', '2030.0', '1995.0'),
    ('MDKA.JK', '2024-11-28', '2020.0', '1930.0', '2020.0', '1830.0'),
    ('MDKA.JK', '2024-11-29', '1930.0', '1840.0', '1935.0', '1830.0'),
    ('MDKA.JK', '2024-12-02', '1840.0', '1840.0', '1915.0', '1815.0'),
    ('MDKA.JK', '2024-12-03', '1850.0', '1860.0', '1875.0', '1840.0'),
    ('MDKA.JK', '2024-12-04', '1865.0', '1930.0', '1940.0', '1850.0'),
    ('MDKA.JK', '2024-12-05', '1945.0', '1920.0', '1945.0', '1905.0'),
    ('MDKA.JK', '2024-12-06', '1930.0', '1910.0', '1935.0', '1900.0'),
    ('MDKA.JK', '2024-12-09', '1910.0', '1920.0', '1960.0', '1910.0'),
    ('MDKA.JK', '2024-12-10', '1930.0', '1990.0', '2030.0', '1930.0'),
    ('MDKA.JK', '2024-12-11', '2000.0', '1985.0', '2030.0', '1970.0'),
    ('MDKA.JK', '2024-12-12', '1985.0', '1945.0', '1985.0', '1930.0'),
    ('MDKA.JK', '2024-12-13', '1945.0', '1925.0', '1980.0', '1925.0'),
    ('MDKA.JK', '2024-12-16', '1925.0', '1900.0', '1955.0', '1900.0'),
    ('MDKA.JK', '2024-12-17', '1900.0', '1840.0', '1920.0', '1825.0'),
    ('MDKA.JK', '2024-12-18', '1845.0', '1760.0', '1870.0', '1760.0'),
    ('MDKA.JK', '2024-12-19', '1700.0', '1615.0', '1700.0', '1550.0'),
    ('MDKA.JK', '2024-12-20', '1600.0', '1595.0', '1640.0', '1565.0'),
    ('MDKA.JK', '2024-12-23', '1610.0', '1630.0', '1675.0', '1585.0'),
    ('MDKA.JK', '2024-12-24', '1630.0', '1580.0', '1650.0', '1580.0'),
    ('MDKA.JK', '2024-12-27', '1595.0', '1570.0', '1620.0', '1570.0'),
    ('MDKA.JK', '2024-12-30', '1580.0', '1615.0', '1700.0', '1580.0'),
    ('MDKA.JK', '2025-01-02', '1645.0', '1595.0', '1650.0', '1580.0'),
    ('MDKA.JK', '2025-01-03', '1595.0', '1600.0', '1615.0', '1585.0'),
    ('MDKA.JK', '2025-01-06', '1600.0', '1550.0', '1610.0', '1510.0'),
    ('MDKA.JK', '2025-01-07', '1550.0', '1510.0', '1565.0', '1510.0'),
    ('MDKA.JK', '2025-01-08', '1520.0', '1360.0', '1525.0', '1360.0'),
    ('MDKA.JK', '2025-01-09', '1370.0', '1340.0', '1400.0', '1330.0'),
    ('MDKA.JK', '2025-01-10', '1350.0', '1410.0', '1425.0', '1350.0'),
    ('MDKA.JK', '2025-01-13', '1420.0', '1475.0', '1485.0', '1400.0'),
    ('MDKA.JK', '2025-01-14', '1500.0', '1635.0', '1685.0', '1455.0'),
    ('MDKA.JK', '2025-01-15', '1635.0', '1610.0', '1650.0', '1600.0'),
    ('MDKA.JK', '2025-01-16', '1615.0', '1600.0', '1640.0', '1575.0'),
    ('MDKA.JK', '2025-01-17', '1615.0', '1610.0', '1640.0', '1585.0'),
    ('MDKA.JK', '2025-01-20', '1625.0', '1700.0', '1710.0', '1620.0'),
    ('MDKA.JK', '2025-01-21', '1705.0', '1650.0', '1730.0', '1635.0'),
    ('MDKA.JK', '2025-01-22', '1660.0', '1650.0', '1675.0', '1575.0'),
    ('MDKA.JK', '2025-01-23', '1645.0', '1605.0', '1645.0', '1575.0'),
    ('MDKA.JK', '2025-01-24', '1600.0', '1600.0', '1610.0', '1585.0'),
    ('MDKA.JK', '2025-01-30', '1600.0', '1580.0', '1600.0', '1505.0'),
    ('MDKA.JK', '2025-01-31', '1580.0', '1565.0', '1590.0', '1550.0'),
    ('MDKA.JK', '2025-02-03', '1565.0', '1450.0', '1570.0', '1440.0'),
    ('MDKA.JK', '2025-02-04', '1465.0', '1500.0', '1515.0', '1465.0'),
    ('MDKA.JK', '2025-02-05', '1510.0', '1475.0', '1540.0', '1475.0'),
    ('MDKA.JK', '2025-02-06', '1485.0', '1430.0', '1500.0', '1415.0'),
    ('MDKA.JK', '2025-02-07', '1455.0', '1420.0', '1455.0', '1400.0'),
    ('MDKA.JK', '2025-02-10', '1430.0', '1490.0', '1550.0', '1430.0'),
    ('MDKA.JK', '2025-02-11', '1510.0', '1455.0', '1565.0', '1455.0'),
    ('MDKA.JK', '2025-02-12', '1460.0', '1505.0', '1510.0', '1435.0'),
    ('MDKA.JK', '2025-02-13', '1505.0', '1670.0', '1690.0', '1470.0'),
    ('MDKA.JK', '2025-02-14', '1675.0', '1650.0', '1725.0', '1630.0'),
    ('MDKA.JK', '2025-02-17', '1650.0', '1800.0', '1845.0', '1610.0'),
    ('MDKA.JK', '2025-02-18', '1805.0', '1800.0', '1875.0', '1755.0'),
    ('MDKA.JK', '2025-02-19', '1810.0', '1750.0', '1840.0', '1730.0'),
    ('MDKA.JK', '2025-02-20', '1760.0', '1810.0', '1830.0', '1760.0'),
    ('MDKA.JK', '2025-02-21', '1815.0', '1825.0', '1835.0', '1770.0'),
    ('MDKA.JK', '2025-02-24', '1825.0', '1715.0', '1825.0', '1710.0'),
    ('MDKA.JK', '2025-02-25', '1710.0', '1545.0', '1715.0', '1545.0'),
    ('MDKA.JK', '2025-02-26', '1545.0', '1595.0', '1595.0', '1485.0'),
    ('MDKA.JK', '2025-02-27', '1595.0', '1455.0', '1610.0', '1455.0'),
    ('MDKA.JK', '2025-02-28', '1430.0', '1400.0', '1565.0', '1400.0'),
    ('MDKA.JK', '2025-03-03', '1495.0', '1525.0', '1560.0', '1430.0'),
    ('MDKA.JK', '2025-03-04', '1480.0', '1470.0', '1505.0', '1440.0'),
    ('MDKA.JK', '2025-03-05', '1475.0', '1480.0', '1500.0', '1450.0'),
    ('MDKA.JK', '2025-03-06', '1520.0', '1475.0', '1550.0', '1475.0'),
    ('MDKA.JK', '2025-03-07', '1480.0', '1530.0', '1580.0', '1480.0'),
    ('MDKA.JK', '2025-03-10', '1530.0', '1400.0', '1530.0', '1400.0'),
    ('MDKA.JK', '2025-03-11', '1345.0', '1310.0', '1375.0', '1285.0'),
    ('MDKA.JK', '2025-03-12', '1320.0', '1330.0', '1360.0', '1275.0'),
    ('MDKA.JK', '2025-03-13', '1350.0', '1340.0', '1395.0', '1315.0'),
    ('MDKA.JK', '2025-03-14', '1365.0', '1340.0', '1390.0', '1330.0'),
    ('MDKA.JK', '2025-03-17', '1355.0', '1440.0', '1475.0', '1355.0'),
    ('MDKA.JK', '2025-03-18', '1460.0', '1420.0', '1470.0', '1355.0'),
    ('MDKA.JK', '2025-03-19', '1440.0', '1410.0', '1450.0', '1400.0'),
    ('MDKA.JK', '2025-03-20', '1435.0', '1430.0', '1465.0', '1410.0'),
    ('MDKA.JK', '2025-03-21', '1435.0', '1375.0', '1440.0', '1360.0'),
    ('MDKA.JK', '2025-03-24', '1375.0', '1345.0', '1390.0', '1325.0'),
    ('MDKA.JK', '2025-03-25', '1345.0', '1350.0', '1360.0', '1310.0'),
    ('MDKA.JK', '2025-03-26', '1415.0', '1450.0', '1465.0', '1375.0'),
    ('MDKA.JK', '2025-03-27', '1425.0', '1430.0', '1455.0', '1415.0'),
    ('MDKA.JK', '2025-04-08', '1290.0', '1220.0', '1290.0', '1220.0'),
    ('MDKA.JK', '2025-04-09', '1220.0', '1040.0', '1225.0', '1040.0'),
    ('MDKA.JK', '2025-04-10', '1175.0', '1220.0', '1300.0', '1150.0'),
    ('MDKA.JK', '2025-04-11', '1235.0', '1305.0', '1435.0', '1230.0'),
    ('MDKA.JK', '2025-04-14', '1350.0', '1440.0', '1460.0', '1350.0'),
    ('MDKA.JK', '2025-04-15', '1455.0', '1430.0', '1485.0', '1395.0'),
    ('MDKA.JK', '2025-04-16', '1425.0', '1415.0', '1460.0', '1400.0'),
    ('MDKA.JK', '2025-04-17', '1440.0', '1645.0', '1745.0', '1440.0'),
    ('MDKA.JK', '2025-04-21', '1710.0', '1695.0', '1795.0', '1665.0'),
    ('MDKA.JK', '2025-04-22', '1725.0', '1665.0', '1745.0', '1650.0'),
    ('MDKA.JK', '2025-04-23', '1660.0', '1570.0', '1660.0', '1550.0'),
    ('MDKA.JK', '2025-04-24', '1605.0', '1610.0', '1665.0', '1600.0'),
    ('MDKA.JK', '2025-04-25', '1625.0', '1680.0', '1720.0', '1620.0'),
    ('MDKA.JK', '2025-04-28', '1700.0', '1660.0', '1710.0', '1630.0'),
    ('MDKA.JK', '2025-04-29', '1685.0', '1720.0', '1735.0', '1685.0'),
    ('MDKA.JK', '2025-04-30', '1720.0', '1670.0', '1750.0', '1655.0'),
    ('MDKA.JK', '2025-05-02', '1675.0', '1690.0', '1725.0', '1675.0'),
    ('MDKA.JK', '2025-05-05', '1680.0', '1680.0', '1700.0', '1640.0'),
    ('MDKA.JK', '2025-05-06', '1710.0', '1780.0', '1790.0', '1705.0'),
    ('MDKA.JK', '2025-05-07', '1785.0', '1855.0', '1905.0', '1780.0'),
    ('MDKA.JK', '2025-05-08', '1885.0', '1800.0', '1970.0', '1800.0'),
    ('MDKA.JK', '2025-05-09', '1800.0', '1805.0', '1850.0', '1775.0'),
    ('PTBA.JK', '2024-05-13', '2549.5733288449233', '2532.2880859375', '2566.8585717523465', '2515.0028430300767'),
    ('PTBA.JK', '2024-05-14', '2540.9305052038744', '2523.645263671875', '2558.2157467358734', '2523.645263671875'),
    ('PTBA.JK', '2024-05-15', '2540.9305482844716', '2515.002685546875', '2549.5731691970036', '2506.3600646343425'),
    ('PTBA.JK', '2024-05-16', '2523.6454644837886', '2532.2880859375', '2532.2880859375', '2506.3602215763653'),
    ('PTBA.JK', '2024-05-17', '2532.2878844378747', '2523.645263671875', '2549.5731259698737', '2515.0026429058757'),
    ('PTBA.JK', '2024-05-20', '2532.2880859375', '2532.2880859375', '2558.2159502986347', '2515.0028430300767'),
    ('PTBA.JK', '2024-05-21', '2550.0', '2570.0', '2640.0', '2530.0'),
    ('PTBA.JK', '2024-05-22', '2570.0', '2590.0', '2600.0', '2570.0'),
    ('PTBA.JK', '2024-05-27', '2600.0', '2520.0', '2600.0', '2520.0'),
    ('PTBA.JK', '2024-05-28', '2540.0', '2510.0', '2560.0', '2510.0'),
    ('PTBA.JK', '2024-05-29', '2520.0', '2470.0', '2530.0', '2460.0'),
    ('PTBA.JK', '2024-05-30', '2470.0', '2490.0', '2500.0', '2420.0'),
    ('PTBA.JK', '2024-05-31', '2500.0', '2490.0', '2520.0', '2490.0'),
    ('PTBA.JK', '2024-06-03', '2500.0', '2580.0', '2590.0', '2500.0'),
    ('PTBA.JK', '2024-06-04', '2590.0', '2570.0', '2590.0', '2560.0'),
    ('PTBA.JK', '2024-06-05', '2570.0', '2530.0', '2580.0', '2500.0'),
    ('PTBA.JK', '2024-06-06', '2530.0', '2510.0', '2540.0', '2500.0'),
    ('PTBA.JK', '2024-06-07', '2520.0', '2530.0', '2550.0', '2510.0'),
    ('PTBA.JK', '2024-06-10', '2530.0', '2480.0', '2540.0', '2470.0'),
    ('PTBA.JK', '2024-06-11', '2480.0', '2440.0', '2500.0', '2440.0'),
    ('PTBA.JK', '2024-06-12', '2440.0', '2430.0', '2460.0', '2420.0'),
    ('PTBA.JK', '2024-06-13', '2430.0', '2520.0', '2520.0', '2430.0'),
    ('PTBA.JK', '2024-06-14', '2520.0', '2460.0', '2520.0', '2450.0'),
    ('PTBA.JK', '2024-06-19', '2460.0', '2430.0', '2470.0', '2420.0'),
    ('PTBA.JK', '2024-06-20', '2430.0', '2420.0', '2450.0', '2420.0'),
    ('PTBA.JK', '2024-06-21', '2430.0', '2420.0', '2450.0', '2380.0'),
    ('PTBA.JK', '2024-06-24', '2430.0', '2430.0', '2440.0', '2420.0'),
    ('PTBA.JK', '2024-06-25', '2440.0', '2410.0', '2450.0', '2410.0'),
    ('PTBA.JK', '2024-06-26', '2410.0', '2440.0', '2440.0', '2400.0'),
    ('PTBA.JK', '2024-06-27', '2440.0', '2430.0', '2440.0', '2420.0'),
    ('PTBA.JK', '2024-06-28', '2430.0', '2450.0', '2470.0', '2430.0'),
    ('PTBA.JK', '2024-07-01', '2460.0', '2500.0', '2500.0', '2450.0'),
    ('PTBA.JK', '2024-07-02', '2500.0', '2490.0', '2520.0', '2490.0'),
    ('PTBA.JK', '2024-07-03', '2500.0', '2500.0', '2530.0', '2490.0'),
    ('PTBA.JK', '2024-07-04', '2520.0', '2530.0', '2570.0', '2510.0'),
    ('PTBA.JK', '2024-07-05', '2540.0', '2540.0', '2570.0', '2520.0'),
    ('PTBA.JK', '2024-07-08', '2540.0', '2550.0', '2560.0', '2530.0'),
    ('PTBA.JK', '2024-07-09', '2550.0', '2530.0', '2570.0', '2530.0'),
    ('PTBA.JK', '2024-07-10', '2530.0', '2540.0', '2560.0', '2530.0'),
    ('PTBA.JK', '2024-07-11', '2550.0', '2550.0', '2560.0', '2540.0'),
    ('PTBA.JK', '2024-07-12', '2550.0', '2530.0', '2560.0', '2530.0'),
    ('PTBA.JK', '2024-07-15', '2560.0', '2520.0', '2560.0', '2500.0'),
    ('PTBA.JK', '2024-07-16', '2530.0', '2530.0', '2550.0', '2520.0'),
    ('PTBA.JK', '2024-07-17', '2550.0', '2540.0', '2550.0', '2530.0'),
    ('PTBA.JK', '2024-07-18', '2540.0', '2620.0', '2630.0', '2520.0'),
    ('PTBA.JK', '2024-07-19', '2620.0', '2630.0', '2680.0', '2620.0'),
    ('PTBA.JK', '2024-07-22', '2640.0', '2680.0', '2700.0', '2640.0'),
    ('PTBA.JK', '2024-07-23', '2690.0', '2650.0', '2720.0', '2650.0'),
    ('PTBA.JK', '2024-07-24', '2650.0', '2620.0', '2680.0', '2610.0'),
    ('PTBA.JK', '2024-07-25', '2620.0', '2610.0', '2660.0', '2600.0'),
    ('PTBA.JK', '2024-07-26', '2620.0', '2660.0', '2670.0', '2620.0'),
    ('PTBA.JK', '2024-07-29', '2680.0', '2670.0', '2700.0', '2660.0'),
    ('PTBA.JK', '2024-07-30', '2680.0', '2640.0', '2690.0', '2640.0'),
    ('PTBA.JK', '2024-07-31', '2640.0', '2680.0', '2680.0', '2640.0'),
    ('PTBA.JK', '2024-08-01', '2700.0', '2670.0', '2700.0', '2640.0'),
    ('PTBA.JK', '2024-08-02', '2670.0', '2720.0', '2740.0', '2660.0'),
    ('PTBA.JK', '2024-08-05', '2710.0', '2560.0', '2710.0', '2510.0'),
    ('PTBA.JK', '2024-08-06', '2600.0', '2590.0', '2630.0', '2540.0'),
    ('PTBA.JK', '2024-08-07', '2600.0', '2610.0', '2630.0', '2590.0'),
    ('PTBA.JK', '2024-08-08', '2610.0', '2590.0', '2620.0', '2580.0'),
    ('PTBA.JK', '2024-08-09', '2600.0', '2580.0', '2620.0', '2580.0'),
    ('PTBA.JK', '2024-08-12', '2590.0', '2650.0', '2650.0', '2590.0'),
    ('PTBA.JK', '2024-08-13', '2670.0', '2660.0', '2680.0', '2650.0'),
    ('PTBA.JK', '2024-08-14', '2660.0', '2720.0', '2720.0', '2640.0'),
    ('PTBA.JK', '2024-08-15', '2720.0', '2700.0', '2720.0', '2670.0'),
    ('PTBA.JK', '2024-08-16', '2720.0', '2730.0', '2750.0', '2700.0'),
    ('PTBA.JK', '2024-08-19', '2730.0', '2710.0', '2730.0', '2700.0'),
    ('PTBA.JK', '2024-08-20', '2720.0', '2720.0', '2730.0', '2700.0'),
    ('PTBA.JK', '2024-08-21', '2720.0', '2710.0', '2740.0', '2710.0'),
    ('PTBA.JK', '2024-08-22', '2700.0', '2720.0', '2740.0', '2670.0'),
    ('PTBA.JK', '2024-08-23', '2720.0', '2760.0', '2790.0', '2720.0'),
    ('PTBA.JK', '2024-08-26', '2770.0', '2770.0', '2790.0', '2760.0'),
    ('PTBA.JK', '2024-08-27', '2780.0', '2780.0', '2820.0', '2760.0'),
    ('PTBA.JK', '2024-08-28', '2790.0', '2780.0', '2800.0', '2770.0'),
    ('PTBA.JK', '2024-08-29', '2780.0', '2780.0', '2810.0', '2760.0'),
    ('PTBA.JK', '2024-08-30', '2780.0', '2730.0', '2780.0', '2730.0'),
    ('PTBA.JK', '2024-09-02', '2740.0', '2820.0', '2820.0', '2730.0'),
    ('PTBA.JK', '2024-09-03', '2820.0', '2800.0', '2850.0', '2790.0'),
    ('PTBA.JK', '2024-09-04', '2770.0', '2760.0', '2810.0', '2740.0'),
    ('PTBA.JK', '2024-09-05', '2760.0', '2750.0', '2780.0', '2710.0'),
    ('PTBA.JK', '2024-09-06', '2750.0', '2710.0', '2750.0', '2710.0'),
    ('PTBA.JK', '2024-09-09', '2720.0', '2680.0', '2730.0', '2650.0'),
    ('PTBA.JK', '2024-09-10', '2690.0', '2670.0', '2710.0', '2650.0'),
    ('PTBA.JK', '2024-09-11', '2650.0', '2660.0', '2690.0', '2650.0'),
    ('PTBA.JK', '2024-09-12', '2690.0', '2720.0', '2750.0', '2690.0'),
    ('PTBA.JK', '2024-09-13', '2720.0', '2730.0', '2740.0', '2700.0'),
    ('PTBA.JK', '2024-09-17', '2730.0', '2800.0', '2820.0', '2710.0'),
    ('PTBA.JK', '2024-09-18', '2810.0', '2780.0', '2820.0', '2780.0'),
    ('PTBA.JK', '2024-09-19', '2780.0', '2780.0', '2800.0', '2760.0'),
    ('PTBA.JK', '2024-09-20', '2790.0', '2950.0', '2950.0', '2760.0'),
    ('PTBA.JK', '2024-09-23', '2950.0', '3120.0', '3130.0', '2930.0'),
    ('PTBA.JK', '2024-09-24', '3120.0', '3100.0', '3140.0', '3060.0'),
    ('PTBA.JK', '2024-09-25', '3120.0', '3080.0', '3160.0', '3040.0'),
    ('PTBA.JK', '2024-09-26', '3100.0', '3110.0', '3120.0', '3070.0'),
    ('PTBA.JK', '2024-09-27', '3110.0', '3140.0', '3140.0', '3040.0'),
    ('PTBA.JK', '2024-09-30', '3150.0', '3080.0', '3180.0', '3070.0'),
    ('PTBA.JK', '2024-10-01', '3080.0', '3070.0', '3120.0', '2990.0'),
    ('PTBA.JK', '2024-10-02', '3070.0', '3050.0', '3080.0', '3010.0'),
    ('PTBA.JK', '2024-10-03', '3050.0', '3060.0', '3080.0', '3030.0'),
    ('PTBA.JK', '2024-10-04', '3060.0', '2990.0', '3100.0', '2990.0'),
    ('PTBA.JK', '2024-10-07', '3060.0', '3100.0', '3140.0', '3060.0'),
    ('PTBA.JK', '2024-10-08', '3110.0', '3080.0', '3120.0', '3060.0'),
    ('PTBA.JK', '2024-10-09', '3080.0', '3050.0', '3080.0', '3020.0'),
    ('PTBA.JK', '2024-10-10', '3050.0', '3020.0', '3070.0', '3020.0'),
    ('PTBA.JK', '2024-10-11', '3050.0', '3030.0', '3060.0', '3020.0'),
    ('PTBA.JK', '2024-10-14', '3040.0', '3100.0', '3120.0', '3030.0'),
    ('PTBA.JK', '2024-10-15', '3100.0', '3100.0', '3140.0', '3080.0'),
    ('PTBA.JK', '2024-10-16', '3120.0', '3080.0', '3120.0', '3050.0'),
    ('PTBA.JK', '2024-10-17', '3080.0', '3060.0', '3090.0', '3060.0'),
    ('PTBA.JK', '2024-10-18', '3070.0', '3050.0', '3080.0', '3030.0'),
    ('PTBA.JK', '2024-10-21', '3050.0', '3020.0', '3050.0', '3010.0'),
    ('PTBA.JK', '2024-10-22', '3020.0', '3040.0', '3050.0', '3020.0'),
    ('PTBA.JK', '2024-10-23', '3040.0', '2950.0', '3050.0', '2950.0'),
    ('PTBA.JK', '2024-10-24', '2950.0', '2920.0', '2970.0', '2920.0'),
    ('PTBA.JK', '2024-10-25', '2920.0', '2880.0', '2940.0', '2870.0'),
    ('PTBA.JK', '2024-10-28', '2880.0', '2870.0', '2910.0', '2840.0'),
    ('PTBA.JK', '2024-10-29', '2850.0', '2850.0', '2870.0', '2830.0'),
    ('PTBA.JK', '2024-10-30', '2850.0', '2840.0', '2880.0', '2800.0'),
    ('PTBA.JK', '2024-10-31', '2850.0', '2960.0', '2960.0', '2840.0'),
    ('PTBA.JK', '2024-11-01', '2950.0', '2920.0', '2950.0', '2880.0'),
    ('PTBA.JK', '2024-11-04', '2920.0', '2870.0', '2920.0', '2850.0'),
    ('PTBA.JK', '2024-11-05', '2880.0', '2890.0', '2920.0', '2860.0'),
    ('PTBA.JK', '2024-11-06', '2900.0', '2860.0', '2900.0', '2840.0'),
    ('PTBA.JK', '2024-11-07', '2860.0', '2830.0', '2860.0', '2810.0'),
    ('PTBA.JK', '2024-11-08', '2830.0', '2800.0', '2840.0', '2800.0'),
    ('PTBA.JK', '2024-11-11', '2800.0', '2770.0', '2800.0', '2750.0'),
    ('PTBA.JK', '2024-11-12', '2780.0', '2870.0', '2890.0', '2780.0'),
    ('PTBA.JK', '2024-11-13', '2870.0', '2810.0', '2890.0', '2810.0'),
    ('PTBA.JK', '2024-11-14', '2810.0', '2770.0', '2810.0', '2770.0'),
    ('PTBA.JK', '2024-11-15', '2770.0', '2750.0', '2800.0', '2750.0'),
    ('PTBA.JK', '2024-11-18', '2750.0', '2720.0', '2770.0', '2700.0'),
    ('PTBA.JK', '2024-11-19', '2720.0', '2770.0', '2790.0', '2720.0'),
    ('PTBA.JK', '2024-11-20', '2770.0', '2740.0', '2780.0', '2720.0'),
    ('PTBA.JK', '2024-11-21', '2740.0', '2720.0', '2770.0', '2720.0'),
    ('PTBA.JK', '2024-11-22', '2750.0', '2770.0', '2780.0', '2740.0'),
    ('PTBA.JK', '2024-11-25', '2770.0', '2800.0', '2830.0', '2760.0'),
    ('PTBA.JK', '2024-11-26', '2830.0', '2760.0', '2830.0', '2760.0'),
    ('PTBA.JK', '2024-11-28', '2760.0', '2790.0', '2790.0', '2740.0'),
    ('PTBA.JK', '2024-11-29', '2790.0', '2700.0', '2790.0', '2700.0'),
    ('PTBA.JK', '2024-12-02', '2700.0', '2670.0', '2730.0', '2660.0'),
    ('PTBA.JK', '2024-12-03', '2670.0', '2700.0', '2710.0', '2670.0'),
    ('PTBA.JK', '2024-12-04', '2700.0', '2710.0', '2750.0', '2700.0'),
    ('PTBA.JK', '2024-12-05', '2730.0', '2740.0', '2770.0', '2700.0'),
    ('PTBA.JK', '2024-12-06', '2730.0', '2730.0', '2730.0', '2700.0'),
    ('PTBA.JK', '2024-12-09', '2730.0', '2750.0', '2760.0', '2730.0'),
    ('PTBA.JK', '2024-12-10', '2760.0', '2830.0', '2860.0', '2740.0'),
    ('PTBA.JK', '2024-12-11', '2830.0', '2800.0', '2860.0', '2790.0'),
    ('PTBA.JK', '2024-12-12', '2800.0', '2800.0', '2830.0', '2780.0'),
    ('PTBA.JK', '2024-12-13', '2800.0', '2780.0', '2810.0', '2770.0'),
    ('PTBA.JK', '2024-12-16', '2780.0', '2740.0', '2790.0', '2720.0'),
    ('PTBA.JK', '2024-12-17', '2740.0', '2670.0', '2740.0', '2670.0'),
    ('PTBA.JK', '2024-12-18', '2670.0', '2680.0', '2710.0', '2660.0'),
    ('PTBA.JK', '2024-12-19', '2680.0', '2580.0', '2680.0', '2570.0'),
    ('PTBA.JK', '2024-12-20', '2590.0', '2590.0', '2630.0', '2590.0'),
    ('PTBA.JK', '2024-12-23', '2600.0', '2590.0', '2620.0', '2590.0'),
    ('PTBA.JK', '2024-12-24', '2600.0', '2590.0', '2620.0', '2590.0'),
    ('PTBA.JK', '2024-12-27', '2600.0', '2620.0', '2640.0', '2600.0'),
    ('PTBA.JK', '2024-12-30', '2630.0', '2750.0', '2750.0', '2620.0'),
    ('PTBA.JK', '2025-01-02', '2750.0', '2680.0', '2760.0', '2670.0'),
    ('PTBA.JK', '2025-01-03', '2700.0', '2700.0', '2710.0', '2680.0'),
    ('PTBA.JK', '2025-01-06', '2700.0', '2650.0', '2710.0', '2650.0'),
    ('PTBA.JK', '2025-01-07', '2650.0', '2640.0', '2670.0', '2610.0'),
    ('PTBA.JK', '2025-01-08', '2610.0', '2640.0', '2680.0', '2610.0'),
    ('PTBA.JK', '2025-01-09', '2640.0', '2620.0', '2640.0', '2610.0'),
    ('PTBA.JK', '2025-01-10', '2610.0', '2690.0', '2720.0', '2610.0'),
    ('PTBA.JK', '2025-01-13', '2690.0', '2610.0', '2690.0', '2610.0'),
    ('PTBA.JK', '2025-01-14', '2610.0', '2620.0', '2660.0', '2600.0'),
    ('PTBA.JK', '2025-01-15', '2620.0', '2670.0', '2670.0', '2620.0'),
    ('PTBA.JK', '2025-01-16', '2670.0', '2690.0', '2710.0', '2670.0'),
    ('PTBA.JK', '2025-01-17', '2690.0', '2680.0', '2700.0', '2660.0'),
    ('PTBA.JK', '2025-01-20', '2670.0', '2660.0', '2700.0', '2660.0'),
    ('PTBA.JK', '2025-01-21', '2680.0', '2690.0', '2690.0', '2670.0'),
    ('PTBA.JK', '2025-01-22', '2690.0', '2710.0', '2740.0', '2690.0'),
    ('PTBA.JK', '2025-01-23', '2710.0', '2700.0', '2710.0', '2680.0'),
    ('PTBA.JK', '2025-01-24', '2700.0', '2700.0', '2720.0', '2680.0'),
    ('PTBA.JK', '2025-01-30', '2700.0', '2680.0', '2710.0', '2660.0'),
    ('PTBA.JK', '2025-01-31', '2660.0', '2690.0', '2700.0', '2630.0'),
    ('PTBA.JK', '2025-02-03', '2690.0', '2670.0', '2690.0', '2650.0'),
    ('PTBA.JK', '2025-02-04', '2680.0', '2690.0', '2750.0', '2670.0'),
    ('PTBA.JK', '2025-02-05', '2680.0', '2720.0', '2740.0', '2680.0'),
    ('PTBA.JK', '2025-02-06', '2720.0', '2650.0', '2730.0', '2650.0'),
    ('PTBA.JK', '2025-02-07', '2650.0', '2670.0', '2700.0', '2600.0'),
    ('PTBA.JK', '2025-02-10', '2670.0', '2620.0', '2670.0', '2620.0'),
    ('PTBA.JK', '2025-02-11', '2620.0', '2620.0', '2640.0', '2600.0'),
    ('PTBA.JK', '2025-02-12', '2620.0', '2640.0', '2640.0', '2590.0'),
    ('PTBA.JK', '2025-02-13', '2640.0', '2690.0', '2730.0', '2610.0'),
    ('PTBA.JK', '2025-02-14', '2680.0', '2710.0', '2740.0', '2660.0'),
    ('PTBA.JK', '2025-02-17', '2710.0', '2710.0', '2710.0', '2680.0'),
    ('PTBA.JK', '2025-02-18', '2710.0', '2690.0', '2720.0', '2680.0'),
    ('PTBA.JK', '2025-02-19', '2700.0', '2660.0', '2720.0', '2660.0'),
    ('PTBA.JK', '2025-02-20', '2670.0', '2670.0', '2700.0', '2630.0'),
    ('PTBA.JK', '2025-02-21', '2660.0', '2660.0', '2690.0', '2640.0'),
    ('PTBA.JK', '2025-02-24', '2650.0', '2640.0', '2700.0', '2630.0'),
    ('PTBA.JK', '2025-02-25', '2650.0', '2620.0', '2670.0', '2610.0'),
    ('PTBA.JK', '2025-02-26', '2620.0', '2610.0', '2640.0', '2600.0'),
    ('PTBA.JK', '2025-02-27', '2610.0', '2620.0', '2650.0', '2610.0'),
    ('PTBA.JK', '2025-02-28', '2600.0', '2590.0', '2610.0', '2480.0'),
    ('PTBA.JK', '2025-03-03', '2590.0', '2580.0', '2610.0', '2530.0'),
    ('PTBA.JK', '2025-03-04', '2580.0', '2510.0', '2580.0', '2470.0'),
    ('PTBA.JK', '2025-03-05', '2510.0', '2580.0', '2580.0', '2500.0'),
    ('PTBA.JK', '2025-03-06', '2580.0', '2580.0', '2600.0', '2560.0'),
    ('PTBA.JK', '2025-03-07', '2570.0', '2550.0', '2580.0', '2550.0'),
    ('PTBA.JK', '2025-03-10', '2550.0', '2510.0', '2570.0', '2510.0'),
    ('PTBA.JK', '2025-03-11', '2500.0', '2490.0', '2520.0', '2480.0'),
    ('PTBA.JK', '2025-03-12', '2490.0', '2480.0', '2520.0', '2480.0'),
    ('PTBA.JK', '2025-03-13', '2480.0', '2450.0', '2500.0', '2450.0'),
    ('PTBA.JK', '2025-03-14', '2460.0', '2450.0', '2480.0', '2450.0'),
    ('PTBA.JK', '2025-03-17', '2450.0', '2450.0', '2480.0', '2420.0'),
    ('PTBA.JK', '2025-03-18', '2450.0', '2420.0', '2460.0', '2350.0'),
    ('PTBA.JK', '2025-03-19', '2400.0', '2430.0', '2450.0', '2380.0'),
    ('PTBA.JK', '2025-03-20', '2440.0', '2410.0', '2470.0', '2410.0'),
    ('PTBA.JK', '2025-03-21', '2410.0', '2320.0', '2410.0', '2320.0'),
    ('PTBA.JK', '2025-03-24', '2320.0', '2300.0', '2350.0', '2250.0'),
    ('PTBA.JK', '2025-03-25', '2300.0', '2450.0', '2470.0', '2290.0'),
    ('PTBA.JK', '2025-03-26', '2460.0', '2510.0', '2540.0', '2460.0'),
    ('PTBA.JK', '2025-03-27', '2510.0', '2520.0', '2570.0', '2510.0'),
    ('PTBA.JK', '2025-04-08', '2320.0', '2420.0', '2450.0', '2300.0'),
    ('PTBA.JK', '2025-04-09', '2410.0', '2460.0', '2550.0', '2410.0'),
    ('PTBA.JK', '2025-04-10', '2550.0', '2680.0', '2680.0', '2530.0'),
    ('PTBA.JK', '2025-04-11', '2640.0', '2680.0', '2690.0', '2620.0'),
    ('PTBA.JK', '2025-04-14', '2680.0', '2740.0', '2740.0', '2670.0'),
    ('PTBA.JK', '2025-04-15', '2750.0', '2760.0', '2770.0', '2710.0'),
    ('PTBA.JK', '2025-04-16', '2750.0', '2710.0', '2760.0', '2710.0'),
    ('PTBA.JK', '2025-04-17', '2710.0', '2730.0', '2750.0', '2700.0'),
    ('PTBA.JK', '2025-04-21', '2730.0', '2730.0', '2740.0', '2700.0'),
    ('PTBA.JK', '2025-04-22', '2710.0', '2760.0', '2800.0', '2700.0'),
    ('PTBA.JK', '2025-04-23', '2780.0', '2780.0', '2820.0', '2760.0'),
    ('PTBA.JK', '2025-04-24', '2780.0', '2780.0', '2810.0', '2770.0'),
    ('PTBA.JK', '2025-04-25', '2780.0', '2780.0', '2820.0', '2770.0'),
    ('PTBA.JK', '2025-04-28', '2780.0', '2770.0', '2810.0', '2760.0'),
    ('PTBA.JK', '2025-04-29', '2770.0', '2790.0', '2840.0', '2770.0'),
    ('PTBA.JK', '2025-04-30', '2800.0', '2760.0', '2850.0', '2760.0'),
    ('PTBA.JK', '2025-05-02', '2700.0', '2740.0', '2750.0', '2640.0'),
    ('PTBA.JK', '2025-05-05', '2720.0', '2720.0', '2730.0', '2680.0'),
    ('PTBA.JK', '2025-05-06', '2720.0', '2710.0', '2730.0', '2710.0'),
    ('PTBA.JK', '2025-05-07', '2710.0', '2760.0', '2770.0', '2710.0'),
    ('PTBA.JK', '2025-05-08', '2770.0', '2720.0', '2780.0', '2710.0'),
    ('PTBA.JK', '2025-05-09', '2740.0', '2710.0', '2740.0', '2710.0'),
    ('SMGR.JK', '2024-05-13', '4378.074442824272', '4289.92529296875', '4397.663142792167', '4260.542243016909'),
    ('SMGR.JK', '2024-05-14', '4299.719775159212', '4133.2158203125', '4299.719775159212', '4123.4214700274'),
    ('SMGR.JK', '2024-05-15', '4094.03831704149', '4035.272216796875', '4123.421367163797', '3976.50611655226'),
    ('SMGR.JK', '2024-05-16', '4070.0', '4120.0', '4340.0', '4040.0'),
    ('SMGR.JK', '2024-05-17', '4100.0', '4060.0', '4140.0', '4060.0'),
    ('SMGR.JK', '2024-05-20', '4000.0', '3990.0', '4040.0', '3970.0'),
    ('SMGR.JK', '2024-05-21', '4000.0', '3990.0', '4080.0', '3980.0'),
    ('SMGR.JK', '2024-05-22', '3980.0', '3950.0', '4030.0', '3900.0'),
    ('SMGR.JK', '2024-05-27', '3910.0', '3760.0', '3990.0', '3760.0'),
    ('SMGR.JK', '2024-05-28', '3780.0', '3780.0', '3860.0', '3760.0'),
    ('SMGR.JK', '2024-05-29', '3780.0', '3760.0', '3790.0', '3710.0'),
    ('SMGR.JK', '2024-05-30', '3760.0', '3690.0', '3790.0', '3670.0'),
    ('SMGR.JK', '2024-05-31', '3630.0', '3490.0', '3650.0', '3490.0'),
    ('SMGR.JK', '2024-06-03', '3510.0', '3550.0', '3590.0', '3410.0'),
    ('SMGR.JK', '2024-06-04', '3560.0', '3830.0', '4060.0', '3530.0'),
    ('SMGR.JK', '2024-06-05', '3900.0', '3860.0', '3990.0', '3770.0'),
    ('SMGR.JK', '2024-06-06', '3890.0', '3950.0', '4040.0', '3880.0'),
    ('SMGR.JK', '2024-06-07', '4000.0', '4010.0', '4120.0', '3960.0'),
    ('SMGR.JK', '2024-06-10', '4050.0', '4100.0', '4150.0', '4020.0'),
    ('SMGR.JK', '2024-06-11', '4100.0', '3880.0', '4150.0', '3870.0'),
    ('SMGR.JK', '2024-06-12', '3890.0', '3610.0', '3900.0', '3570.0'),
    ('SMGR.JK', '2024-06-13', '3640.0', '3660.0', '3790.0', '3620.0'),
    ('SMGR.JK', '2024-06-14', '3670.0', '3440.0', '3700.0', '3420.0'),
    ('SMGR.JK', '2024-06-19', '3480.0', '3510.0', '3580.0', '3450.0'),
    ('SMGR.JK', '2024-06-20', '3550.0', '3500.0', '3630.0', '3500.0'),
    ('SMGR.JK', '2024-06-21', '3500.0', '3700.0', '3720.0', '3430.0'),
    ('SMGR.JK', '2024-06-24', '3720.0', '3690.0', '3780.0', '3680.0'),
    ('SMGR.JK', '2024-06-25', '3700.0', '3660.0', '3710.0', '3580.0'),
    ('SMGR.JK', '2024-06-26', '3660.0', '3630.0', '3730.0', '3620.0'),
    ('SMGR.JK', '2024-06-27', '3650.0', '3600.0', '3680.0', '3550.0'),
    ('SMGR.JK', '2024-06-28', '3600.0', '3730.0', '3780.0', '3600.0'),
    ('SMGR.JK', '2024-07-01', '3790.0', '3920.0', '3930.0', '3780.0'),
    ('SMGR.JK', '2024-07-02', '3950.0', '3960.0', '3990.0', '3850.0'),
    ('SMGR.JK', '2024-07-03', '3990.0', '4040.0', '4050.0', '3960.0'),
    ('SMGR.JK', '2024-07-04', '4050.0', '3940.0', '4100.0', '3930.0'),
    ('SMGR.JK', '2024-07-05', '3940.0', '3950.0', '4000.0', '3900.0'),
    ('SMGR.JK', '2024-07-08', '3950.0', '4200.0', '4220.0', '3950.0'),
    ('SMGR.JK', '2024-07-09', '4220.0', '4180.0', '4240.0', '4110.0'),
    ('SMGR.JK', '2024-07-10', '4180.0', '4050.0', '4450.0', '4050.0'),
    ('SMGR.JK', '2024-07-11', '4000.0', '4010.0', '4150.0', '3980.0'),
    ('SMGR.JK', '2024-07-12', '4040.0', '4090.0', '4120.0', '4030.0'),
    ('SMGR.JK', '2024-07-15', '4110.0', '4060.0', '4170.0', '4030.0'),
    ('SMGR.JK', '2024-07-16', '4090.0', '4060.0', '4120.0', '4050.0'),
    ('SMGR.JK', '2024-07-17', '4120.0', '4070.0', '4120.0', '4050.0'),
    ('SMGR.JK', '2024-07-18', '4070.0', '4080.0', '4160.0', '4070.0'),
    ('SMGR.JK', '2024-07-19', '4090.0', '4060.0', '4110.0', '4040.0'),
    ('SMGR.JK', '2024-07-22', '4090.0', '4120.0', '4160.0', '4060.0'),
    ('SMGR.JK', '2024-07-23', '4130.0', '4060.0', '4150.0', '4060.0'),
    ('SMGR.JK', '2024-07-24', '4080.0', '4060.0', '4100.0', '4040.0'),
    ('SMGR.JK', '2024-07-25', '4050.0', '3980.0', '4080.0', '3900.0'),
    ('SMGR.JK', '2024-07-26', '3990.0', '4010.0', '4070.0', '3980.0'),
    ('SMGR.JK', '2024-07-29', '4030.0', '3990.0', '4080.0', '3980.0'),
    ('SMGR.JK', '2024-07-30', '4000.0', '3900.0', '4020.0', '3900.0'),
    ('SMGR.JK', '2024-07-31', '3910.0', '3910.0', '3940.0', '3880.0'),
    ('SMGR.JK', '2024-08-01', '3780.0', '3850.0', '3880.0', '3730.0'),
    ('SMGR.JK', '2024-08-02', '3850.0', '3860.0', '3950.0', '3820.0'),
    ('SMGR.JK', '2024-08-05', '3860.0', '3780.0', '3860.0', '3750.0'),
    ('SMGR.JK', '2024-08-06', '3820.0', '3790.0', '3890.0', '3770.0'),
    ('SMGR.JK', '2024-08-07', '3800.0', '3780.0', '3850.0', '3780.0'),
    ('SMGR.JK', '2024-08-08', '3780.0', '3750.0', '3800.0', '3740.0'),
    ('SMGR.JK', '2024-08-09', '3770.0', '3770.0', '3840.0', '3770.0'),
    ('SMGR.JK', '2024-08-12', '3780.0', '3840.0', '3840.0', '3780.0'),
    ('SMGR.JK', '2024-08-13', '3850.0', '4000.0', '4030.0', '3830.0'),
    ('SMGR.JK', '2024-08-14', '4040.0', '4060.0', '4120.0', '4020.0'),
    ('SMGR.JK', '2024-08-15', '4070.0', '4010.0', '4100.0', '4000.0'),
    ('SMGR.JK', '2024-08-16', '4030.0', '4050.0', '4080.0', '4030.0'),
    ('SMGR.JK', '2024-08-19', '4060.0', '4130.0', '4210.0', '4060.0'),
    ('SMGR.JK', '2024-08-20', '4160.0', '4160.0', '4190.0', '4120.0'),
    ('SMGR.JK', '2024-08-21', '4180.0', '4070.0', '4190.0', '4070.0'),
    ('SMGR.JK', '2024-08-22', '4060.0', '4000.0', '4060.0', '3990.0'),
    ('SMGR.JK', '2024-08-23', '4020.0', '4040.0', '4080.0', '4020.0'),
    ('SMGR.JK', '2024-08-26', '4040.0', '4010.0', '4070.0', '4010.0'),
    ('SMGR.JK', '2024-08-27', '4010.0', '3970.0', '4030.0', '3950.0'),
    ('SMGR.JK', '2024-08-28', '3980.0', '4020.0', '4030.0', '3970.0'),
    ('SMGR.JK', '2024-08-29', '4050.0', '4020.0', '4130.0', '4020.0'),
    ('SMGR.JK', '2024-08-30', '4050.0', '4010.0', '4060.0', '4000.0'),
    ('SMGR.JK', '2024-09-02', '4030.0', '4090.0', '4130.0', '4020.0'),
    ('SMGR.JK', '2024-09-03', '4110.0', '4030.0', '4130.0', '4030.0'),
    ('SMGR.JK', '2024-09-04', '4020.0', '3980.0', '4040.0', '3980.0'),
    ('SMGR.JK', '2024-09-05', '3990.0', '4030.0', '4080.0', '3980.0'),
    ('SMGR.JK', '2024-09-06', '4030.0', '4020.0', '4090.0', '4020.0'),
    ('SMGR.JK', '2024-09-09', '4040.0', '4000.0', '4060.0', '3950.0'),
    ('SMGR.JK', '2024-09-10', '4030.0', '4000.0', '4030.0', '3990.0'),
    ('SMGR.JK', '2024-09-11', '4000.0', '3970.0', '4070.0', '3950.0'),
    ('SMGR.JK', '2024-09-12', '3970.0', '3960.0', '4000.0', '3960.0'),
    ('SMGR.JK', '2024-09-13', '3960.0', '3950.0', '3990.0', '3950.0'),
    ('SMGR.JK', '2024-09-17', '3950.0', '3960.0', '4000.0', '3950.0'),
    ('SMGR.JK', '2024-09-18', '3970.0', '3910.0', '3990.0', '3890.0'),
    ('SMGR.JK', '2024-09-19', '3920.0', '3890.0', '3930.0', '3880.0'),
    ('SMGR.JK', '2024-09-20', '3890.0', '3910.0', '3930.0', '3890.0'),
    ('SMGR.JK', '2024-09-23', '3910.0', '3830.0', '3930.0', '3820.0'),
    ('SMGR.JK', '2024-09-24', '3820.0', '3820.0', '3860.0', '3810.0'),
    ('SMGR.JK', '2024-09-25', '3830.0', '3870.0', '3870.0', '3810.0'),
    ('SMGR.JK', '2024-09-26', '3870.0', '3900.0', '3930.0', '3840.0'),
    ('SMGR.JK', '2024-09-27', '3920.0', '3850.0', '3930.0', '3850.0'),
    ('SMGR.JK', '2024-09-30', '3860.0', '3790.0', '3860.0', '3760.0'),
    ('SMGR.JK', '2024-10-01', '3770.0', '3880.0', '3900.0', '3770.0'),
    ('SMGR.JK', '2024-10-02', '3880.0', '3900.0', '3950.0', '3860.0'),
    ('SMGR.JK', '2024-10-03', '3910.0', '4040.0', '4060.0', '3910.0'),
    ('SMGR.JK', '2024-10-04', '4060.0', '4030.0', '4080.0', '4000.0'),
    ('SMGR.JK', '2024-10-07', '4040.0', '4030.0', '4050.0', '3990.0'),
    ('SMGR.JK', '2024-10-08', '4030.0', '4020.0', '4040.0', '3970.0'),
    ('SMGR.JK', '2024-10-09', '4030.0', '4010.0', '4100.0', '4010.0'),
    ('SMGR.JK', '2024-10-10', '4020.0', '4050.0', '4050.0', '3970.0'),
    ('SMGR.JK', '2024-10-11', '4050.0', '4310.0', '4310.0', '4010.0'),
    ('SMGR.JK', '2024-10-14', '4330.0', '4140.0', '4390.0', '4130.0'),
    ('SMGR.JK', '2024-10-15', '4160.0', '4220.0', '4260.0', '4150.0'),
    ('SMGR.JK', '2024-10-16', '4230.0', '4330.0', '4420.0', '4220.0'),
    ('SMGR.JK', '2024-10-17', '4370.0', '4570.0', '4600.0', '4370.0'),
    ('SMGR.JK', '2024-10-18', '4570.0', '4520.0', '4650.0', '4460.0'),
    ('SMGR.JK', '2024-10-21', '4530.0', '4410.0', '4570.0', '4410.0'),
    ('SMGR.JK', '2024-10-22', '4390.0', '4310.0', '4420.0', '4280.0'),
    ('SMGR.JK', '2024-10-23', '4310.0', '4280.0', '4360.0', '4240.0'),
    ('SMGR.JK', '2024-10-24', '4280.0', '4290.0', '4330.0', '4250.0'),
    ('SMGR.JK', '2024-10-25', '4290.0', '4390.0', '4400.0', '4270.0'),
    ('SMGR.JK', '2024-10-28', '4390.0', '4140.0', '4410.0', '4130.0'),
    ('SMGR.JK', '2024-10-29', '4140.0', '4110.0', '4170.0', '4060.0'),
    ('SMGR.JK', '2024-10-30', '4110.0', '3910.0', '4110.0', '3880.0'),
    ('SMGR.JK', '2024-10-31', '3910.0', '3950.0', '4030.0', '3850.0'),
    ('SMGR.JK', '2024-11-01', '3950.0', '3810.0', '3990.0', '3810.0'),
    ('SMGR.JK', '2024-11-04', '3810.0', '3610.0', '3830.0', '3610.0'),
    ('SMGR.JK', '2024-11-05', '3610.0', '3630.0', '3680.0', '3610.0'),
    ('SMGR.JK', '2024-11-06', '3630.0', '3650.0', '3730.0', '3630.0'),
    ('SMGR.JK', '2024-11-07', '3680.0', '3660.0', '3700.0', '3650.0'),
    ('SMGR.JK', '2024-11-08', '3670.0', '3630.0', '3690.0', '3630.0'),
    ('SMGR.JK', '2024-11-11', '3630.0', '3550.0', '3630.0', '3480.0'),
    ('SMGR.JK', '2024-11-12', '3550.0', '3600.0', '3670.0', '3510.0'),
    ('SMGR.JK', '2024-11-13', '3600.0', '3690.0', '3690.0', '3580.0'),
    ('SMGR.JK', '2024-11-14', '3700.0', '3630.0', '3700.0', '3630.0'),
    ('SMGR.JK', '2024-11-15', '3630.0', '3540.0', '3660.0', '3540.0'),
    ('SMGR.JK', '2024-11-18', '3550.0', '3550.0', '3570.0', '3480.0'),
    ('SMGR.JK', '2024-11-19', '3550.0', '3680.0', '3700.0', '3550.0'),
    ('SMGR.JK', '2024-11-20', '3690.0', '3620.0', '3760.0', '3620.0'),
    ('SMGR.JK', '2024-11-21', '3640.0', '3600.0', '3650.0', '3590.0'),
    ('SMGR.JK', '2024-11-22', '3600.0', '3590.0', '3670.0', '3590.0'),
    ('SMGR.JK', '2024-11-25', '3600.0', '3650.0', '3700.0', '3590.0'),
    ('SMGR.JK', '2024-11-26', '3670.0', '3600.0', '3720.0', '3600.0'),
    ('SMGR.JK', '2024-11-28', '3620.0', '3610.0', '3700.0', '3600.0'),
    ('SMGR.JK', '2024-11-29', '3630.0', '3500.0', '3640.0', '3490.0'),
    ('SMGR.JK', '2024-12-02', '3500.0', '3420.0', '3540.0', '3420.0'),
    ('SMGR.JK', '2024-12-03', '3420.0', '3290.0', '3470.0', '3280.0'),
    ('SMGR.JK', '2024-12-04', '3310.0', '3440.0', '3440.0', '3310.0'),
    ('SMGR.JK', '2024-12-05', '3430.0', '3370.0', '3430.0', '3360.0'),
    ('SMGR.JK', '2024-12-06', '3370.0', '3280.0', '3380.0', '3260.0'),
    ('SMGR.JK', '2024-12-09', '3290.0', '3310.0', '3330.0', '3270.0'),
    ('SMGR.JK', '2024-12-10', '3330.0', '3310.0', '3350.0', '3310.0'),
    ('SMGR.JK', '2024-12-11', '3310.0', '3440.0', '3450.0', '3310.0'),
    ('SMGR.JK', '2024-12-12', '3460.0', '3380.0', '3520.0', '3360.0'),
    ('SMGR.JK', '2024-12-13', '3370.0', '3400.0', '3440.0', '3370.0'),
    ('SMGR.JK', '2024-12-16', '3400.0', '3360.0', '3420.0', '3340.0'),
    ('SMGR.JK', '2024-12-17', '3360.0', '3290.0', '3390.0', '3280.0'),
    ('SMGR.JK', '2024-12-18', '3310.0', '3380.0', '3390.0', '3300.0'),
    ('SMGR.JK', '2024-12-19', '3350.0', '3280.0', '3350.0', '3260.0'),
    ('SMGR.JK', '2024-12-20', '3280.0', '3260.0', '3320.0', '3260.0'),
    ('SMGR.JK', '2024-12-23', '3300.0', '3350.0', '3360.0', '3220.0'),
    ('SMGR.JK', '2024-12-24', '3350.0', '3240.0', '3350.0', '3240.0'),
    ('SMGR.JK', '2024-12-27', '3250.0', '3300.0', '3330.0', '3250.0'),
    ('SMGR.JK', '2024-12-30', '3350.0', '3290.0', '3350.0', '3270.0'),
    ('SMGR.JK', '2025-01-02', '3320.0', '3280.0', '3320.0', '3260.0'),
    ('SMGR.JK', '2025-01-03', '3300.0', '3270.0', '3350.0', '3260.0'),
    ('SMGR.JK', '2025-01-06', '3280.0', '3220.0', '3290.0', '3220.0'),
    ('SMGR.JK', '2025-01-07', '3230.0', '3180.0', '3250.0', '3180.0'),
    ('SMGR.JK', '2025-01-08', '3190.0', '3050.0', '3210.0', '3040.0'),
    ('SMGR.JK', '2025-01-09', '3050.0', '2970.0', '3090.0', '2970.0'),
    ('SMGR.JK', '2025-01-10', '2970.0', '2980.0', '3060.0', '2970.0'),
    ('SMGR.JK', '2025-01-13', '2980.0', '2920.0', '2990.0', '2900.0'),
    ('SMGR.JK', '2025-01-14', '2920.0', '2780.0', '2970.0', '2730.0'),
    ('SMGR.JK', '2025-01-15', '2790.0', '2880.0', '2910.0', '2790.0'),
    ('SMGR.JK', '2025-01-16', '2900.0', '2850.0', '2940.0', '2850.0'),
    ('SMGR.JK', '2025-01-17', '2860.0', '2850.0', '2910.0', '2820.0'),
    ('SMGR.JK', '2025-01-20', '2850.0', '2940.0', '2990.0', '2850.0'),
    ('SMGR.JK', '2025-01-21', '2960.0', '3010.0', '3030.0', '2950.0'),
    ('SMGR.JK', '2025-01-22', '3040.0', '2950.0', '3060.0', '2940.0'),
    ('SMGR.JK', '2025-01-23', '2970.0', '2990.0', '3100.0', '2970.0'),
    ('SMGR.JK', '2025-01-24', '2990.0', '2940.0', '3020.0', '2930.0'),
    ('SMGR.JK', '2025-01-30', '2930.0', '2840.0', '2940.0', '2810.0'),
    ('SMGR.JK', '2025-01-31', '2850.0', '2810.0', '2920.0', '2810.0'),
    ('SMGR.JK', '2025-02-03', '2810.0', '2760.0', '2810.0', '2710.0'),
    ('SMGR.JK', '2025-02-04', '2790.0', '2880.0', '2880.0', '2720.0'),
    ('SMGR.JK', '2025-02-05', '2850.0', '2880.0', '2930.0', '2840.0'),
    ('SMGR.JK', '2025-02-06', '2880.0', '2770.0', '2890.0', '2740.0'),
    ('SMGR.JK', '2025-02-07', '2770.0', '2700.0', '2770.0', '2660.0'),
    ('SMGR.JK', '2025-02-10', '2710.0', '2650.0', '2730.0', '2610.0'),
    ('SMGR.JK', '2025-02-11', '2650.0', '2590.0', '2650.0', '2570.0'),
    ('SMGR.JK', '2025-02-12', '2590.0', '2550.0', '2630.0', '2520.0'),
    ('SMGR.JK', '2025-02-13', '2550.0', '2650.0', '2760.0', '2480.0'),
    ('SMGR.JK', '2025-02-14', '2650.0', '2790.0', '2790.0', '2620.0'),
    ('SMGR.JK', '2025-02-17', '2790.0', '2790.0', '2830.0', '2720.0'),
    ('SMGR.JK', '2025-02-18', '2800.0', '2800.0', '2850.0', '2780.0'),
    ('SMGR.JK', '2025-02-19', '2800.0', '2830.0', '2900.0', '2750.0'),
    ('SMGR.JK', '2025-02-20', '2830.0', '2780.0', '2850.0', '2700.0'),
    ('SMGR.JK', '2025-02-21', '2760.0', '2790.0', '2860.0', '2720.0'),
    ('SMGR.JK', '2025-02-24', '2760.0', '2780.0', '2860.0', '2710.0'),
    ('SMGR.JK', '2025-02-25', '2800.0', '2790.0', '2820.0', '2730.0'),
    ('SMGR.JK', '2025-02-26', '2780.0', '2680.0', '2790.0', '2600.0'),
    ('SMGR.JK', '2025-02-27', '2680.0', '2590.0', '2710.0', '2590.0'),
    ('SMGR.JK', '2025-02-28', '2590.0', '2330.0', '2600.0', '2310.0'),
    ('SMGR.JK', '2025-03-03', '2400.0', '2340.0', '2410.0', '2290.0'),
    ('SMGR.JK', '2025-03-04', '2340.0', '2210.0', '2370.0', '2210.0'),
    ('SMGR.JK', '2025-03-05', '2230.0', '2270.0', '2320.0', '2140.0'),
    ('SMGR.JK', '2025-03-06', '2270.0', '2330.0', '2380.0', '2250.0'),
    ('SMGR.JK', '2025-03-07', '2360.0', '2360.0', '2420.0', '2350.0'),
    ('SMGR.JK', '2025-03-10', '2350.0', '2440.0', '2480.0', '2340.0'),
    ('SMGR.JK', '2025-03-11', '2380.0', '2330.0', '2400.0', '2300.0'),
    ('SMGR.JK', '2025-03-12', '2320.0', '2340.0', '2370.0', '2310.0'),
    ('SMGR.JK', '2025-03-13', '2350.0', '2330.0', '2380.0', '2270.0'),
    ('SMGR.JK', '2025-03-14', '2310.0', '2260.0', '2310.0', '2220.0'),
    ('SMGR.JK', '2025-03-17', '2260.0', '2260.0', '2280.0', '2210.0'),
    ('SMGR.JK', '2025-03-18', '2280.0', '2210.0', '2360.0', '2100.0'),
    ('SMGR.JK', '2025-03-19', '2210.0', '2230.0', '2280.0', '2200.0'),
    ('SMGR.JK', '2025-03-20', '2250.0', '2250.0', '2270.0', '2200.0'),
    ('SMGR.JK', '2025-03-21', '2250.0', '2120.0', '2260.0', '2120.0'),
    ('SMGR.JK', '2025-03-24', '2150.0', '2220.0', '2240.0', '2140.0'),
    ('SMGR.JK', '2025-03-25', '2240.0', '2510.0', '2550.0', '2240.0'),
    ('SMGR.JK', '2025-03-26', '2530.0', '2750.0', '2790.0', '2510.0'),
    ('SMGR.JK', '2025-03-27', '2750.0', '2650.0', '2790.0', '2620.0'),
    ('SMGR.JK', '2025-04-08', '2310.0', '2260.0', '2310.0', '2260.0'),
    ('SMGR.JK', '2025-04-09', '2200.0', '2090.0', '2210.0', '2070.0'),
    ('SMGR.JK', '2025-04-10', '2210.0', '2160.0', '2290.0', '2140.0'),
    ('SMGR.JK', '2025-04-11', '2140.0', '2140.0', '2190.0', '2110.0'),
    ('SMGR.JK', '2025-04-14', '2160.0', '2460.0', '2460.0', '2150.0'),
    ('SMGR.JK', '2025-04-15', '2490.0', '2500.0', '2590.0', '2490.0'),
    ('SMGR.JK', '2025-04-16', '2550.0', '2450.0', '2550.0', '2450.0'),
    ('SMGR.JK', '2025-04-17', '2450.0', '2450.0', '2520.0', '2430.0'),
    ('SMGR.JK', '2025-04-21', '2470.0', '2370.0', '2480.0', '2340.0'),
    ('SMGR.JK', '2025-04-22', '2380.0', '2540.0', '2550.0', '2380.0'),
    ('SMGR.JK', '2025-04-23', '2580.0', '2550.0', '2590.0', '2530.0'),
    ('SMGR.JK', '2025-04-24', '2550.0', '2530.0', '2670.0', '2500.0'),
    ('SMGR.JK', '2025-04-25', '2550.0', '2600.0', '2610.0', '2520.0'),
    ('SMGR.JK', '2025-04-28', '2620.0', '2570.0', '2650.0', '2570.0'),
    ('SMGR.JK', '2025-04-29', '2580.0', '2560.0', '2700.0', '2540.0'),
    ('SMGR.JK', '2025-04-30', '2570.0', '2610.0', '2700.0', '2540.0'),
    ('SMGR.JK', '2025-05-02', '2570.0', '2540.0', '2620.0', '2520.0'),
    ('SMGR.JK', '2025-05-05', '2550.0', '2550.0', '2610.0', '2480.0'),
    ('SMGR.JK', '2025-05-06', '2550.0', '2550.0', '2610.0', '2500.0'),
    ('SMGR.JK', '2025-05-07', '2570.0', '2510.0', '2630.0', '2510.0'),
    ('SMGR.JK', '2025-05-08', '2520.0', '2490.0', '2630.0', '2480.0'),
    ('SMGR.JK', '2025-05-09', '2500.0', '2410.0', '2510.0', '2400.0'),
    ('TINS.JK', '2024-05-13', '945.0', '920.0', '955.0', '905.0'),
    ('TINS.JK', '2024-05-14', '925.0', '905.0', '940.0', '900.0'),
    ('TINS.JK', '2024-05-15', '910.0', '950.0', '950.0', '905.0'),
    ('TINS.JK', '2024-05-16', '955.0', '945.0', '975.0', '940.0'),
    ('TINS.JK', '2024-05-17', '950.0', '975.0', '995.0', '940.0'),
    ('TINS.JK', '2024-05-20', '990.0', '970.0', '1010.0', '965.0'),
    ('TINS.JK', '2024-05-21', '975.0', '945.0', '985.0', '935.0'),
    ('TINS.JK', '2024-05-22', '950.0', '935.0', '955.0', '930.0'),
    ('TINS.JK', '2024-05-27', '935.0', '890.0', '940.0', '890.0'),
    ('TINS.JK', '2024-05-28', '900.0', '925.0', '940.0', '890.0'),
    ('TINS.JK', '2024-05-29', '930.0', '915.0', '955.0', '910.0'),
    ('TINS.JK', '2024-05-30', '925.0', '910.0', '925.0', '895.0'),
    ('TINS.JK', '2024-05-31', '910.0', '895.0', '925.0', '895.0'),
    ('TINS.JK', '2024-06-03', '900.0', '860.0', '905.0', '855.0'),
    ('TINS.JK', '2024-06-04', '865.0', '845.0', '875.0', '835.0'),
    ('TINS.JK', '2024-06-05', '845.0', '810.0', '845.0', '805.0'),
    ('TINS.JK', '2024-06-06', '815.0', '810.0', '835.0', '810.0'),
    ('TINS.JK', '2024-06-07', '820.0', '855.0', '880.0', '815.0'),
    ('TINS.JK', '2024-06-10', '855.0', '845.0', '870.0', '830.0'),
    ('TINS.JK', '2024-06-11', '855.0', '840.0', '865.0', '840.0'),
    ('TINS.JK', '2024-06-12', '845.0', '835.0', '865.0', '830.0'),
    ('TINS.JK', '2024-06-13', '860.0', '835.0', '880.0', '830.0'),
    ('TINS.JK', '2024-06-14', '835.0', '815.0', '850.0', '810.0'),
    ('TINS.JK', '2024-06-19', '815.0', '780.0', '815.0', '780.0'),
    ('TINS.JK', '2024-06-20', '785.0', '795.0', '810.0', '785.0'),
    ('TINS.JK', '2024-06-21', '800.0', '810.0', '835.0', '800.0'),
    ('TINS.JK', '2024-06-24', '810.0', '835.0', '845.0', '805.0'),
    ('TINS.JK', '2024-06-25', '840.0', '840.0', '845.0', '815.0'),
    ('TINS.JK', '2024-06-26', '840.0', '870.0', '875.0', '825.0'),
    ('TINS.JK', '2024-06-27', '875.0', '880.0', '885.0', '855.0'),
    ('TINS.JK', '2024-06-28', '890.0', '875.0', '890.0', '870.0'),
    ('TINS.JK', '2024-07-01', '880.0', '925.0', '940.0', '880.0'),
    ('TINS.JK', '2024-07-02', '930.0', '935.0', '945.0', '915.0'),
    ('TINS.JK', '2024-07-03', '940.0', '945.0', '955.0', '925.0'),
    ('TINS.JK', '2024-07-04', '945.0', '960.0', '980.0', '945.0'),
    ('TINS.JK', '2024-07-05', '965.0', '1000.0', '1005.0', '945.0'),
    ('TINS.JK', '2024-07-08', '1000.0', '1000.0', '1035.0', '995.0'),
    ('TINS.JK', '2024-07-09', '1000.0', '980.0', '1015.0', '975.0'),
    ('TINS.JK', '2024-07-10', '985.0', '970.0', '1000.0', '970.0'),
    ('TINS.JK', '2024-07-11', '985.0', '1010.0', '1020.0', '980.0'),
    ('TINS.JK', '2024-07-12', '1000.0', '995.0', '1010.0', '990.0'),
    ('TINS.JK', '2024-07-15', '995.0', '975.0', '1000.0', '965.0'),
    ('TINS.JK', '2024-07-16', '975.0', '1010.0', '1020.0', '970.0'),
    ('TINS.JK', '2024-07-17', '1010.0', '1075.0', '1090.0', '1000.0'),
    ('TINS.JK', '2024-07-18', '1075.0', '1035.0', '1080.0', '1030.0'),
    ('TINS.JK', '2024-07-19', '1035.0', '1005.0', '1045.0', '1000.0'),
    ('TINS.JK', '2024-07-22', '1005.0', '995.0', '1005.0', '970.0'),
    ('TINS.JK', '2024-07-23', '995.0', '1000.0', '1025.0', '985.0'),
    ('TINS.JK', '2024-07-24', '1000.0', '970.0', '1005.0', '970.0'),
    ('TINS.JK', '2024-07-25', '975.0', '930.0', '975.0', '915.0'),
    ('TINS.JK', '2024-07-26', '940.0', '950.0', '965.0', '925.0'),
    ('TINS.JK', '2024-07-29', '950.0', '960.0', '975.0', '950.0'),
    ('TINS.JK', '2024-07-30', '965.0', '960.0', '965.0', '950.0'),
    ('TINS.JK', '2024-07-31', '960.0', '945.0', '985.0', '935.0'),
    ('TINS.JK', '2024-08-01', '990.0', '975.0', '1030.0', '965.0'),
    ('TINS.JK', '2024-08-02', '975.0', '980.0', '980.0', '960.0'),
    ('TINS.JK', '2024-08-05', '975.0', '900.0', '1005.0', '890.0'),
    ('TINS.JK', '2024-08-06', '905.0', '915.0', '935.0', '900.0'),
    ('TINS.JK', '2024-08-07', '915.0', '920.0', '930.0', '915.0'),
    ('TINS.JK', '2024-08-08', '935.0', '925.0', '955.0', '920.0'),
    ('TINS.JK', '2024-08-09', '940.0', '955.0', '970.0', '935.0'),
    ('TINS.JK', '2024-08-12', '970.0', '1010.0', '1010.0', '955.0'),
    ('TINS.JK', '2024-08-13', '1010.0', '995.0', '1020.0', '985.0'),
    ('TINS.JK', '2024-08-14', '995.0', '995.0', '1005.0', '985.0'),
    ('TINS.JK', '2024-08-15', '1000.0', '1025.0', '1025.0', '990.0'),
    ('TINS.JK', '2024-08-16', '1030.0', '1030.0', '1060.0', '1025.0'),
    ('TINS.JK', '2024-08-19', '1030.0', '1035.0', '1045.0', '1020.0'),
    ('TINS.JK', '2024-08-20', '1040.0', '1035.0', '1055.0', '1030.0'),
    ('TINS.JK', '2024-08-21', '1035.0', '1025.0', '1060.0', '1020.0'),
    ('TINS.JK', '2024-08-22', '1025.0', '1015.0', '1030.0', '1010.0'),
    ('TINS.JK', '2024-08-23', '1015.0', '1030.0', '1040.0', '1015.0'),
    ('TINS.JK', '2024-08-26', '1035.0', '1060.0', '1110.0', '1035.0'),
    ('TINS.JK', '2024-08-27', '1075.0', '1040.0', '1080.0', '1040.0'),
    ('TINS.JK', '2024-08-28', '1050.0', '1030.0', '1055.0', '1025.0'),
    ('TINS.JK', '2024-08-29', '1035.0', '995.0', '1040.0', '995.0'),
    ('TINS.JK', '2024-08-30', '1000.0', '1000.0', '1015.0', '990.0'),
    ('TINS.JK', '2024-09-02', '1000.0', '1000.0', '1015.0', '970.0'),
    ('TINS.JK', '2024-09-03', '1010.0', '1005.0', '1035.0', '995.0'),
    ('TINS.JK', '2024-09-04', '1005.0', '985.0', '1020.0', '985.0'),
    ('TINS.JK', '2024-09-05', '995.0', '995.0', '1000.0', '985.0'),
    ('TINS.JK', '2024-09-06', '995.0', '1000.0', '1005.0', '990.0'),
    ('TINS.JK', '2024-09-09', '1000.0', '970.0', '1010.0', '970.0'),
    ('TINS.JK', '2024-09-10', '970.0', '975.0', '990.0', '970.0'),
    ('TINS.JK', '2024-09-11', '980.0', '985.0', '985.0', '970.0'),
    ('TINS.JK', '2024-09-12', '985.0', '1010.0', '1020.0', '980.0'),
    ('TINS.JK', '2024-09-13', '1020.0', '1005.0', '1035.0', '1000.0'),
    ('TINS.JK', '2024-09-17', '1020.0', '1030.0', '1040.0', '1005.0'),
    ('TINS.JK', '2024-09-18', '1030.0', '1015.0', '1040.0', '1015.0'),
    ('TINS.JK', '2024-09-19', '1015.0', '1030.0', '1035.0', '1015.0'),
    ('TINS.JK', '2024-09-20', '1035.0', '1010.0', '1035.0', '1005.0'),
    ('TINS.JK', '2024-09-23', '1015.0', '1045.0', '1055.0', '1015.0'),
    ('TINS.JK', '2024-09-24', '1050.0', '1070.0', '1075.0', '1040.0'),
    ('TINS.JK', '2024-09-25', '1075.0', '1130.0', '1145.0', '1075.0'),
    ('TINS.JK', '2024-09-26', '1140.0', '1150.0', '1170.0', '1115.0'),
    ('TINS.JK', '2024-09-27', '1160.0', '1150.0', '1185.0', '1135.0'),
    ('TINS.JK', '2024-09-30', '1150.0', '1155.0', '1170.0', '1125.0'),
    ('TINS.JK', '2024-10-01', '1185.0', '1180.0', '1195.0', '1150.0'),
    ('TINS.JK', '2024-10-02', '1130.0', '1180.0', '1215.0', '1110.0'),
    ('TINS.JK', '2024-10-03', '1195.0', '1170.0', '1220.0', '1165.0'),
    ('TINS.JK', '2024-10-04', '1170.0', '1190.0', '1220.0', '1155.0'),
    ('TINS.JK', '2024-10-07', '1200.0', '1250.0', '1265.0', '1190.0'),
    ('TINS.JK', '2024-10-08', '1255.0', '1230.0', '1285.0', '1190.0'),
    ('TINS.JK', '2024-10-09', '1230.0', '1250.0', '1260.0', '1220.0'),
    ('TINS.JK', '2024-10-10', '1265.0', '1255.0', '1285.0', '1235.0'),
    ('TINS.JK', '2024-10-11', '1255.0', '1315.0', '1320.0', '1255.0'),
    ('TINS.JK', '2024-10-14', '1335.0', '1430.0', '1440.0', '1310.0'),
    ('TINS.JK', '2024-10-15', '1435.0', '1380.0', '1465.0', '1370.0'),
    ('TINS.JK', '2024-10-16', '1400.0', '1375.0', '1410.0', '1350.0'),
    ('TINS.JK', '2024-10-17', '1395.0', '1365.0', '1395.0', '1355.0'),
    ('TINS.JK', '2024-10-18', '1390.0', '1335.0', '1390.0', '1325.0'),
    ('TINS.JK', '2024-10-21', '1355.0', '1360.0', '1400.0', '1335.0'),
    ('TINS.JK', '2024-10-22', '1365.0', '1390.0', '1415.0', '1345.0'),
    ('TINS.JK', '2024-10-23', '1390.0', '1340.0', '1410.0', '1325.0'),
    ('TINS.JK', '2024-10-24', '1340.0', '1335.0', '1355.0', '1310.0'),
    ('TINS.JK', '2024-10-25', '1335.0', '1285.0', '1360.0', '1285.0'),
    ('TINS.JK', '2024-10-28', '1285.0', '1330.0', '1345.0', '1280.0'),
    ('TINS.JK', '2024-10-29', '1330.0', '1305.0', '1345.0', '1295.0'),
    ('TINS.JK', '2024-10-30', '1305.0', '1330.0', '1335.0', '1290.0'),
    ('TINS.JK', '2024-10-31', '1320.0', '1305.0', '1335.0', '1280.0'),
    ('TINS.JK', '2024-11-01', '1305.0', '1265.0', '1305.0', '1260.0'),
    ('TINS.JK', '2024-11-04', '1300.0', '1365.0', '1375.0', '1295.0'),
    ('TINS.JK', '2024-11-05', '1395.0', '1520.0', '1520.0', '1365.0'),
    ('TINS.JK', '2024-11-06', '1525.0', '1440.0', '1575.0', '1420.0'),
    ('TINS.JK', '2024-11-07', '1430.0', '1450.0', '1510.0', '1400.0'),
    ('TINS.JK', '2024-11-08', '1530.0', '1480.0', '1530.0', '1445.0'),
    ('TINS.JK', '2024-11-11', '1480.0', '1420.0', '1480.0', '1405.0'),
    ('TINS.JK', '2024-11-12', '1415.0', '1345.0', '1445.0', '1320.0'),
    ('TINS.JK', '2024-11-13', '1345.0', '1370.0', '1380.0', '1310.0'),
    ('TINS.JK', '2024-11-14', '1375.0', '1330.0', '1375.0', '1320.0'),
    ('TINS.JK', '2024-11-15', '1330.0', '1310.0', '1340.0', '1280.0'),
    ('TINS.JK', '2024-11-18', '1320.0', '1300.0', '1330.0', '1280.0'),
    ('TINS.JK', '2024-11-19', '1310.0', '1345.0', '1360.0', '1300.0'),
    ('TINS.JK', '2024-11-20', '1365.0', '1325.0', '1365.0', '1315.0'),
    ('TINS.JK', '2024-11-21', '1330.0', '1295.0', '1330.0', '1290.0'),
    ('TINS.JK', '2024-11-22', '1295.0', '1205.0', '1300.0', '1205.0'),
    ('TINS.JK', '2024-11-25', '1215.0', '1215.0', '1230.0', '1200.0'),
    ('TINS.JK', '2024-11-26', '1215.0', '1165.0', '1225.0', '1160.0'),
    ('TINS.JK', '2024-11-28', '1200.0', '1120.0', '1200.0', '1115.0'),
    ('TINS.JK', '2024-11-29', '1120.0', '1125.0', '1140.0', '1105.0'),
    ('TINS.JK', '2024-12-02', '1130.0', '1045.0', '1140.0', '1040.0'),
    ('TINS.JK', '2024-12-03', '1050.0', '1075.0', '1095.0', '1050.0'),
    ('TINS.JK', '2024-12-04', '1075.0', '1180.0', '1195.0', '1065.0'),
    ('TINS.JK', '2024-12-05', '1200.0', '1145.0', '1200.0', '1130.0'),
    ('TINS.JK', '2024-12-06', '1140.0', '1165.0', '1175.0', '1140.0'),
    ('TINS.JK', '2024-12-09', '1170.0', '1160.0', '1190.0', '1155.0'),
    ('TINS.JK', '2024-12-10', '1175.0', '1205.0', '1230.0', '1175.0'),
    ('TINS.JK', '2024-12-11', '1220.0', '1210.0', '1235.0', '1205.0'),
    ('TINS.JK', '2024-12-12', '1220.0', '1205.0', '1220.0', '1180.0'),
    ('TINS.JK', '2024-12-13', '1200.0', '1180.0', '1200.0', '1170.0'),
    ('TINS.JK', '2024-12-16', '1175.0', '1115.0', '1175.0', '1115.0'),
    ('TINS.JK', '2024-12-17', '1120.0', '1080.0', '1150.0', '1075.0'),
    ('TINS.JK', '2024-12-18', '1085.0', '1115.0', '1130.0', '1055.0'),
    ('TINS.JK', '2024-12-19', '1110.0', '1055.0', '1110.0', '1050.0'),
    ('TINS.JK', '2024-12-20', '1060.0', '1020.0', '1075.0', '1010.0'),
    ('TINS.JK', '2024-12-23', '1040.0', '1005.0', '1045.0', '995.0'),
    ('TINS.JK', '2024-12-24', '1010.0', '1060.0', '1090.0', '1005.0'),
    ('TINS.JK', '2024-12-27', '1065.0', '1030.0', '1100.0', '1020.0'),
    ('TINS.JK', '2024-12-30', '1040.0', '1070.0', '1090.0', '1020.0'),
    ('TINS.JK', '2025-01-02', '1075.0', '1085.0', '1100.0', '1060.0'),
    ('TINS.JK', '2025-01-03', '1075.0', '1055.0', '1095.0', '1050.0'),
    ('TINS.JK', '2025-01-06', '1065.0', '1025.0', '1075.0', '1025.0'),
    ('TINS.JK', '2025-01-07', '1025.0', '1010.0', '1050.0', '1000.0'),
    ('TINS.JK', '2025-01-08', '1015.0', '1005.0', '1025.0', '990.0'),
    ('TINS.JK', '2025-01-09', '1015.0', '995.0', '1030.0', '995.0'),
    ('TINS.JK', '2025-01-10', '1000.0', '1030.0', '1035.0', '995.0'),
    ('TINS.JK', '2025-01-13', '1030.0', '1070.0', '1090.0', '1010.0'),
    ('TINS.JK', '2025-01-14', '1085.0', '1120.0', '1125.0', '1055.0'),
    ('TINS.JK', '2025-01-15', '1120.0', '1080.0', '1125.0', '1075.0'),
    ('TINS.JK', '2025-01-16', '1100.0', '1070.0', '1105.0', '1070.0'),
    ('TINS.JK', '2025-01-17', '1070.0', '1075.0', '1085.0', '1045.0'),
    ('TINS.JK', '2025-01-20', '1085.0', '1075.0', '1110.0', '1070.0'),
    ('TINS.JK', '2025-01-21', '1090.0', '1070.0', '1105.0', '1070.0'),
    ('TINS.JK', '2025-01-22', '1075.0', '1075.0', '1105.0', '1075.0'),
    ('TINS.JK', '2025-01-23', '1075.0', '1050.0', '1090.0', '1040.0'),
    ('TINS.JK', '2025-01-24', '1055.0', '1055.0', '1065.0', '1040.0'),
    ('TINS.JK', '2025-01-30', '1055.0', '1015.0', '1055.0', '1005.0'),
    ('TINS.JK', '2025-01-31', '1020.0', '1005.0', '1035.0', '1000.0'),
    ('TINS.JK', '2025-02-03', '1010.0', '955.0', '1015.0', '950.0'),
    ('TINS.JK', '2025-02-04', '975.0', '960.0', '980.0', '955.0'),
    ('TINS.JK', '2025-02-05', '970.0', '975.0', '990.0', '955.0'),
    ('TINS.JK', '2025-02-06', '990.0', '980.0', '1010.0', '960.0'),
    ('TINS.JK', '2025-02-07', '990.0', '985.0', '1000.0', '960.0'),
    ('TINS.JK', '2025-02-10', '1000.0', '975.0', '1000.0', '970.0'),
    ('TINS.JK', '2025-02-11', '980.0', '930.0', '990.0', '930.0'),
    ('TINS.JK', '2025-02-12', '930.0', '960.0', '975.0', '930.0'),
    ('TINS.JK', '2025-02-13', '965.0', '990.0', '990.0', '960.0'),
    ('TINS.JK', '2025-02-14', '1000.0', '1015.0', '1040.0', '995.0'),
    ('TINS.JK', '2025-02-17', '1035.0', '1045.0', '1065.0', '1035.0'),
    ('TINS.JK', '2025-02-18', '1055.0', '1040.0', '1060.0', '1035.0'),
    ('TINS.JK', '2025-02-19', '1050.0', '1020.0', '1060.0', '1020.0'),
    ('TINS.JK', '2025-02-20', '1025.0', '1040.0', '1055.0', '1015.0'),
    ('TINS.JK', '2025-02-21', '1060.0', '1030.0', '1070.0', '1025.0'),
    ('TINS.JK', '2025-02-24', '1040.0', '1045.0', '1060.0', '1040.0'),
    ('TINS.JK', '2025-02-25', '1045.0', '990.0', '1045.0', '990.0'),
    ('TINS.JK', '2025-02-26', '990.0', '1000.0', '1005.0', '970.0'),
    ('TINS.JK', '2025-02-27', '1005.0', '960.0', '1005.0', '955.0'),
    ('TINS.JK', '2025-02-28', '955.0', '880.0', '955.0', '880.0'),
    ('TINS.JK', '2025-03-03', '890.0', '965.0', '980.0', '885.0'),
    ('TINS.JK', '2025-03-04', '965.0', '905.0', '970.0', '895.0'),
    ('TINS.JK', '2025-03-05', '915.0', '955.0', '965.0', '915.0'),
    ('TINS.JK', '2025-03-06', '965.0', '965.0', '985.0', '960.0'),
    ('TINS.JK', '2025-03-07', '985.0', '1015.0', '1035.0', '975.0'),
    ('TINS.JK', '2025-03-10', '1025.0', '985.0', '1030.0', '985.0'),
    ('TINS.JK', '2025-03-11', '975.0', '980.0', '990.0', '955.0'),
    ('TINS.JK', '2025-03-12', '985.0', '975.0', '1000.0', '975.0'),
    ('TINS.JK', '2025-03-13', '980.0', '970.0', '985.0', '960.0'),
    ('TINS.JK', '2025-03-14', '1020.0', '1030.0', '1060.0', '1020.0'),
    ('TINS.JK', '2025-03-17', '1035.0', '1010.0', '1035.0', '1000.0'),
    ('TINS.JK', '2025-03-18', '1015.0', '975.0', '1020.0', '920.0'),
    ('TINS.JK', '2025-03-19', '975.0', '965.0', '980.0', '955.0'),
    ('TINS.JK', '2025-03-20', '970.0', '940.0', '975.0', '935.0'),
    ('TINS.JK', '2025-03-21', '950.0', '905.0', '950.0', '895.0'),
    ('TINS.JK', '2025-03-24', '905.0', '885.0', '910.0', '850.0'),
    ('TINS.JK', '2025-03-25', '895.0', '890.0', '905.0', '855.0'),
    ('TINS.JK', '2025-03-26', '905.0', '965.0', '965.0', '900.0'),
    ('TINS.JK', '2025-03-27', '965.0', '960.0', '970.0', '935.0'),
    ('TINS.JK', '2025-04-08', '850.0', '840.0', '875.0', '825.0'),
    ('TINS.JK', '2025-04-09', '835.0', '915.0', '925.0', '835.0'),
    ('TINS.JK', '2025-04-10', '955.0', '930.0', '980.0', '930.0'),
    ('TINS.JK', '2025-04-11', '930.0', '960.0', '990.0', '925.0'),
    ('TINS.JK', '2025-04-14', '970.0', '1020.0', '1025.0', '970.0'),
    ('TINS.JK', '2025-04-15', '1030.0', '1015.0', '1060.0', '1015.0'),
    ('TINS.JK', '2025-04-16', '1015.0', '1015.0', '1040.0', '1005.0'),
    ('TINS.JK', '2025-04-17', '1020.0', '1010.0', '1035.0', '1010.0'),
    ('TINS.JK', '2025-04-21', '1025.0', '1030.0', '1045.0', '1020.0'),
    ('TINS.JK', '2025-04-22', '1045.0', '1070.0', '1080.0', '1030.0'),
    ('TINS.JK', '2025-04-23', '1090.0', '1035.0', '1095.0', '1025.0'),
    ('TINS.JK', '2025-04-24', '1045.0', '1065.0', '1075.0', '1040.0'),
    ('TINS.JK', '2025-04-25', '1080.0', '1135.0', '1170.0', '1060.0'),
    ('TINS.JK', '2025-04-28', '1155.0', '1175.0', '1180.0', '1135.0'),
    ('TINS.JK', '2025-04-29', '1180.0', '1165.0', '1185.0', '1155.0'),
    ('TINS.JK', '2025-04-30', '1170.0', '1190.0', '1215.0', '1145.0'),
    ('TINS.JK', '2025-05-02', '1195.0', '1105.0', '1200.0', '1100.0'),
    ('TINS.JK', '2025-05-05', '1100.0', '1110.0', '1120.0', '1080.0'),
    ('TINS.JK', '2025-05-06', '1120.0', '1195.0', '1205.0', '1115.0'),
    ('TINS.JK', '2025-05-07', '1195.0', '1215.0', '1250.0', '1180.0'),
    ('TINS.JK', '2025-05-08', '1230.0', '1140.0', '1245.0', '1135.0'),
    ('TINS.JK', '2025-05-09', '1150.0', '1120.0', '1160.0', '1120.0');
CREATE TABLE stock_ipo (
    ticker VARCHAR(100),
    harga_penawaran INT,
    status_ipo ENUM('open', 'closed'),
    tanggal_ipo DATE,
    PRIMARY KEY (ticker)
,
    FOREIGN KEY (ticker) REFERENCES stocks(ticker) ON DELETE CASCADE ON UPDATE CASCADE  
);
INSERT INTO stock_ipo (ticker, harga_penawaran, status_ipo, tanggal_ipo) VALUES
    ('ELIT.JK', '3430', 'open', '2025-02-12'),
    ('BAYU.JK', '5066', 'closed', '2024-10-12'),
    ('BINA.JK', '9412', 'open', '2025-01-29'),
    ('BOLT.JK', '5896', 'closed', '2025-03-26'),
    ('WIFI.JK', '3848', 'open', '2024-10-16'),
    ('DATA.JK', '8408', 'open', '2024-06-17'),
    ('VKTR.JK', '8570', 'open', '2025-03-20'),
    ('FORE.JK', '3290', 'open', '2024-05-16'),
    ('ISAT.JK', '2010', 'open', '2024-07-01'),
    ('EXCL.JK', '4246', 'closed', '2024-10-03');
CREATE TABLE comments (
    comment_id INT,
    nik VARCHAR(100),
    isi TEXT,
    timestamp DATETIME,
    PRIMARY KEY (comment_id)
,
    FOREIGN KEY (nik) REFERENCES users(nik) ON DELETE CASCADE ON UPDATE CASCADE  
);
INSERT INTO comments (comment_id, nik, isi, timestamp) VALUES
    ('1', '244-39-1997', 'Deserunt non eligendi nesciunt eum. Commodi sint mollitia. Consequuntur rerum fugiat ad ipsa eum.', '2025-02-23 02:50:41'),
    ('2', '291-87-9718', 'Dolores officia nam amet sapiente. Laboriosam aliquam quis veniam veritatis.', '2025-02-15 15:14:33'),
    ('3', '715-31-9369', 'Amet accusamus earum a ipsum quas vero atque.', '2025-01-16 15:45:03'),
    ('4', '484-05-4704', 'Sunt ut cupiditate. Assumenda doloremque sit neque.', '2025-02-09 17:48:45'),
    ('5', '274-51-1295', 'Ad adipisci commodi delectus quod. Architecto iste blanditiis velit.', '2025-02-24 16:12:17'),
    ('6', '375-97-2364', 'Nostrum ratione suscipit officia quidem culpa nobis. Libero asperiores nobis impedit natus.', '2025-01-20 00:44:41'),
    ('7', '641-28-4336', 'Porro facere molestiae eum reiciendis. Maxime blanditiis quam eos doloribus nisi odio excepturi.', '2025-03-16 23:19:39'),
    ('8', '671-88-5531', 'Dolores dolore nobis quibusdam unde explicabo. Corrupti mollitia et dolore rem.', '2025-03-25 01:15:37'),
    ('9', '483-04-9199', 'Facilis voluptatum laboriosam cumque sequi. Nobis repellat sapiente voluptatem facilis quis at.', '2025-03-17 02:10:04'),
    ('10', '607-55-6371', 'Cumque architecto sit numquam nemo. Enim iusto incidunt cumque. Repellat deserunt quae.', '2025-02-14 11:37:50'),
    ('11', '607-55-6371', 'Explicabo deserunt ullam cumque. Corporis quae earum ad. Occaecati fuga ipsum ex nostrum.', '2025-02-22 21:11:04'),
    ('12', '836-09-8728', 'Illo inventore impedit voluptatem ex fuga. Doloremque soluta laudantium vero nihil.', '2025-02-23 13:08:02'),
    ('13', '641-28-4336', 'Debitis consequatur voluptates facilis placeat repudiandae facere.', '2025-01-10 23:20:40'),
    ('14', '774-07-1797', 'Vero rem earum. Velit accusamus sit quasi quisquam ratione quisquam. Libero neque modi.', '2025-01-13 14:39:14'),
    ('15', '483-04-9199', 'Impedit temporibus dignissimos cum atque. Est molestiae molestias architecto voluptatem.', '2025-05-08 15:58:20'),
    ('16', '411-68-1289', 'A distinctio beatae possimus impedit exercitationem ipsum. Quam quos sit eveniet.', '2025-04-14 19:22:43'),
    ('17', '715-31-9369', 'Repellat quidem pariatur nam nostrum. Ullam occaecati voluptate a vero eveniet porro.', '2025-01-12 13:43:13'),
    ('18', '746-44-1791', 'Fuga alias accusamus nesciunt blanditiis. Officia suscipit tempora atque unde.', '2025-02-16 19:55:13'),
    ('19', '233-47-2940', 'Facilis quidem quis rerum inventore. Rerum culpa fugiat cupiditate.', '2025-03-09 18:15:57'),
    ('20', '033-74-1801', 'Molestiae assumenda minima atque ea. Consequatur debitis incidunt sed dignissimos rem dolore.', '2025-03-26 09:28:07'),
    ('21', '340-50-2293', 'Assumenda cumque quia.', '2025-05-10 02:34:31'),
    ('22', '483-04-9199', 'Numquam aliquam fugit aliquam ipsa ad nobis. Optio suscipit fugiat.', '2025-02-04 02:56:15'),
    ('23', '233-47-2940', 'Explicabo quibusdam quidem sint. Delectus ratione quam. Excepturi placeat eos vero tenetur ad.', '2025-05-02 08:47:23'),
    ('24', '144-65-4740', 'Quas rem rem at quae iste. Quam ratione molestias non dicta nihil occaecati.', '2025-04-18 23:34:07'),
    ('25', '655-08-1230', 'Consequuntur voluptatum deserunt repellendus culpa dolor nobis corporis.', '2025-03-05 13:59:09'),
    ('26', '411-68-1289', 'Dolores vel inventore vitae quia maxime.
Quia incidunt sed vel. Soluta animi suscipit facere id.', '2025-05-03 10:14:24'),
    ('27', '144-65-4740', 'Natus eos quo suscipit necessitatibus recusandae. Veritatis tempora autem saepe rem.', '2025-05-01 14:54:08'),
    ('28', '244-39-1997', 'Quisquam voluptas adipisci ipsam quibusdam est velit. Maxime dolore pariatur nobis facere.', '2025-03-19 06:47:07'),
    ('29', '468-18-7613', 'Nihil facere perspiciatis ipsa eaque quos. Nemo exercitationem occaecati unde dolor natus.', '2025-04-17 15:42:02'),
    ('30', '716-63-1990', 'Rerum cum quibusdam.
Pariatur maiores nobis.', '2025-05-02 13:33:49'),
    ('31', '131-25-6889', 'Eos non similique eum. Illum debitis occaecati deserunt nesciunt ipsam illum.', '2025-04-29 20:26:30'),
    ('32', '027-12-3751', 'Quaerat ipsum consequuntur illo. Perferendis nisi exercitationem nam at sit.', '2025-03-17 20:58:15'),
    ('33', '753-89-8045', 'Molestias quasi laudantium quasi non doloremque incidunt. Soluta molestiae soluta sed debitis.', '2025-03-08 22:36:36'),
    ('34', '375-97-2364', 'Omnis cupiditate dolore expedita. Assumenda hic sit facilis.', '2025-04-15 23:28:29'),
    ('35', '052-38-6294', 'Sint veritatis consectetur ullam sed reiciendis veritatis. Optio molestiae voluptate nisi porro.', '2025-04-16 05:14:22'),
    ('36', '716-63-1990', 'Illo hic deserunt quisquam omnis ad nulla. Fugit aspernatur nostrum quaerat optio.', '2025-02-04 18:23:51'),
    ('37', '753-89-8045', 'Debitis quia sequi eaque delectus minima itaque. Deserunt explicabo repellendus eos odit odio.', '2025-01-01 03:03:02'),
    ('38', '766-62-3506', 'Totam nobis cum dicta. Neque eaque alias saepe distinctio esse.', '2025-03-07 14:40:18'),
    ('39', '833-17-8625', 'Veniam recusandae alias explicabo itaque. Minus voluptatum possimus minima natus non rerum quidem.', '2025-05-05 22:03:05'),
    ('40', '766-62-3506', 'Vel nam totam quod. Animi eveniet quo magni recusandae ipsum.', '2025-03-20 02:21:29'),
    ('41', '411-68-1289', 'Voluptates ad ut ab aliquam culpa. Fuga dolorem officia doloremque vero.', '2025-01-24 00:59:07'),
    ('42', '230-14-5737', 'Sed minima fugit nesciunt voluptatum. Corporis vitae porro vel in tempore ratione.', '2025-02-25 03:06:50'),
    ('43', '641-28-4336', 'Saepe commodi non soluta officia. Esse at fugiat ab at doloribus ea cum.', '2025-01-21 13:20:56'),
    ('44', '131-25-6889', 'Sequi molestiae eum velit eaque commodi quam. Qui sunt dolor repellat enim velit necessitatibus.', '2025-01-28 15:50:43'),
    ('45', '872-21-2853', 'Hic aperiam saepe quibusdam voluptatum quisquam dicta. Voluptate dolores harum aspernatur nemo.', '2025-03-06 07:04:59'),
    ('46', '655-08-1230', 'Impedit iusto distinctio nisi at voluptas corporis.
Quasi blanditiis culpa sint.', '2025-02-08 02:58:34'),
    ('47', '692-31-6616', 'Eos deserunt fugit. Modi optio iste soluta repellat.', '2025-05-01 23:16:09'),
    ('48', '523-96-8500', 'Enim consectetur saepe nihil praesentium facilis voluptas quam. Repellat quasi a ut.', '2025-01-27 03:26:27'),
    ('49', '836-09-8728', 'Voluptatibus ut in facere.', '2025-01-31 07:48:27'),
    ('50', '880-61-3645', 'Repellat pariatur ipsum corporis. Sit autem exercitationem. Iure deserunt aliquam iste.', '2025-01-21 18:50:27');
CREATE TABLE post_likes (
    post_id INT,
    nik VARCHAR(100),
    timestamp DATETIME,
    PRIMARY KEY (post_id, nik)
,
    FOREIGN KEY (post_id) REFERENCES posts(post_id) ON DELETE CASCADE ON UPDATE CASCADE  
,
    FOREIGN KEY (nik) REFERENCES users(nik) ON DELETE CASCADE ON UPDATE CASCADE  
);
INSERT INTO post_likes (post_id, nik, timestamp) VALUES
    ('82', '716-63-1990', '2025-04-25 19:15:24'),
    ('21', '753-89-8045', '2025-04-06 00:13:27'),
    ('57', '375-97-2364', '2025-03-01 04:23:49'),
    ('91', '833-17-8625', '2025-05-02 20:45:31'),
    ('72', '655-15-0410', '2025-04-02 04:57:19'),
    ('15', '746-44-1791', '2025-05-05 15:28:40'),
    ('89', '468-18-7613', '2025-04-24 10:18:03'),
    ('70', '774-07-1797', '2025-04-11 08:02:48'),
    ('48', '766-62-3506', '2025-02-18 22:55:57'),
    ('71', '468-18-7613', '2025-02-06 21:05:17'),
    ('56', '131-25-6889', '2025-05-10 11:53:20'),
    ('6', '652-25-4107', '2025-02-07 17:22:18'),
    ('47', '774-07-1797', '2025-05-06 19:14:14'),
    ('46', '233-47-2940', '2025-03-02 10:44:19'),
    ('88', '027-12-3751', '2025-04-14 22:27:55'),
    ('86', '620-27-5618', '2025-04-30 11:13:43'),
    ('46', '607-55-6371', '2025-04-20 01:55:58'),
    ('72', '630-77-8308', '2025-04-01 01:30:58'),
    ('80', '753-89-8045', '2025-05-09 01:18:56'),
    ('20', '027-12-3751', '2025-03-15 23:08:35'),
    ('21', '172-78-9950', '2025-04-09 08:20:54'),
    ('53', '047-85-3734', '2025-04-26 16:55:52'),
    ('23', '753-89-8045', '2025-05-12 01:58:19'),
    ('43', '630-77-8308', '2025-03-05 21:47:21'),
    ('86', '753-89-8045', '2025-03-19 16:54:46'),
    ('32', '715-31-9369', '2025-03-28 22:37:36'),
    ('21', '274-51-1295', '2025-05-07 22:53:43'),
    ('14', '291-87-9718', '2025-05-03 08:24:16'),
    ('5', '065-92-7499', '2025-05-02 17:39:40'),
    ('29', '030-64-5326', '2025-05-05 23:03:44'),
    ('59', '068-17-4506', '2025-04-16 16:39:48'),
    ('40', '641-28-4336', '2025-05-08 16:20:17'),
    ('29', '047-85-3734', '2025-05-02 16:52:43'),
    ('85', '030-64-5326', '2025-05-02 13:42:28'),
    ('52', '250-17-9251', '2025-05-10 02:13:21'),
    ('36', '746-44-1791', '2025-03-04 08:26:23'),
    ('99', '715-31-9369', '2025-04-11 16:21:59'),
    ('45', '144-65-4740', '2025-03-30 18:22:55'),
    ('66', '411-68-1289', '2025-03-28 09:37:33'),
    ('87', '052-38-6294', '2025-02-08 23:20:41'),
    ('43', '047-85-3734', '2025-05-07 18:02:02'),
    ('15', '716-63-1990', '2025-05-09 21:40:54'),
    ('23', '766-62-3506', '2025-04-13 09:19:21'),
    ('34', '774-07-1797', '2025-05-12 08:18:27'),
    ('14', '657-70-8591', '2025-04-13 08:19:52'),
    ('56', '068-17-4506', '2025-05-13 15:11:29'),
    ('94', '483-04-9199', '2025-05-11 04:50:55'),
    ('56', '657-70-8591', '2025-05-11 02:05:05'),
    ('66', '880-61-3645', '2025-01-07 00:36:51'),
    ('50', '033-74-1801', '2025-05-13 04:13:56');
CREATE TABLE post_comments (
    comment_id INT,
    post_id INT,
    PRIMARY KEY (comment_id, post_id)
,
    FOREIGN KEY (post_id) REFERENCES posts(post_id) ON DELETE CASCADE ON UPDATE CASCADE  
,
    FOREIGN KEY (comment_id) REFERENCES comments(comment_id) ON DELETE CASCADE ON UPDATE CASCADE  
);
INSERT INTO post_comments (comment_id, post_id) VALUES
    ('10', '73'),
    ('41', '11'),
    ('11', '11'),
    ('44', '94'),
    ('28', '63'),
    ('39', '9'),
    ('5', '98'),
    ('25', '69'),
    ('43', '99'),
    ('45', '17'),
    ('30', '17'),
    ('34', '85'),
    ('17', '61'),
    ('36', '71'),
    ('1', '22'),
    ('8', '34'),
    ('18', '68'),
    ('22', '78'),
    ('35', '55'),
    ('50', '28'),
    ('14', '70'),
    ('6', '97'),
    ('15', '94'),
    ('37', '89'),
    ('24', '26'),
    ('26', '92'),
    ('9', '40'),
    ('38', '52'),
    ('29', '86'),
    ('23', '84'),
    ('4', '48'),
    ('31', '57'),
    ('21', '67'),
    ('7', '58'),
    ('47', '16'),
    ('33', '32'),
    ('13', '29'),
    ('3', '9'),
    ('42', '44'),
    ('12', '3'),
    ('27', '76'),
    ('46', '71'),
    ('32', '30'),
    ('19', '76'),
    ('49', '29'),
    ('40', '1'),
    ('16', '10'),
    ('48', '91'),
    ('20', '81'),
    ('2', '8');
CREATE TABLE post_tags (
    post_id INT,
    ticker VARCHAR(100),
    PRIMARY KEY (post_id, ticker)
,
    FOREIGN KEY (post_id) REFERENCES posts(post_id) ON DELETE CASCADE ON UPDATE CASCADE  
,
    FOREIGN KEY (ticker) REFERENCES stocks(ticker) ON DELETE CASCADE ON UPDATE CASCADE  
);
INSERT INTO post_tags (post_id, ticker) VALUES
    ('61', 'BAYU.JK'),
    ('22', 'BOLT.JK'),
    ('11', 'WIFI.JK'),
    ('66', 'BOLT.JK'),
    ('82', 'TINS.JK'),
    ('43', 'UNVR.JK'),
    ('97', 'MDKA.JK'),
    ('87', 'WIFI.JK'),
    ('29', 'BRPT.JK'),
    ('19', 'FORE.JK'),
    ('6', 'MDKA.JK'),
    ('61', 'TINS.JK'),
    ('99', 'UNVR.JK'),
    ('59', 'ASII.JK'),
    ('81', 'JPFA.JK'),
    ('25', 'PGAS.JK'),
    ('90', 'BBCA.JK'),
    ('64', 'BBCA.JK'),
    ('32', 'ITMG.JK'),
    ('84', 'PGAS.JK'),
    ('1', 'EXCL.JK'),
    ('99', 'ISAT.JK'),
    ('100', 'ASII.JK'),
    ('29', 'TLKM.JK'),
    ('90', 'GGRM.JK'),
    ('60', 'SMGR.JK'),
    ('72', 'MDKA.JK'),
    ('16', 'DATA.JK'),
    ('18', 'DATA.JK'),
    ('86', 'GGRM.JK'),
    ('72', 'TINS.JK'),
    ('41', 'EXCL.JK'),
    ('57', 'TINS.JK'),
    ('93', 'GGRM.JK'),
    ('55', 'BINA.JK'),
    ('58', 'TLKM.JK'),
    ('96', 'PTBA.JK'),
    ('58', 'ELIT.JK'),
    ('82', 'ELIT.JK'),
    ('99', 'EXCL.JK'),
    ('67', 'PTBA.JK'),
    ('81', 'MDKA.JK'),
    ('36', 'DATA.JK'),
    ('10', 'PGAS.JK'),
    ('37', 'MDKA.JK'),
    ('35', 'VKTR.JK'),
    ('41', 'BINA.JK'),
    ('11', 'ITMG.JK'),
    ('20', 'MDKA.JK');
CREATE TABLE moderators (
    username VARCHAR(100),
    password VARCHAR(100),
    PRIMARY KEY (username)
);
INSERT INTO moderators (username, password) VALUES
    ('estiono25', '*9BGTaIOel'),
    ('lanangfirmansyah', '%LgRS((j3F'),
    ('vjailani', 'LD3JzjblV_'),
    ('banarapurnawati', '^B89Iptc*x'),
    ('jamilmaulana', 'oH_Y5H^yi+'),
    ('iswahyudivero', '_5J37CCzTN'),
    ('maheswaragalih', '*c7aAvna6F'),
    ('sidiqyolanda', 'N@41!AgzJ)'),
    ('liman26', 'T#2D3hqXKC'),
    ('sidiq52', '$Wf4U@cq3W'),
    ('alikawinarno', '@3yzv)puFP'),
    ('budimankarna', 'H0BzJHZR$&'),
    ('purwa91', '%&6LXXgh(e'),
    ('ganda52', 'j#48%XUdL+'),
    ('kajenjailani', 'P$p)1HxupS'),
    ('pertiwipanca', '@ly8Vb8oCS'),
    ('putri37', '^gSk9PySZd'),
    ('putrafitriani', 'xbP$5oIs$6'),
    ('lhutagalung', 'xv0NldgB8)'),
    ('danujamarbun', '*EjKMn&lA7');
CREATE TABLE monitoring_posts (
    post_id INT,
    username VARCHAR(100),
    approval_status ENUM('approved', 'rejected'),
    timestamp DATE,
    PRIMARY KEY (username, post_id)
,
    FOREIGN KEY (username) REFERENCES moderators(username) ON DELETE CASCADE ON UPDATE CASCADE  
,
    FOREIGN KEY (post_id) REFERENCES posts(post_id) ON DELETE CASCADE ON UPDATE CASCADE  
);
INSERT INTO monitoring_posts (post_id, username, approval_status, timestamp) VALUES
    ('25', 'sidiq52', 'approved', '2025-04-17 03:25:30'),
    ('33', 'putrafitriani', 'rejected', '2025-02-20 11:51:15'),
    ('6', 'jamilmaulana', 'rejected', '2025-04-14 21:45:54'),
    ('91', 'maheswaragalih', 'approved', '2025-02-01 04:59:32'),
    ('56', 'ganda52', 'approved', '2025-03-29 15:10:12'),
    ('1', 'purwa91', 'rejected', '2025-04-12 08:26:45'),
    ('67', 'iswahyudivero', 'approved', '2025-04-21 21:27:40'),
    ('69', 'danujamarbun', 'rejected', '2025-04-09 10:04:58'),
    ('88', 'lhutagalung', 'rejected', '2025-03-26 23:40:47'),
    ('86', 'sidiq52', 'approved', '2025-04-15 16:23:13'),
    ('26', 'purwa91', 'approved', '2025-01-12 23:36:37'),
    ('47', 'putrafitriani', 'approved', '2025-02-20 09:21:38'),
    ('96', 'estiono25', 'approved', '2025-03-23 07:41:29'),
    ('9', 'sidiq52', 'rejected', '2025-03-04 04:13:53'),
    ('97', 'sidiq52', 'rejected', '2025-05-10 10:30:24'),
    ('43', 'maheswaragalih', 'approved', '2025-02-04 22:04:06'),
    ('80', 'ganda52', 'approved', '2025-03-15 20:05:34'),
    ('41', 'lhutagalung', 'approved', '2025-02-28 04:01:50'),
    ('16', 'danujamarbun', 'rejected', '2025-01-18 18:26:17'),
    ('39', 'alikawinarno', 'approved', '2025-01-31 15:32:44'),
    ('65', 'kajenjailani', 'rejected', '2025-05-11 22:39:15'),
    ('40', 'kajenjailani', 'rejected', '2025-02-02 02:35:03'),
    ('53', 'kajenjailani', 'rejected', '2025-04-19 16:20:21'),
    ('42', 'maheswaragalih', 'approved', '2025-03-31 23:24:35'),
    ('52', 'putri37', 'rejected', '2025-04-23 08:27:09');
CREATE TABLE orders (
    order_id INT AUTO_INCREMENT,
    nik VARCHAR(100),
    ticker VARCHAR(100),
    tipe_order ENUM('beli', 'jual'),
    harga INT,
    jumlah_lembar INT,
    status ENUM('pending', 'partial', 'executed'),
    PRIMARY KEY (order_id)
,
    FOREIGN KEY (nik) REFERENCES users(nik) ON DELETE CASCADE ON UPDATE CASCADE  
,
    FOREIGN KEY (ticker) REFERENCES stocks(ticker) ON DELETE CASCADE ON UPDATE CASCADE  
);
INSERT INTO orders (order_id, nik, ticker, tipe_order, harga, jumlah_lembar, status) VALUES
    ('1', '131-25-6889', 'PTBA.JK', 'jual', '9759', '52446', 'executed'),
    ('2', '387-87-9912', 'ISAT.JK', 'beli', '1673', '57136', 'pending'),
    ('3', '033-74-1801', 'BRPT.JK', 'jual', '7474', '62853', 'pending'),
    ('4', '244-39-1997', 'PGAS.JK', 'jual', '2116', '55695', 'pending'),
    ('5', '716-63-1990', 'EXCL.JK', 'beli', '2461', '39309', 'pending'),
    ('6', '230-14-5737', 'TLKM.JK', 'beli', '2850', '76874', 'executed'),
    ('7', '657-70-8591', 'TINS.JK', 'beli', '6861', '86663', 'executed'),
    ('8', '753-89-8045', 'PGAS.JK', 'beli', '4351', '93682', 'partial'),
    ('9', '880-61-3645', 'EXCL.JK', 'beli', '4811', '27964', 'partial'),
    ('10', '225-35-7141', 'WIFI.JK', 'jual', '1006', '44792', 'pending'),
    ('11', '620-27-5618', 'JPFA.JK', 'beli', '1717', '33360', 'partial'),
    ('12', '047-85-3734', 'WIFI.JK', 'beli', '7563', '43575', 'executed'),
    ('13', '033-74-1801', 'BOLT.JK', 'beli', '3712', '47228', 'partial'),
    ('14', '291-87-9718', 'BBCA.JK', 'jual', '9119', '18959', 'partial'),
    ('15', '340-50-2293', 'BRPT.JK', 'beli', '2595', '56220', 'partial'),
    ('16', '746-44-1791', 'JPFA.JK', 'beli', '4166', '91360', 'partial'),
    ('17', '274-51-1295', 'BMRI.JK', 'jual', '1462', '74347', 'partial'),
    ('18', '027-12-3751', 'ISAT.JK', 'jual', '2035', '61610', 'executed'),
    ('19', '274-51-1295', 'EXCL.JK', 'jual', '2070', '67606', 'pending'),
    ('20', '652-25-4107', 'BOLT.JK', 'jual', '9818', '75136', 'executed'),
    ('21', '657-70-8591', 'ISAT.JK', 'beli', '9957', '70916', 'executed'),
    ('22', '033-74-1801', 'SMGR.JK', 'beli', '7565', '60520', 'executed'),
    ('23', '068-17-4506', 'BINA.JK', 'beli', '2587', '35586', 'pending'),
    ('24', '833-17-8625', 'BOLT.JK', 'jual', '5437', '54225', 'executed'),
    ('25', '230-14-5737', 'UNVR.JK', 'beli', '4710', '42789', 'executed'),
    ('26', '872-21-2853', 'BMRI.JK', 'beli', '7463', '82129', 'partial'),
    ('27', '250-17-9251', 'FORE.JK', 'jual', '9944', '55337', 'executed'),
    ('28', '630-77-8308', 'PTBA.JK', 'beli', '7485', '91289', 'executed'),
    ('29', '620-27-5618', 'ASII.JK', 'jual', '6105', '66418', 'partial'),
    ('30', '230-14-5737', 'BMRI.JK', 'jual', '2479', '42904', 'partial'),
    ('31', '244-39-1997', 'PGAS.JK', 'jual', '6137', '86496', 'pending'),
    ('32', '468-18-7613', 'ASII.JK', 'beli', '3033', '80439', 'pending'),
    ('33', '172-78-9950', 'BAYU.JK', 'beli', '1959', '90106', 'partial'),
    ('34', '630-69-1531', 'BMRI.JK', 'jual', '5036', '91356', 'partial'),
    ('35', '715-31-9369', 'TINS.JK', 'beli', '6755', '14863', 'pending'),
    ('36', '052-38-6294', 'EXCL.JK', 'jual', '2287', '55376', 'executed'),
    ('37', '065-92-7499', 'DATA.JK', 'beli', '4720', '78120', 'executed'),
    ('38', '833-17-8625', 'BAYU.JK', 'jual', '4393', '55214', 'partial'),
    ('39', '766-62-3506', 'ELIT.JK', 'beli', '7730', '92977', 'executed'),
    ('40', '483-04-9199', 'MDKA.JK', 'beli', '2638', '67459', 'executed'),
    ('41', '692-31-6616', 'ELIT.JK', 'jual', '6368', '48810', 'executed'),
    ('42', '797-49-8240', 'MDKA.JK', 'beli', '7209', '63637', 'pending'),
    ('43', '523-96-8500', 'DATA.JK', 'beli', '1405', '77873', 'executed'),
    ('44', '033-74-1801', 'TINS.JK', 'jual', '3226', '39153', 'executed'),
    ('45', '387-87-9912', 'BBCA.JK', 'jual', '3931', '6155', 'partial'),
    ('46', '250-17-9251', 'FORE.JK', 'jual', '7144', '89445', 'partial'),
    ('47', '655-08-1230', 'VKTR.JK', 'jual', '8067', '65209', 'partial'),
    ('48', '172-78-9950', 'PTBA.JK', 'beli', '6355', '57122', 'partial'),
    ('49', '233-47-2940', 'HMSP.JK', 'beli', '1235', '40730', 'partial'),
    ('50', '716-63-1990', 'VKTR.JK', 'jual', '6966', '64230', 'partial'),
    ('51', '715-31-9369', 'TINS.JK', 'jual', '9806', '3826', 'executed'),
    ('52', '274-51-1295', 'ELIT.JK', 'jual', '6054', '41804', 'pending'),
    ('53', '375-97-2364', 'FORE.JK', 'beli', '9297', '79772', 'pending'),
    ('54', '630-69-1531', 'BRPT.JK', 'jual', '3143', '31788', 'partial'),
    ('55', '692-31-6616', 'MDKA.JK', 'jual', '7626', '49973', 'pending'),
    ('56', '568-12-9781', 'ASII.JK', 'beli', '7860', '44107', 'executed'),
    ('57', '655-08-1230', 'BINA.JK', 'jual', '1887', '14209', 'partial'),
    ('58', '523-96-8500', 'MDKA.JK', 'jual', '6685', '30003', 'pending'),
    ('59', '274-51-1295', 'PTBA.JK', 'beli', '7971', '21007', 'pending'),
    ('60', '144-65-4740', 'PGAS.JK', 'beli', '3865', '19944', 'partial'),
    ('61', '655-08-1230', 'DATA.JK', 'beli', '8404', '56123', 'partial'),
    ('62', '047-85-3734', 'UNVR.JK', 'jual', '6089', '52591', 'pending'),
    ('63', '384-56-2386', 'MDKA.JK', 'jual', '2103', '51137', 'pending'),
    ('64', '411-68-1289', 'PGAS.JK', 'beli', '2295', '23184', 'partial'),
    ('65', '027-12-3751', 'WIFI.JK', 'beli', '2512', '48826', 'executed'),
    ('66', '387-87-9912', 'JPFA.JK', 'jual', '9739', '67774', 'executed'),
    ('67', '230-14-5737', 'PTBA.JK', 'jual', '1982', '803', 'executed'),
    ('68', '375-97-2364', 'GGRM.JK', 'beli', '2775', '62205', 'executed'),
    ('69', '068-17-4506', 'ASII.JK', 'jual', '8883', '93188', 'partial'),
    ('70', '753-89-8045', 'BINA.JK', 'beli', '4209', '10373', 'pending'),
    ('71', '250-17-9251', 'HMSP.JK', 'jual', '8275', '1786', 'executed'),
    ('72', '274-51-1295', 'DATA.JK', 'jual', '3210', '94147', 'partial'),
    ('73', '715-31-9369', 'WIFI.JK', 'jual', '3688', '83702', 'partial'),
    ('74', '716-63-1990', 'MDKA.JK', 'beli', '3412', '95742', 'pending'),
    ('75', '880-61-3645', 'BAYU.JK', 'beli', '1876', '26725', 'executed'),
    ('76', '030-64-5326', 'VKTR.JK', 'jual', '4748', '96393', 'partial'),
    ('77', '880-61-3645', 'BAYU.JK', 'jual', '4735', '56372', 'partial'),
    ('78', '052-38-6294', 'EXCL.JK', 'jual', '9721', '6304', 'partial'),
    ('79', '274-51-1295', 'TLKM.JK', 'jual', '3765', '48300', 'partial'),
    ('80', '030-64-5326', 'BRPT.JK', 'beli', '6075', '16767', 'pending'),
    ('81', '753-89-8045', 'PTBA.JK', 'beli', '9248', '42507', 'partial'),
    ('82', '715-31-9369', 'BAYU.JK', 'jual', '5396', '6180', 'pending'),
    ('83', '766-62-3506', 'EXCL.JK', 'jual', '5169', '40043', 'executed'),
    ('84', '630-69-1531', 'TINS.JK', 'jual', '5672', '85487', 'partial'),
    ('85', '384-56-2386', 'ISAT.JK', 'jual', '3386', '25797', 'pending'),
    ('86', '030-64-5326', 'WIFI.JK', 'beli', '3292', '25369', 'pending'),
    ('87', '641-28-4336', 'HMSP.JK', 'jual', '5677', '70421', 'executed'),
    ('88', '172-78-9950', 'WIFI.JK', 'jual', '2390', '59081', 'partial'),
    ('89', '655-15-0410', 'PGAS.JK', 'jual', '4379', '31837', 'executed'),
    ('90', '052-38-6294', 'ITMG.JK', 'jual', '3725', '64132', 'pending'),
    ('91', '715-31-9369', 'SMGR.JK', 'beli', '4139', '72757', 'executed'),
    ('92', '836-09-8728', 'BINA.JK', 'jual', '3780', '9539', 'partial'),
    ('93', '384-56-2386', 'PGAS.JK', 'jual', '1206', '85860', 'executed'),
    ('94', '131-25-6889', 'BMRI.JK', 'beli', '2102', '79527', 'partial'),
    ('95', '523-96-8500', 'PTBA.JK', 'beli', '1683', '33415', 'partial'),
    ('96', '620-27-5618', 'FORE.JK', 'beli', '1543', '50675', 'executed'),
    ('97', '033-74-1801', 'WIFI.JK', 'beli', '6324', '94266', 'executed'),
    ('98', '065-92-7499', 'PTBA.JK', 'beli', '5370', '81806', 'pending'),
    ('99', '797-49-8240', 'VKTR.JK', 'jual', '4760', '40054', 'pending'),
    ('100', '172-78-9950', 'SMGR.JK', 'beli', '2701', '67464', 'pending');
CREATE TABLE transactions (
    order_id INT,
    jumlah INT,
    waktu_eksekusi DATETIME,
    PRIMARY KEY (order_id, waktu_eksekusi)
,
    FOREIGN KEY (order_id) REFERENCES orders(order_id) ON DELETE CASCADE ON UPDATE CASCADE  
);
INSERT INTO transactions (order_id, jumlah, waktu_eksekusi) VALUES
    ('17', '300', '2025-02-22 00:02:12'),
    ('40', '67459', '2025-01-26 16:06:07'),
    ('7', '86663', '2025-02-09 13:28:27'),
    ('48', '900', '2025-05-06 23:08:57'),
    ('12', '43575', '2025-02-13 23:01:35'),
    ('34', '1000', '2025-03-29 06:57:49'),
    ('88', '300', '2025-04-12 06:11:45'),
    ('95', '400', '2025-02-16 06:24:19'),
    ('81', '1000', '2025-01-21 00:57:44'),
    ('50', '300', '2025-01-22 21:21:29'),
    ('36', '55376', '2025-05-06 10:54:38'),
    ('81', '900', '2025-04-08 02:01:30'),
    ('92', '100', '2025-03-18 02:22:23'),
    ('20', '75136', '2025-01-31 12:12:55'),
    ('91', '72757', '2025-04-21 00:27:35'),
    ('68', '62205', '2025-02-10 19:05:29'),
    ('79', '300', '2025-04-11 09:46:21'),
    ('66', '67774', '2025-04-10 22:36:03'),
    ('65', '48826', '2025-01-10 14:06:33'),
    ('69', '1000', '2025-04-19 04:01:18'),
    ('14', '400', '2025-02-02 13:55:35'),
    ('87', '70421', '2025-01-29 07:02:15'),
    ('18', '61610', '2025-01-24 12:29:26'),
    ('37', '78120', '2025-01-09 16:41:58'),
    ('45', '200', '2025-01-03 21:27:08'),
    ('75', '26725', '2025-02-05 22:41:42'),
    ('50', '400', '2025-02-04 02:57:25'),
    ('30', '100', '2025-01-04 03:51:30'),
    ('72', '200', '2025-04-12 08:47:48'),
    ('44', '39153', '2025-03-16 22:36:35'),
    ('92', '800', '2025-03-26 06:26:57'),
    ('83', '40043', '2025-03-15 16:08:36'),
    ('60', '200', '2025-01-09 19:09:29'),
    ('8', '100', '2025-04-09 15:05:36'),
    ('49', '1000', '2025-05-11 09:17:28'),
    ('13', '900', '2025-05-12 09:48:55'),
    ('34', '800', '2025-03-16 23:58:48'),
    ('28', '91289', '2025-01-24 15:10:32'),
    ('38', '100', '2025-04-17 08:39:29'),
    ('15', '200', '2025-02-27 08:59:52'),
    ('89', '31837', '2025-02-06 18:26:19'),
    ('46', '600', '2025-03-16 12:14:44'),
    ('56', '44107', '2025-01-19 01:08:02'),
    ('96', '50675', '2025-02-26 01:44:14'),
    ('1', '52446', '2025-01-12 23:35:52'),
    ('78', '400', '2025-04-18 09:19:06'),
    ('64', '500', '2025-03-04 00:09:39'),
    ('51', '3826', '2025-05-07 04:38:24'),
    ('48', '400', '2025-05-05 11:59:27'),
    ('11', '200', '2025-04-25 11:53:14'),
    ('25', '42789', '2025-04-10 02:19:56'),
    ('67', '803', '2025-01-10 04:44:07'),
    ('46', '800', '2025-02-23 15:56:51'),
    ('78', '700', '2025-04-17 20:43:49'),
    ('97', '94266', '2025-05-05 13:40:27'),
    ('61', '300', '2025-02-07 20:42:25'),
    ('79', '600', '2025-03-02 01:34:56'),
    ('54', '700', '2025-04-25 07:32:53'),
    ('11', '600', '2025-05-12 07:41:55'),
    ('27', '55337', '2025-01-19 23:07:11'),
    ('38', '100', '2025-01-01 17:00:35'),
    ('73', '400', '2025-01-04 06:46:03'),
    ('17', '800', '2025-03-20 12:04:14'),
    ('39', '92977', '2025-02-05 09:56:59'),
    ('60', '100', '2025-03-13 20:35:47'),
    ('94', '500', '2025-03-05 23:13:37'),
    ('69', '1000', '2025-03-15 15:09:02'),
    ('16', '800', '2025-01-15 11:20:54'),
    ('8', '600', '2025-01-04 19:05:13'),
    ('84', '100', '2025-03-26 15:29:44'),
    ('79', '700', '2025-05-10 19:09:55'),
    ('33', '700', '2025-03-23 23:02:37'),
    ('95', '500', '2025-01-18 20:52:45'),
    ('22', '60520', '2025-01-15 08:03:10'),
    ('45', '100', '2025-05-06 16:39:33'),
    ('77', '700', '2025-03-14 00:50:17'),
    ('6', '76874', '2025-02-28 01:51:51'),
    ('78', '200', '2025-01-18 12:48:40'),
    ('60', '400', '2025-02-24 19:06:45'),
    ('15', '100', '2025-03-28 19:16:06'),
    ('34', '900', '2025-03-04 21:37:40'),
    ('17', '200', '2025-03-19 10:39:04'),
    ('69', '1000', '2025-04-25 20:30:09'),
    ('17', '500', '2025-05-01 02:56:56'),
    ('93', '85860', '2025-04-02 03:43:11'),
    ('24', '54225', '2025-01-09 03:32:12'),
    ('73', '900', '2025-04-30 10:55:32'),
    ('46', '100', '2025-03-13 07:40:07'),
    ('76', '900', '2025-02-07 19:07:20'),
    ('45', '700', '2025-03-23 11:53:56'),
    ('61', '900', '2025-02-09 06:47:45'),
    ('72', '500', '2025-04-18 13:38:44'),
    ('72', '300', '2025-03-15 09:14:16'),
    ('41', '48810', '2025-04-14 17:59:56'),
    ('72', '1000', '2025-04-20 15:14:04'),
    ('81', '1000', '2025-03-20 16:37:54'),
    ('26', '300', '2025-03-17 10:08:30'),
    ('60', '1000', '2025-03-31 03:37:23'),
    ('33', '100', '2025-04-13 12:26:46'),
    ('92', '400', '2025-04-15 20:16:56'),
    ('77', '700', '2025-04-19 08:36:30'),
    ('21', '70916', '2025-04-18 20:26:54'),
    ('14', '900', '2025-05-04 08:36:54'),
    ('47', '1000', '2025-01-23 23:22:47'),
    ('69', '800', '2025-04-13 17:57:52'),
    ('54', '800', '2025-04-30 07:08:58'),
    ('78', '200', '2025-03-12 16:45:22'),
    ('47', '100', '2025-03-14 00:57:55'),
    ('8', '1000', '2025-03-25 06:08:23'),
    ('48', '300', '2025-03-12 11:48:07'),
    ('49', '800', '2025-01-16 01:20:10'),
    ('92', '1000', '2025-03-30 05:59:12'),
    ('92', '700', '2025-01-05 12:55:44'),
    ('77', '1000', '2025-02-15 23:19:24'),
    ('29', '300', '2025-01-05 07:49:05'),
    ('72', '200', '2025-01-26 18:25:54'),
    ('81', '700', '2025-03-11 14:45:44'),
    ('76', '800', '2025-05-03 12:57:05'),
    ('57', '900', '2025-04-23 02:28:11'),
    ('54', '900', '2025-02-06 06:25:13'),
    ('84', '700', '2025-01-03 20:28:19'),
    ('81', '500', '2025-01-16 06:34:44'),
    ('61', '900', '2025-01-02 03:14:12'),
    ('73', '1000', '2025-03-13 13:32:18'),
    ('50', '300', '2025-01-15 03:27:26'),
    ('34', '800', '2025-03-12 03:20:46'),
    ('45', '600', '2025-04-10 03:05:14'),
    ('88', '600', '2025-01-23 20:53:16'),
    ('61', '800', '2025-04-05 11:59:24'),
    ('43', '77873', '2025-03-30 17:23:34'),
    ('71', '500', '2025-01-18 12:25:11'),
    ('11', '300', '2025-04-05 19:32:21'),
    ('54', '500', '2025-03-16 18:40:48'),
    ('77', '1000', '2025-02-05 21:35:41'),
    ('64', '200', '2025-01-19 18:03:29'),
    ('64', '900', '2025-05-11 16:17:14'),
    ('29', '900', '2025-01-29 02:08:01'),
    ('78', '500', '2025-01-18 20:17:40'),
    ('11', '1000', '2025-04-25 23:56:53'),
    ('26', '700', '2025-01-27 18:03:30'),
    ('79', '700', '2025-02-21 16:54:48'),
    ('94', '300', '2025-02-01 14:19:28'),
    ('57', '300', '2025-04-28 02:55:21'),
    ('16', '800', '2025-03-06 21:47:56'),
    ('73', '900', '2025-04-25 02:34:37'),
    ('16', '200', '2025-03-29 05:47:32'),
    ('81', '100', '2025-02-21 07:53:05'),
    ('76', '600', '2025-02-21 17:31:07'),
    ('8', '300', '2025-01-21 10:26:03'),
    ('29', '900', '2025-03-09 07:19:35'),
    ('71', '500', '2025-03-14 09:35:58'),
    ('29', '800', '2025-01-09 19:26:46'),
    ('14', '600', '2025-03-26 11:47:42'),
    ('77', '900', '2025-01-25 13:09:19'),
    ('47', '100', '2025-04-23 05:34:19'),
    ('57', '300', '2025-01-25 12:44:01'),
    ('69', '600', '2025-04-07 11:55:52'),
    ('15', '100', '2025-04-22 13:28:10'),
    ('57', '100', '2025-01-10 15:59:47'),
    ('84', '200', '2025-05-03 17:53:04'),
    ('64', '700', '2025-02-12 15:12:40'),
    ('54', '600', '2025-03-21 14:46:45'),
    ('78', '500', '2025-01-11 06:15:27'),
    ('84', '800', '2025-02-03 08:04:23'),
    ('11', '400', '2025-01-27 09:51:49'),
    ('14', '500', '2025-04-02 06:22:16'),
    ('46', '300', '2025-04-08 16:36:35'),
    ('49', '300', '2025-04-19 17:44:33'),
    ('45', '1000', '2025-03-05 17:02:56'),
    ('15', '500', '2025-01-01 23:34:00'),
    ('72', '100', '2025-01-18 06:34:51'),
    ('16', '800', '2025-04-12 00:10:15'),
    ('16', '900', '2025-02-05 11:45:41'),
    ('73', '300', '2025-02-20 20:09:29'),
    ('30', '800', '2025-02-16 16:12:27'),
    ('50', '200', '2025-01-27 10:58:10'),
    ('9', '700', '2025-01-15 01:49:06'),
    ('11', '700', '2025-04-16 07:02:40'),
    ('54', '600', '2025-01-02 05:06:47'),
    ('13', '800', '2025-01-13 19:10:04'),
    ('49', '100', '2025-03-10 05:47:35'),
    ('60', '900', '2025-05-05 13:30:55'),
    ('61', '100', '2025-01-18 18:15:58'),
    ('72', '200', '2025-04-22 12:42:57'),
    ('29', '600', '2025-01-01 04:46:48'),
    ('46', '1000', '2025-02-04 13:32:28'),
    ('81', '800', '2025-01-22 04:56:34'),
    ('71', '700', '2025-05-08 13:32:58'),
    ('92', '200', '2025-03-03 03:55:44'),
    ('33', '300', '2025-03-24 23:50:43'),
    ('30', '200', '2025-01-09 11:16:55'),
    ('33', '600', '2025-02-14 03:49:13'),
    ('15', '800', '2025-01-11 08:07:00'),
    ('64', '1000', '2025-01-27 10:34:17'),
    ('46', '400', '2025-01-09 12:21:23'),
    ('78', '100', '2025-03-31 18:49:32'),
    ('94', '200', '2025-03-25 12:49:16'),
    ('29', '1000', '2025-03-02 22:55:37'),
    ('45', '100', '2025-01-01 21:27:13'),
    ('76', '800', '2025-02-19 19:01:49'),
    ('47', '200', '2025-04-08 21:38:56'),
    ('76', '1000', '2025-03-02 15:13:46'),
    ('47', '900', '2025-03-05 12:59:48'),
    ('8', '500', '2025-02-14 01:54:44'),
    ('76', '300', '2025-04-21 04:40:51'),
    ('49', '900', '2025-04-01 22:33:13'),
    ('84', '700', '2025-04-26 04:02:14'),
    ('30', '900', '2025-04-22 06:45:59'),
    ('14', '400', '2025-03-22 00:38:30'),
    ('73', '600', '2025-01-26 12:51:28'),
    ('60', '1000', '2025-02-19 22:07:48'),
    ('94', '500', '2025-04-02 16:41:33'),
    ('50', '200', '2025-03-22 06:40:29'),
    ('72', '200', '2025-05-02 05:56:21'),
    ('47', '900', '2025-01-28 10:16:33'),
    ('76', '800', '2025-02-09 06:14:54'),
    ('50', '500', '2025-04-15 13:13:05'),
    ('34', '200', '2025-02-11 09:39:54'),
    ('64', '200', '2025-01-07 21:32:34'),
    ('77', '500', '2025-03-06 12:35:03'),
    ('16', '100', '2025-01-30 20:25:45'),
    ('46', '600', '2025-04-20 00:41:16'),
    ('64', '1000', '2025-03-20 07:25:44'),
    ('92', '400', '2025-05-13 22:28:41'),
    ('60', '300', '2025-01-14 08:15:42'),
    ('92', '800', '2025-02-27 15:02:53'),
    ('49', '400', '2025-03-11 21:27:22'),
    ('49', '800', '2025-02-19 17:12:10'),
    ('9', '900', '2025-02-16 23:35:57'),
    ('69', '600', '2025-01-30 09:30:00'),
    ('48', '700', '2025-04-13 21:41:52'),
    ('8', '100', '2025-03-20 18:22:48'),
    ('92', '500', '2025-04-16 23:00:23'),
    ('13', '700', '2025-01-08 13:22:12'),
    ('95', '700', '2025-03-28 22:55:15'),
    ('78', '400', '2025-04-25 05:36:41'),
    ('49', '900', '2025-02-12 12:45:03'),
    ('45', '500', '2025-02-28 04:07:26'),
    ('95', '900', '2025-04-08 17:55:12'),
    ('60', '400', '2025-04-17 05:57:42'),
    ('45', '500', '2025-02-04 08:18:19'),
    ('34', '600', '2025-02-14 05:51:53'),
    ('47', '700', '2025-05-03 10:54:41'),
    ('26', '500', '2025-03-20 19:35:40'),
    ('16', '300', '2025-04-15 21:28:39'),
    ('11', '100', '2025-03-06 05:51:53'),
    ('50', '600', '2025-01-11 07:20:16'),
    ('73', '800', '2025-03-28 06:44:39'),
    ('11', '500', '2025-01-10 17:34:50'),
    ('94', '700', '2025-03-11 22:12:57'),
    ('61', '800', '2025-05-01 08:49:30'),
    ('26', '600', '2025-03-10 10:29:08'),
    ('15', '200', '2025-03-12 17:23:52'),
    ('49', '700', '2025-01-31 23:07:03'),
    ('54', '400', '2025-04-20 15:05:30'),
    ('71', '86', '2025-02-05 11:46:49'),
    ('33', '100', '2025-04-26 08:33:04'),
    ('34', '100', '2025-04-16 00:30:25'),
    ('26', '600', '2025-03-05 00:31:26'),
    ('88', '200', '2025-01-09 06:05:18'),
    ('61', '800', '2025-05-03 03:05:30'),
    ('84', '500', '2025-01-06 08:25:18'),
    ('81', '1000', '2025-01-20 18:02:02'),
    ('48', '400', '2025-01-20 08:46:29'),
    ('30', '200', '2025-01-20 10:34:45'),
    ('47', '800', '2025-04-09 13:10:11'),
    ('78', '700', '2025-01-19 09:35:20'),
    ('49', '1000', '2025-01-04 16:59:47'),
    ('57', '300', '2025-03-05 19:04:45'),
    ('17', '500', '2025-03-28 10:42:48'),
    ('77', '700', '2025-01-11 11:34:51'),
    ('14', '300', '2025-02-02 15:49:21'),
    ('29', '100', '2025-03-20 20:40:11'),
    ('45', '1000', '2025-03-14 00:44:52'),
    ('69', '400', '2025-03-03 04:35:54'),
    ('92', '500', '2025-01-17 03:32:36'),
    ('61', '300', '2025-01-01 03:01:45'),
    ('15', '200', '2025-05-10 11:47:57'),
    ('69', '300', '2025-02-05 09:18:14'),
    ('8', '800', '2025-03-02 22:10:01'),
    ('47', '1000', '2025-03-11 09:20:44'),
    ('88', '100', '2025-01-03 01:17:10'),
    ('17', '300', '2025-03-23 02:32:00'),
    ('77', '100', '2025-01-16 07:53:11'),
    ('61', '600', '2025-01-22 13:16:06'),
    ('47', '600', '2025-02-11 16:06:10'),
    ('95', '300', '2025-03-09 09:15:05'),
    ('64', '1000', '2025-02-20 09:57:43'),
    ('61', '800', '2025-05-04 01:19:58'),
    ('16', '1000', '2025-03-07 23:30:34'),
    ('45', '100', '2025-03-27 01:30:55'),
    ('78', '500', '2025-01-09 12:14:36'),
    ('9', '800', '2025-01-20 09:32:07'),
    ('92', '800', '2025-02-07 03:20:57'),
    ('54', '300', '2025-04-01 00:58:41'),
    ('45', '1000', '2025-04-17 22:39:20'),
    ('14', '100', '2025-03-10 17:07:59'),
    ('77', '1000', '2025-05-11 21:24:01'),
    ('50', '600', '2025-05-06 00:51:12'),
    ('72', '100', '2025-02-14 18:40:19');
CREATE TABLE portfolios (
    nik VARCHAR(100),
    ticker VARCHAR(100),
    jumlah_lembar INT,
    average_cost DOUBLE,
    PRIMARY KEY (nik, ticker)
,
    FOREIGN KEY (nik) REFERENCES orders(nik) ON DELETE CASCADE ON UPDATE CASCADE  
,
    FOREIGN KEY (ticker) REFERENCES stocks(ticker) ON DELETE CASCADE ON UPDATE CASCADE  
);
INSERT INTO portfolios (nik, ticker, jumlah_lembar, average_cost) VALUES
    ('655-08-1230', 'DATA.JK', '6300', '8404.0'),
    ('340-50-2293', 'BRPT.JK', '2100', '2595.0'),
    ('233-47-2940', 'HMSP.JK', '6900', '1235.0'),
    ('753-89-8045', 'PGAS.JK', '3400', '4351.0'),
    ('411-68-1289', 'PGAS.JK', '5500', '2295.0'),
    ('033-74-1801', 'BOLT.JK', '2400', '3712.0'),
    ('065-92-7499', 'DATA.JK', '78120', '4720.0'),
    ('144-65-4740', 'PGAS.JK', '4300', '3865.0'),
    ('027-12-3751', 'WIFI.JK', '48826', '2512.0'),
    ('620-27-5618', 'JPFA.JK', '3800', '1717.0'),
    ('880-61-3645', 'BAYU.JK', '22825', '1876.0'),
    ('880-61-3645', 'EXCL.JK', '2400', '4811.0'),
    ('033-74-1801', 'SMGR.JK', '60520', '7565.0'),
    ('746-44-1791', 'JPFA.JK', '4900', '4166.0'),
    ('753-89-8045', 'PTBA.JK', '6000', '9248.0'),
    ('523-96-8500', 'PTBA.JK', '2800', '1683.0'),
    ('568-12-9781', 'ASII.JK', '44107', '7860.0'),
    ('172-78-9950', 'PTBA.JK', '2700', '6355.0'),
    ('630-77-8308', 'PTBA.JK', '91289', '7485.0'),
    ('483-04-9199', 'MDKA.JK', '67459', '2638.0'),
    ('872-21-2853', 'BMRI.JK', '2700', '7463.0'),
    ('131-25-6889', 'BMRI.JK', '2200', '2102.0'),
    ('766-62-3506', 'ELIT.JK', '92977', '7730.0'),
    ('657-70-8591', 'TINS.JK', '86663', '6861.0'),
    ('375-97-2364', 'GGRM.JK', '62205', '2775.0'),
    ('047-85-3734', 'WIFI.JK', '43575', '7563.0'),
    ('172-78-9950', 'BAYU.JK', '1800', '1959.0'),
    ('620-27-5618', 'FORE.JK', '50675', '1543.0'),
    ('230-14-5737', 'TLKM.JK', '76874', '2850.0'),
    ('523-96-8500', 'DATA.JK', '77873', '1405.0'),
    ('230-14-5737', 'UNVR.JK', '42789', '4710.0'),
    ('657-70-8591', 'ISAT.JK', '70916', '9957.0'),
    ('715-31-9369', 'SMGR.JK', '72757', '4139.0'),
    ('033-74-1801', 'WIFI.JK', '94266', '6324.0');
CREATE TABLE comment_likes (
    nik VARCHAR(100),
    comment_id INT,
    timestamp TIMESTAMP,
    PRIMARY KEY (nik, comment_id)
,
    FOREIGN KEY (nik) REFERENCES users(nik) ON DELETE CASCADE ON UPDATE CASCADE  
,
    FOREIGN KEY (comment_id) REFERENCES comments(comment_id) ON DELETE CASCADE ON UPDATE CASCADE  
);
INSERT INTO comment_likes (nik, comment_id, timestamp) VALUES
    ('746-44-1791', '15', '2025-05-08 18:44:11'),
    ('250-17-9251', '3', '2025-01-22 21:16:33'),
    ('872-21-2853', '5', '2025-03-02 06:22:40'),
    ('715-31-9369', '16', '2025-04-27 17:17:46'),
    ('655-08-1230', '43', '2025-04-09 19:23:31'),
    ('052-38-6294', '14', '2025-04-04 03:46:50'),
    ('568-12-9781', '9', '2025-04-27 09:48:09'),
    ('033-74-1801', '37', '2025-01-20 13:51:48'),
    ('027-12-3751', '31', '2025-05-07 09:22:48'),
    ('630-77-8308', '31', '2025-05-07 20:52:25'),
    ('620-27-5618', '13', '2025-05-12 16:37:10'),
    ('387-87-9912', '7', '2025-05-13 04:31:44'),
    ('068-17-4506', '28', '2025-03-21 16:53:03'),
    ('630-77-8308', '28', '2025-03-25 20:47:48'),
    ('568-12-9781', '30', '2025-05-12 05:09:15'),
    ('671-88-5531', '4', '2025-02-21 01:13:46'),
    ('144-65-4740', '42', '2025-03-02 00:58:05'),
    ('836-09-8728', '7', '2025-05-08 18:39:18'),
    ('568-12-9781', '26', '2025-05-10 13:39:25'),
    ('620-27-5618', '22', '2025-05-09 10:14:51'),
    ('030-64-5326', '16', '2025-05-07 11:53:27'),
    ('052-38-6294', '13', '2025-02-04 02:44:00'),
    ('131-25-6889', '29', '2025-04-29 21:40:14'),
    ('172-78-9950', '28', '2025-03-22 21:49:07'),
    ('244-39-1997', '18', '2025-02-18 17:42:11'),
    ('746-44-1791', '16', '2025-04-27 13:26:22'),
    ('375-97-2364', '29', '2025-04-29 02:36:16'),
    ('052-38-6294', '42', '2025-05-10 17:19:08'),
    ('692-31-6616', '1', '2025-04-17 17:10:43'),
    ('027-12-3751', '49', '2025-02-13 12:27:09'),
    ('630-77-8308', '11', '2025-05-13 13:11:54'),
    ('065-92-7499', '32', '2025-05-11 12:40:16'),
    ('411-68-1289', '14', '2025-03-06 22:52:37'),
    ('225-35-7141', '4', '2025-04-06 11:43:22'),
    ('655-15-0410', '25', '2025-03-05 21:02:20'),
    ('716-63-1990', '25', '2025-04-05 04:05:54'),
    ('384-56-2386', '30', '2025-05-05 14:10:29'),
    ('274-51-1295', '28', '2025-03-25 16:03:39'),
    ('375-97-2364', '47', '2025-05-05 19:30:17'),
    ('340-50-2293', '43', '2025-02-23 23:29:20'),
    ('468-18-7613', '32', '2025-03-21 23:31:47'),
    ('384-56-2386', '13', '2025-03-01 14:09:42'),
    ('836-09-8728', '14', '2025-05-12 04:03:44'),
    ('753-89-8045', '38', '2025-05-05 17:23:35'),
    ('836-09-8728', '35', '2025-05-10 13:55:14'),
    ('483-04-9199', '48', '2025-02-03 12:03:26'),
    ('836-09-8728', '4', '2025-04-29 04:11:50'),
    ('065-92-7499', '38', '2025-05-03 20:38:44'),
    ('630-69-1531', '33', '2025-04-06 20:08:07');
CREATE TABLE comment_replies (
    comment_id_from INT,
    comment_id_to INT,
    timestamp DATETIME
);
INSERT INTO comment_replies (comment_id_from, comment_id_to, timestamp) VALUES
    ('13', '16', '2025-05-13 16:09:39'),
    ('14', '14', '2025-05-04 00:09:45'),
    ('7', '43', '2025-05-13 22:37:14'),
    ('47', '43', '2025-05-10 14:33:24'),
    ('38', '4', '2025-05-13 01:56:06'),
    ('16', '37', '2025-05-10 09:42:49'),
    ('30', '4', '2025-05-11 13:43:12'),
    ('28', '47', '2025-04-16 09:16:28'),
    ('5', '43', '2025-05-04 04:23:23'),
    ('14', '29', '2025-04-07 07:38:57'),
    ('14', '28', '2025-05-12 18:31:42'),
    ('30', '4', '2025-05-11 05:06:19'),
    ('16', '42', '2025-05-12 19:45:50'),
    ('28', '14', '2025-04-06 13:03:52'),
    ('48', '16', '2025-04-25 00:07:21'),
    ('4', '42', '2025-03-30 03:52:10'),
    ('16', '31', '2025-05-12 04:42:17'),
    ('14', '13', '2025-05-13 20:35:18'),
    ('22', '49', '2025-05-13 23:27:38'),
    ('16', '33', '2025-05-11 01:07:17'),
    ('43', '15', '2025-04-14 18:17:42'),
    ('49', '43', '2025-03-25 09:53:20'),
    ('30', '9', '2025-05-10 05:26:29'),
    ('43', '25', '2025-04-14 15:24:26'),
    ('28', '14', '2025-04-09 06:41:11'),
    ('42', '31', '2025-03-23 00:56:43'),
    ('29', '43', '2025-05-11 16:10:39'),
    ('4', '28', '2025-03-20 21:11:02'),
    ('26', '13', '2025-05-10 20:48:29'),
    ('1', '25', '2025-05-11 06:16:10'),
    ('48', '22', '2025-05-07 16:30:55'),
    ('43', '13', '2025-04-20 10:03:25'),
    ('4', '15', '2025-04-19 09:50:17'),
    ('14', '25', '2025-05-12 22:08:19'),
    ('22', '14', '2025-05-10 20:13:26'),
    ('9', '31', '2025-05-01 15:16:43'),
    ('42', '37', '2025-04-02 08:01:37'),
    ('9', '38', '2025-05-08 00:18:41'),
    ('25', '31', '2025-04-14 01:19:35'),
    ('7', '26', '2025-05-10 01:22:28'),
    ('47', '28', '2025-05-12 01:37:20'),
    ('48', '13', '2025-03-31 15:23:17'),
    ('28', '38', '2025-04-05 22:17:32'),
    ('32', '42', '2025-05-04 06:56:36'),
    ('14', '32', '2025-03-08 09:02:18'),
    ('42', '16', '2025-03-08 13:04:44'),
    ('14', '32', '2025-05-08 16:43:22'),
    ('42', '7', '2025-05-12 07:46:59'),
    ('5', '15', '2025-03-18 07:11:17'),
    ('13', '31', '2025-04-28 18:20:46');
CREATE TABLE predictions (
    post_id INT,
    ticker VARCHAR(100),
    price INT,
    duration INT,
    PRIMARY KEY (ticker, post_id)
,
    FOREIGN KEY (ticker) REFERENCES stocks(ticker) ON DELETE CASCADE ON UPDATE CASCADE  
,
    FOREIGN KEY (post_id) REFERENCES posts(post_id) ON DELETE CASCADE ON UPDATE CASCADE  
);
INSERT INTO predictions (post_id, ticker, price, duration) VALUES
    ('50', 'TINS.JK', '989140', '344'),
    ('89', 'TINS.JK', '975451', '245'),
    ('20', 'BMRI.JK', '696916', '326'),
    ('91', 'GGRM.JK', '52505', '137'),
    ('28', 'HMSP.JK', '45280', '302'),
    ('9', 'BMRI.JK', '371918', '118'),
    ('54', 'TLKM.JK', '748085', '61'),
    ('53', 'SMGR.JK', '271265', '46'),
    ('43', 'ASII.JK', '828547', '298'),
    ('70', 'BRPT.JK', '444145', '58'),
    ('60', 'SMGR.JK', '371885', '219'),
    ('94', 'GGRM.JK', '46209', '254'),
    ('8', 'JPFA.JK', '943335', '283'),
    ('27', 'TLKM.JK', '673578', '128'),
    ('99', 'UNVR.JK', '185678', '250'),
    ('100', 'ITMG.JK', '297968', '346'),
    ('75', 'BRPT.JK', '937228', '354'),
    ('3', 'UNVR.JK', '580134', '286'),
    ('74', 'UNVR.JK', '235068', '171'),
    ('49', 'PGAS.JK', '758029', '194'),
    ('62', 'PTBA.JK', '371290', '55'),
    ('1', 'TLKM.JK', '816922', '236'),
    ('46', 'JPFA.JK', '609308', '338'),
    ('39', 'PGAS.JK', '702625', '329'),
    ('85', 'ASII.JK', '417549', '94'),
    ('86', 'TLKM.JK', '307125', '328'),
    ('69', 'JPFA.JK', '47411', '310'),
    ('97', 'ASII.JK', '971269', '216'),
    ('29', 'HMSP.JK', '736161', '328'),
    ('63', 'BRPT.JK', '296838', '313'),
    ('72', 'GGRM.JK', '394644', '197'),
    ('35', 'BBCA.JK', '573409', '128'),
    ('56', 'MDKA.JK', '755396', '136'),
    ('71', 'GGRM.JK', '981052', '314'),
    ('4', 'UNVR.JK', '450212', '14'),
    ('76', 'ITMG.JK', '278598', '232'),
    ('44', 'BMRI.JK', '536606', '160'),
    ('92', 'HMSP.JK', '159107', '34'),
    ('64', 'PGAS.JK', '465561', '6'),
    ('52', 'BMRI.JK', '160428', '288'),
    ('26', 'GGRM.JK', '354487', '53'),
    ('47', 'PGAS.JK', '404732', '73'),
    ('11', 'GGRM.JK', '167620', '183'),
    ('84', 'ITMG.JK', '608221', '125'),
    ('30', 'ITMG.JK', '865670', '323'),
    ('95', 'ASII.JK', '426433', '141'),
    ('40', 'GGRM.JK', '569027', '280'),
    ('82', 'TINS.JK', '131182', '1'),
    ('2', 'SMGR.JK', '526993', '294'),
    ('90', 'ITMG.JK', '827737', '114');
CREATE TABLE prediction_voting (
    nik VARCHAR(100),
    post_id INT,
    tipe ENUM('yes', 'no'),
    PRIMARY KEY (nik, post_id)
,
    FOREIGN KEY (nik) REFERENCES users(nik) ON DELETE CASCADE ON UPDATE CASCADE  
,
    FOREIGN KEY (post_id) REFERENCES predictions(post_id) ON DELETE CASCADE ON UPDATE CASCADE  
);
INSERT INTO prediction_voting (nik, post_id, tipe) VALUES
    ('384-56-2386', '75', 'no'),
    ('340-50-2293', '72', 'no'),
    ('384-56-2386', '53', 'no'),
    ('274-51-1295', '28', 'no'),
    ('244-39-1997', '86', 'yes'),
    ('746-44-1791', '35', 'no'),
    ('671-88-5531', '40', 'no'),
    ('641-28-4336', '44', 'yes'),
    ('716-63-1990', '26', 'no'),
    ('484-05-4704', '91', 'no'),
    ('766-62-3506', '70', 'no'),
    ('387-87-9912', '52', 'no'),
    ('030-64-5326', '11', 'no'),
    ('833-17-8625', '49', 'no'),
    ('880-61-3645', '9', 'no'),
    ('052-38-6294', '100', 'yes'),
    ('641-28-4336', '82', 'yes'),
    ('144-65-4740', '69', 'no'),
    ('468-18-7613', '99', 'yes'),
    ('715-31-9369', '85', 'no'),
    ('468-18-7613', '90', 'yes'),
    ('746-44-1791', '8', 'no'),
    ('836-09-8728', '30', 'yes'),
    ('225-35-7141', '97', 'yes'),
    ('652-25-4107', '64', 'no'),
    ('657-70-8591', '74', 'yes'),
    ('753-89-8045', '27', 'yes'),
    ('033-74-1801', '95', 'yes'),
    ('384-56-2386', '2', 'no'),
    ('797-49-8240', '92', 'no'),
    ('880-61-3645', '89', 'no'),
    ('244-39-1997', '47', 'no'),
    ('274-51-1295', '54', 'yes'),
    ('652-25-4107', '3', 'yes'),
    ('274-51-1295', '43', 'no'),
    ('411-68-1289', '60', 'no'),
    ('715-31-9369', '62', 'no'),
    ('872-21-2853', '20', 'yes'),
    ('052-38-6294', '1', 'no'),
    ('655-08-1230', '29', 'yes'),
    ('797-49-8240', '4', 'no'),
    ('692-31-6616', '39', 'no'),
    ('657-70-8591', '56', 'yes'),
    ('774-07-1797', '50', 'no'),
    ('833-17-8625', '94', 'no'),
    ('753-89-8045', '76', 'yes'),
    ('483-04-9199', '84', 'yes'),
    ('657-70-8591', '46', 'yes'),
    ('716-63-1990', '63', 'no'),
    ('047-85-3734', '71', 'no');
