DROP DATABASE IF EXISTS StonksBit;
CREATE DATABASE IF NOT EXISTS StonksBit;
USE StonksBit;
CREATE TABLE users (
    nik VARCHAR(100),
    nama VARCHAR(100),
    email VARCHAR(100),
    telepon VARCHAR(100),
    password VARCHAR(100),
    nomor_rekening VARCHAR(100),
    kyc_status ENUM('verified', 'unverified') NOT NULL,
    saldo INT,
    PRIMARY KEY (nik)
);
INSERT INTO users (nik, nama, email, telepon, password, nomor_rekening, kyc_status, saldo) VALUES
    ('655-15-0410', 'Ika Prasasta, S.H.', 'damuwastuti@example.net', '0819600133', '2(9AVr!ldD', 'CMDL59407816184959', 'verified', '1266941'),
    ('047-85-3734', 'T. Bahuwirya Pradipta, S.IP', 'dsetiawan@example.net', '+62 (255) 341-9283', 'zZT7oM4iB#', 'MUOE42388496965328', 'unverified', '1625206'),
    ('774-07-1797', 'Lutfan Manullang', 'eriyanti@example.com', '(097) 848 0184', 'KLDj7P1t_5', 'LYFR80957015430391', 'verified', '8253566'),
    ('836-09-8728', 'R.M. Cagak Wahyuni, M.Kom.', 'kartanuraini@example.net', '(038) 346-5787', 'DV53HY4c@^', 'EXSS73763116566701', 'verified', '6854864'),
    ('746-44-1791', 'Dadi Nainggolan', 'bmandala@example.org', '+62 (0731) 781 0801', 'Np2N!Gup$d', 'JGBS80500978820812', 'verified', '1240194'),
    ('692-31-6616', 'Wardaya Purnawati', 'kiandrariyanti@example.org', '+62 (069) 985 4353', 'Z%6E!vT*RP', 'LJFO84980841241182', 'unverified', '4827085'),
    ('620-27-5618', 'Mahfud Usada', 'cornelia74@example.org', '+62 (064) 005 2427', '(6dR#aSJ$E', 'LYRN92322602563421', 'unverified', '749691'),
    ('880-61-3645', 'Rendy Haryanti', 'lurhur33@example.org', '+62-654-145-8685', '!y#1Ikfy(s', 'AQZR35615951484656', 'unverified', '9401497'),
    ('131-25-6889', 'Wage Wibowo, S.E.', 'rosman80@example.com', '+62 (0369) 957-7738', '9VX&w52c_*', 'USGW67632016328708', 'verified', '2136059'),
    ('468-18-7613', 'Karta Purwanti, M.Ak', 'timbul98@example.com', '0872774348', '^98BR3Io*%', 'NBGN69096705466889', 'verified', '8291131'),
    ('225-35-7141', 'Ana Wibisono', 'uli62@example.com', '+62 (98) 069 9016', '7CLFrbwJ#M', 'UCYU00330923271937', 'unverified', '6289034'),
    ('172-78-9950', 'Tina Latupono, S.E.', 'darijan90@example.com', '(063) 193 1491', 'JF0DLmrx)n', 'TZRY77694531473799', 'unverified', '5743798'),
    ('030-64-5326', 'Jinawi Prabowo', 'kariman54@example.net', '+62 (0808) 313 6783', 'Ok&47UVw+J', 'JIHD35182337498941', 'verified', '5070190'),
    ('233-47-2940', 'Amalia Nasyidah', 'kuncaragunawan@example.org', '0842710947', 'x7pKfOUc*m', 'YNTT93867749649909', 'verified', '3586102'),
    ('641-28-4336', 'Bajragin Manullang, S.H.', 'indahhutagalung@example.org', '+62-67-974-0344', '+7CVv2(4+7', 'TXSJ71746488771906', 'unverified', '4300476'),
    ('027-12-3751', 'Raihan Permata, M.Farm', 'wulandarikawaya@example.net', '+62-027-874-2967', 'C@pC7LnmSL', 'QAVR76038597703482', 'unverified', '7450368'),
    ('716-63-1990', 'Lasmono Sudiati', 'galionosaragih@example.net', '+62-86-131-7127', '8ny64QwP+p', 'IAJX49972787558867', 'unverified', '3265061'),
    ('715-31-9369', 'Gina Zulkarnain', 'simanjuntakwarsita@example.net', '(062) 702 8951', '@_qx^1Qo*^', 'RBTC34316117240050', 'unverified', '6114016'),
    ('384-56-2386', 'Karta Zulkarnain', 'ganepnatsir@example.org', '(093) 792 3747', 's%+0DVZo6o', 'HMSL94406409097439', 'unverified', '3774286'),
    ('652-25-4107', 'Perkasa Wahyuni, S.E.I', 'utamisafina@example.org', '+62 (0709) 521-4562', 'q$2Z0tvr9q', 'VXVM85160481754965', 'verified', '4022880'),
    ('483-04-9199', 'Rahmi Prasetya', 'usadawisnu@example.net', '+62 (0612) 004-7113', '(wd2MoranX', 'OOHL15850643171390', 'verified', '5695355'),
    ('250-17-9251', 'Bagiya Puspasari', 'lidyapratama@example.org', '+62 (290) 422 8421', 'EaV@7EJ(_0', 'OQHT08470076617711', 'unverified', '2588628'),
    ('068-17-4506', 'Hj. Restu Pudjiastuti', 'prabowo98@example.com', '(0896) 118 3673', 'I5ObFmu%&&', 'BSRR51656049451983', 'verified', '8189795'),
    ('230-14-5737', 'Drs. Kartika Latupono, S.T.', 'sidiqpurwanti@example.net', '0809402445', '^e_Y#F3JD0', 'EFYT01476797643815', 'unverified', '1960421'),
    ('291-87-9718', 'Paramita Widiastuti', 'bakijan36@example.net', '+62-003-432-4451', '1!ePn7np$X', 'SMWU64160529751613', 'unverified', '9979620'),
    ('411-68-1289', 'Ira Sirait', 'mulyantonarpati@example.org', '081 883 5523', '0+2^wIMgU@', 'CPOU44905814770054', 'verified', '1614923'),
    ('630-77-8308', 'Malika Prastuti', 'hartatikani@example.net', '+62-597-820-7151', 'e2QXEBhj($', 'JIXV92519254629148', 'unverified', '5610922'),
    ('833-17-8625', 'Mariadi Winarsih', 'xmelani@example.org', '+62 (423) 573-3221', '%gQaqXWy11', 'NLVX37947383473597', 'unverified', '4827345'),
    ('797-49-8240', 'dr. Caraka Pangestu', 'jaishabibi@example.net', '(0581) 814-1247', '(2ND@cP5zF', 'EBJP27790104328986', 'verified', '4933542'),
    ('244-39-1997', 'Digdaya Andriani', 'hharyanto@example.com', '0808932460', ')b&y^5HsTG', 'IXAL15319520585277', 'verified', '2362450'),
    ('065-92-7499', 'Emil Pangestu', 'pangestubakda@example.com', '+62 (0868) 740-3450', 'l_HK5DIdFd', 'FRJK11544796275705', 'unverified', '4706274'),
    ('655-08-1230', 'Makuta Waskita, S.I.Kom', 'aswanimegantara@example.net', '(0021) 355 6909', 'K7_FL8xl#Q', 'GTJW73121727155188', 'unverified', '5132437'),
    ('872-21-2853', 'Tgk. Kacung Prasetyo, S.IP', 'estiawanprakasa@example.com', '+62-58-957-8291', 'fQMm^xwL@4', 'QBDQ24225358414384', 'verified', '5180553'),
    ('630-69-1531', 'Ir. Cawisadi Rahayu', 'gangsawahyuni@example.net', '+62 (900) 109 4396', 'SZA0lPLu+)', 'EKWK56258815371473', 'verified', '1724230'),
    ('052-38-6294', 'Ir. Lili Prayoga, S.E.', 'kezia53@example.org', '(0877) 470-1687', '$8WobSl*)3', 'RGLR41687849912165', 'unverified', '9458865'),
    ('375-97-2364', 'Luhung Melani', 'cmardhiyah@example.org', '+62-025-787-2982', 'H^oVP9KTNf', 'JZXW09749930972896', 'verified', '4163384'),
    ('033-74-1801', 'Ajiman Farida', 'raihan26@example.net', '+62-689-702-8385', 'B0t7Qjfm_X', 'KPLR44198665240415', 'unverified', '4402415'),
    ('766-62-3506', 'Raden Nasyiah', 'jamalia42@example.org', '+62-0308-330-1657', 'y2aANah9@r', 'XXBF62067240049915', 'unverified', '7722712'),
    ('657-70-8591', 'Diana Mayasari', 'msaputra@example.org', '+62 (274) 205 4932', ')H*yNq!GL6', 'IULW30174268414593', 'verified', '2340912'),
    ('490-20-7455', 'Rachel Wahyudin, S.Farm', 'znasyiah@example.net', '+62-391-878-5191', 'U+8Q(3Qg!l', 'OSBR74064039106518', 'verified', '1257949'),
    ('484-05-4704', 'Elvina Mansur', 'ywahyudin@example.com', '(061) 825 1286', '(2yXfJh4M+', 'TYAH31190790306738', 'verified', '1046973'),
    ('144-65-4740', 'Rahman Permata', 'kezia95@example.org', '+62 (0283) 644-0892', '$D_6RdIp1R', 'BRNN88263435175183', 'verified', '4604038'),
    ('387-87-9912', 'Cut Belinda Nainggolan', 'yusufpranowo@example.com', '+62 (0033) 173-9363', '(RE5PYjyMo', 'SHXE04899642353693', 'unverified', '9338248'),
    ('671-88-5531', 'Vanesa Lestari', 'kharyanti@example.net', '+62 (228) 728-0801', '_o5e!PYa0X', 'AAQX48408621182339', 'unverified', '6046534'),
    ('274-51-1295', 'Latika Haryanti', 'zamiraprasetyo@example.com', '+62 (001) 666 8700', '+ZCyCsups2', 'CVIR90250392614293', 'unverified', '9169132'),
    ('340-50-2293', 'H. Nyoman Hutapea, M.TI.', 'balamantri16@example.org', '+62 (059) 996 5047', 'v*3a&Lre&+', 'CAJO54121267888610', 'verified', '6037696'),
    ('568-12-9781', 'dr. Zelaya Winarno', 'siregarraden@example.com', '+62 (083) 982 6224', '%4PNe66YV2', 'MKTM57569245937526', 'unverified', '4989688'),
    ('753-89-8045', 'R.A. Jane Waluyo', 'panji51@example.net', '+62-982-807-3741', '76+JFEuV&u', 'WZRT11352909656101', 'unverified', '3824560'),
    ('523-96-8500', 'Drs. Malik Permata', 'triwahyudin@example.com', '(0982) 507 1461', '@2LD*jL%$e', 'XHQF82586736226609', 'verified', '7642617'),
    ('607-55-6371', 'Niyaga Prabowo', 'kalimharyanto@example.net', '+62 (082) 553-7147', 'X(5TXmeAX&', 'JDFL28669296627828', 'verified', '8314830');
CREATE TABLE posts (
    post_id INT AUTO_INCREMENT,
    nik VARCHAR(100),
    isi TEXT,
    timestamp DATETIME,
    PRIMARY KEY (post_id)
,
    FOREIGN KEY (nik) REFERENCES users(nik) ON DELETE CASCADE ON UPDATE CASCADE  
);
INSERT INTO posts (post_id, nik, isi, timestamp) VALUES
    ('1', '484-05-4704', 'Error incidunt delectus repellat autem ipsa. Cum explicabo inventore facere sit dicta. Eligendi consequatur in ex adipisci.', '2025-04-02 09:36:53'),
    ('2', '880-61-3645', 'Exercitationem accusamus placeat amet. Inventore nisi ab laboriosam eligendi assumenda.', '2025-01-05 02:34:35'),
    ('3', '047-85-3734', 'Dolorem consequatur alias voluptatibus. Incidunt nulla at amet. Minima praesentium voluptatem dolore incidunt aperiam. Officia esse earum eligendi expedita in.', '2025-04-25 19:10:26'),
    ('4', '753-89-8045', 'Minus fuga officiis distinctio fugit suscipit consectetur quia. Aliquam voluptas sunt repellendus. Provident unde asperiores molestias exercitationem.', '2025-03-12 00:22:19'),
    ('5', '715-31-9369', 'Libero minus maiores asperiores ipsa magni. Quod id earum delectus cum dolor possimus.
Magnam quam ea sequi eos eaque blanditiis. Aliquid dolores aliquam corporis sunt. Earum ratione odit dolorum.', '2025-05-15 17:21:28'),
    ('6', '027-12-3751', 'Quas eius ducimus accusamus omnis. Autem quia fugit officiis sit odio mollitia repellendus. Eveniet dignissimos occaecati similique hic.', '2025-01-03 00:30:20'),
    ('7', '641-28-4336', 'Doloribus tenetur voluptas aut minima quas. Nobis fugiat accusantium.
Consequatur quo eaque.', '2025-01-28 20:51:45'),
    ('8', '131-25-6889', 'Placeat quaerat temporibus laudantium voluptatibus dolore. Facere nulla blanditiis unde ullam.
Corrupti inventore ex delectus incidunt tempora porro numquam.', '2025-02-25 16:48:00'),
    ('9', '753-89-8045', 'Hic quam quos laboriosam. Beatae incidunt quas corporis. Voluptatum delectus harum eum incidunt possimus.', '2025-01-29 11:09:16'),
    ('10', '620-27-5618', 'Ullam animi expedita sed. Eos corporis sequi voluptas. Doloribus repudiandae animi consequuntur vitae provident.
Possimus incidunt amet. Optio asperiores saepe sit. Corporis consequuntur doloribus.', '2025-04-19 10:12:49'),
    ('11', '671-88-5531', 'Ipsam officia accusamus beatae animi odit. Quibusdam magnam ab rerum perspiciatis soluta mollitia repudiandae. Magnam quae incidunt culpa voluptate maxime voluptate.', '2025-04-02 07:13:06'),
    ('12', '753-89-8045', 'Earum autem facilis quod excepturi. Eligendi molestiae aperiam nisi quidem. Deleniti dicta ut dolores assumenda.', '2025-05-06 13:35:39'),
    ('13', '052-38-6294', 'Ad recusandae labore sit. Enim corrupti iure. At quaerat sunt rem omnis quisquam cum vitae.', '2025-01-20 14:42:27'),
    ('14', '692-31-6616', 'Iste cumque eos architecto. Facilis at debitis quo ducimus labore ducimus. Officiis consequuntur commodi necessitatibus aliquam similique.', '2025-01-17 22:13:51'),
    ('15', '766-62-3506', 'Culpa id asperiores harum iure atque. Iusto modi repellendus autem debitis autem vero.', '2025-01-21 10:43:27'),
    ('16', '833-17-8625', 'Dolorum debitis consequuntur earum aspernatur. Sit minima pariatur ea rerum at temporibus. Vitae error dicta velit laboriosam modi.
Explicabo possimus harum ab quos nisi. Quam neque corporis optio.', '2025-05-13 18:08:23'),
    ('17', '774-07-1797', 'Possimus quo nobis dolor distinctio deleniti. Veritatis fuga facilis error esse reprehenderit commodi.', '2025-05-25 19:14:56'),
    ('18', '047-85-3734', 'Nulla illum libero. Unde aut ipsam neque adipisci enim in dolore.
Fugit deserunt iusto commodi voluptas totam impedit. Ab fugiat dolore eligendi sunt eaque. Perferendis a tenetur adipisci ad ratione.', '2025-01-21 03:47:57'),
    ('19', '692-31-6616', 'Occaecati quos sapiente occaecati. Saepe culpa eum at ad. Occaecati nihil adipisci.
Nemo ad quasi voluptatem. Quod delectus officiis dolore deserunt saepe quas rem. Quo omnis eius vel occaecati odit.', '2025-01-25 12:44:30'),
    ('20', '233-47-2940', 'Non adipisci voluptate voluptatibus laborum nostrum molestias culpa. Unde deserunt adipisci ad maiores. Dolor facilis tempore adipisci.', '2025-02-04 16:41:43'),
    ('21', '641-28-4336', 'Veniam ullam dolorum dicta sapiente quaerat vitae. Nesciunt quisquam est recusandae. Inventore ipsum nisi earum eum autem fugit.', '2025-04-07 06:36:12'),
    ('22', '872-21-2853', 'Ratione facere asperiores omnis fuga quod. Ab porro quaerat distinctio. Recusandae tempore natus harum nobis minima aut.', '2025-02-04 22:24:52'),
    ('23', '657-70-8591', 'Nobis nihil dolores accusantium. Officia sequi voluptates. Eligendi sapiente illo tempore ullam aliquam officia.', '2025-01-25 02:18:49'),
    ('24', '047-85-3734', 'Aut dolore repudiandae consequuntur voluptatibus similique quam dolorem. Deleniti temporibus fuga temporibus. Vel sint ea.
Aliquid esse ea porro.', '2025-01-24 13:49:31'),
    ('25', '375-97-2364', 'Eaque eos assumenda nam. Optio quasi dignissimos aspernatur voluptas.
Accusamus dolor repellendus deleniti autem. Repellendus quis maiores et velit.', '2025-04-04 17:34:28'),
    ('26', '030-64-5326', 'Dolores tempora deleniti adipisci. Iste eaque unde assumenda inventore corrupti magnam.
Amet earum atque officiis quasi in. Deleniti debitis eius non maxime. Perspiciatis officia vero dolor.', '2025-03-31 12:12:06'),
    ('27', '340-50-2293', 'Praesentium illo hic dolore reprehenderit porro libero cupiditate. Expedita enim nisi quasi atque.', '2025-02-23 11:44:03'),
    ('28', '144-65-4740', 'Laborum dolorum autem. Necessitatibus voluptatibus saepe. Magnam quidem quod aut rem excepturi laudantium. Voluptatibus ducimus laborum facilis accusamus explicabo.', '2025-04-03 00:12:30'),
    ('29', '274-51-1295', 'Quia deserunt veritatis odit vitae. Perspiciatis tempore ipsum vero minima eaque perspiciatis suscipit. Nihil veniam eius deleniti neque praesentium.', '2025-03-25 15:18:11'),
    ('30', '052-38-6294', 'Inventore optio a. Consequuntur soluta quos magnam vero.
Veritatis quae consequuntur quasi. Nesciunt aspernatur dolor labore explicabo repellat. In vitae atque ea error est.', '2025-04-05 19:57:09'),
    ('31', '630-77-8308', 'In illum adipisci nam vero in quidem. Tenetur ratione neque fuga numquam tempore soluta amet. Commodi pariatur iure quis maxime saepe.
Earum voluptates autem nisi. Natus porro sint commodi nesciunt.', '2025-03-10 18:39:46'),
    ('32', '641-28-4336', 'Rerum ipsam animi. Error laborum delectus doloremque. Ea nostrum ipsa omnis commodi corporis accusantium.
Cupiditate qui molestias labore enim. Vero laudantium pariatur hic.', '2025-01-21 02:50:37'),
    ('33', '797-49-8240', 'Expedita provident hic aperiam omnis. Omnis natus itaque similique consequuntur quos. Unde architecto saepe laborum vitae.', '2025-04-08 05:08:38'),
    ('34', '766-62-3506', 'Ullam aperiam dolorum alias quibusdam ipsam. Non sapiente unde eum praesentium fugiat. Nam deserunt laudantium perspiciatis dolorem quia inventore.', '2025-05-22 09:29:10'),
    ('35', '715-31-9369', 'Rerum necessitatibus labore explicabo nulla. Sequi reiciendis ipsa numquam soluta necessitatibus consectetur. Error blanditiis dolorem nobis ex dolore velit.', '2025-04-13 13:22:42'),
    ('36', '655-15-0410', 'Excepturi ea ex.
Dignissimos repellendus eveniet quidem. Doloremque asperiores veniam temporibus.
Voluptatem veniam nisi nostrum aspernatur mollitia.', '2025-02-21 01:54:58'),
    ('37', '523-96-8500', 'Aliquam expedita omnis doloribus eos. Id omnis omnis asperiores vel dignissimos provident repellendus.
Quae velit quod eos officiis minima. Eum molestiae aut expedita illum.', '2025-04-14 17:29:11'),
    ('38', '225-35-7141', 'Aliquid dignissimos delectus inventore amet esse. Quis vel tenetur quidem excepturi repudiandae ea. Dolor ad quas numquam sint quos unde quibusdam.', '2025-03-16 06:59:24'),
    ('39', '274-51-1295', 'Voluptatum quo eos necessitatibus. Nulla facere omnis.', '2025-02-24 12:09:26'),
    ('40', '833-17-8625', 'Omnis doloremque omnis delectus magni ipsam et mollitia. Aperiam quaerat ea ducimus perspiciatis.', '2025-02-03 21:12:25'),
    ('41', '250-17-9251', 'Velit eos adipisci fuga enim corrupti nihil. Non repellat magni quos. Quos quae velit fugiat nesciunt omnis corrupti.', '2025-03-21 06:03:31'),
    ('42', '715-31-9369', 'Deserunt nemo tenetur eveniet reiciendis. Doloremque et voluptas possimus ipsam vero. Facere explicabo magni totam officiis non.', '2025-03-27 15:17:24'),
    ('43', '468-18-7613', 'Consectetur alias inventore porro. Consequatur sint ullam temporibus. Consectetur possimus dolores eos excepturi repudiandae.', '2025-04-18 16:31:27'),
    ('44', '233-47-2940', 'Velit atque error exercitationem natus. Neque sapiente incidunt eum et debitis corporis. Inventore eius sunt et expedita. Blanditiis earum ipsa suscipit.', '2025-04-09 18:33:39'),
    ('45', '523-96-8500', 'Ab rerum ad dicta velit. Incidunt ipsam commodi iste ullam quaerat ullam. Ipsam inventore ea sint.
Voluptas rem quia dolore. Eveniet magni eius occaecati.', '2025-04-15 19:47:20'),
    ('46', '250-17-9251', 'Repellendus quasi eligendi dicta soluta veritatis similique. A architecto nam dignissimos debitis.', '2025-04-02 06:53:47'),
    ('47', '620-27-5618', 'Eveniet optio blanditiis iure eum beatae possimus. Quo laborum rem laudantium. Porro adipisci eaque dolor sed illum.', '2025-02-25 18:46:53'),
    ('48', '692-31-6616', 'Consectetur molestiae veniam accusantium fugit quos. Totam quisquam mollitia omnis maxime facere. Voluptates saepe hic quaerat enim. Tenetur ex dolor quasi.
Sapiente quidem minima.', '2025-04-30 02:12:13'),
    ('49', '291-87-9718', 'Accusamus rerum non. Atque nihil hic rerum. Quos incidunt quia error itaque.
Voluptas nemo fugiat inventore dolore. Natus laboriosam tenetur modi doloribus accusantium.', '2025-05-23 06:20:39'),
    ('50', '620-27-5618', 'Quis animi laudantium illum qui rerum alias. Nisi sit eaque distinctio natus laborum libero. Eum quae maiores similique voluptatibus.', '2025-04-02 22:44:17'),
    ('51', '068-17-4506', 'Quibusdam molestias id error. Voluptatum quam sunt earum eum suscipit. Officiis consequuntur minima dignissimos nostrum quaerat maxime.', '2025-04-12 20:45:44'),
    ('52', '068-17-4506', 'Itaque atque numquam nisi architecto odio sunt. Occaecati unde earum reprehenderit sint nesciunt.
Numquam illo ducimus molestiae optio aspernatur. Aut dolor debitis natus.', '2025-05-15 18:29:05'),
    ('53', '657-70-8591', 'Eum tempore amet. Rem incidunt iusto esse quis dolores hic. Provident explicabo saepe et aspernatur non.
Veniam rerum quae saepe. Ipsam possimus dolorum blanditiis tempore officiis debitis.', '2025-02-02 00:06:33'),
    ('54', '716-63-1990', 'Odit id voluptatum provident earum.
Reprehenderit sint unde voluptatum odio laudantium labore. Rem alias adipisci tempora corrupti quasi sit.
In sapiente animi odit. Et similique eius sequi.', '2025-02-23 00:24:06'),
    ('55', '774-07-1797', 'Earum expedita exercitationem necessitatibus possimus.
At ullam delectus assumenda et occaecati accusantium. Ratione dolor fugiat aspernatur. Est perspiciatis velit sint quibusdam.', '2025-02-03 14:05:25'),
    ('56', '568-12-9781', 'Laudantium neque expedita odit. Repudiandae porro cupiditate veniam nesciunt culpa necessitatibus.', '2025-03-27 08:40:36'),
    ('57', '244-39-1997', 'Fugiat nihil alias praesentium occaecati sit ab. Labore excepturi temporibus deleniti facere cum. Delectus accusantium repellat itaque nemo ipsa id.', '2025-03-04 17:14:49'),
    ('58', '052-38-6294', 'Adipisci maiores ullam suscipit vitae velit dicta voluptas. Consectetur ex vero voluptas. Recusandae consequuntur exercitationem id itaque.', '2025-04-23 03:17:20'),
    ('59', '880-61-3645', 'Exercitationem iusto placeat praesentium. Pariatur rerum provident quis atque consectetur quis. Id eveniet eligendi perferendis.', '2025-01-01 23:02:39'),
    ('60', '291-87-9718', 'Corrupti est perferendis laboriosam ea veritatis. Cum placeat rerum iure.
Placeat aut similique rem accusamus eum. Magni placeat accusamus officiis pariatur in amet.', '2025-05-08 00:04:13'),
    ('61', '692-31-6616', 'Quas iste aliquid eligendi commodi laudantium facilis suscipit. Dolorum excepturi eos reprehenderit molestiae debitis. Impedit ipsum error alias beatae quasi.', '2025-02-08 08:56:36'),
    ('62', '375-97-2364', 'Voluptatem aspernatur unde quibusdam in ad veniam. Quam quia aspernatur totam vitae. Necessitatibus voluptatum nulla molestiae recusandae.
Nemo dolor vel eius porro delectus.', '2025-01-20 15:15:57'),
    ('63', '384-56-2386', 'Nihil odio eveniet harum ut accusamus excepturi. Reprehenderit corrupti sequi libero minus cumque. Ducimus adipisci sequi voluptas occaecati natus. Assumenda quibusdam minus esse quibusdam iste.', '2025-02-25 21:23:28'),
    ('64', '484-05-4704', 'Mollitia explicabo dolor tempore eius quo. Autem suscipit vero quis et modi hic similique.
Enim unde culpa sit id a rerum. Omnis placeat atque neque in in deleniti. Nulla consequuntur nulla.', '2025-02-04 16:26:27'),
    ('65', '490-20-7455', 'Sed cum fuga soluta cupiditate. Eum eos tempora dignissimos itaque. Placeat ipsam doloribus debitis itaque.', '2025-04-18 04:46:25'),
    ('66', '230-14-5737', 'Quaerat non voluptatibus quaerat. Laboriosam quas eos id reprehenderit quisquam. Id unde occaecati ipsam ratione aut.', '2025-05-20 00:41:33'),
    ('67', '033-74-1801', 'Eos ipsam ratione praesentium necessitatibus nisi. Corporis enim dolore fuga.
Esse quaerat necessitatibus esse quae. Culpa rem consectetur non similique. Odio adipisci distinctio esse nesciunt.', '2025-02-17 12:31:01'),
    ('68', '030-64-5326', 'Laboriosam laborum fugit pariatur aperiam dolore dignissimos. Eius quod ratione officiis.', '2025-05-06 21:39:12'),
    ('69', '340-50-2293', 'Doloribus reiciendis delectus vel similique. Porro itaque aliquam non mollitia. Quia quasi totam temporibus.
Esse dignissimos doloribus quis labore atque sunt. Eum odio deserunt.', '2025-04-21 01:01:24'),
    ('70', '746-44-1791', 'Nobis laudantium debitis magni maiores veritatis. Eaque minus exercitationem perspiciatis magnam.', '2025-01-01 02:18:26'),
    ('71', '774-07-1797', 'Optio eveniet maiores labore nisi impedit quas dolorem. Iusto sequi esse corporis ex.', '2025-02-03 08:32:24'),
    ('72', '387-87-9912', 'Nam dicta dolor magnam sequi autem doloribus. Quam velit nihil veritatis veniam quos. Porro tenetur laborum eius non fugiat.
Odit eius fuga unde. Iusto sunt asperiores voluptate.', '2025-03-16 06:08:33'),
    ('73', '641-28-4336', 'Temporibus ipsum sunt delectus iusto itaque. Dicta voluptas ea nobis ut consequuntur. Incidunt rem reiciendis rerum animi voluptatibus.', '2025-05-16 18:44:50'),
    ('74', '607-55-6371', 'Repellendus iure suscipit voluptatibus corrupti ex. Officia excepturi minus possimus.', '2025-02-07 01:36:00'),
    ('75', '384-56-2386', 'Deleniti corporis est aut. Nobis sapiente quod molestiae veritatis eveniet et. Omnis dicta cum voluptatibus doloremque.
Ad soluta velit commodi veniam ad. Fugit ipsum id dignissimos fugit.', '2025-05-19 19:41:46'),
    ('76', '692-31-6616', 'Distinctio at magni labore magni. Accusamus fugit in vitae aut facere est. Ipsa sed error voluptatum.
Soluta accusamus vitae quas tempore aliquid. Debitis ab maxime consequuntur iusto.', '2025-03-03 12:45:57'),
    ('77', '641-28-4336', 'In cupiditate maxime corrupti. Facilis unde ratione adipisci. Esse numquam tenetur eaque eum.
Adipisci iusto quasi corporis illum molestiae.', '2025-04-30 22:00:54'),
    ('78', '620-27-5618', 'Eligendi nostrum dolorum dolorum quas error. Pariatur maxime neque sunt quis consectetur in.
Qui sed quibusdam reiciendis odio recusandae voluptatem accusamus. Saepe dolores id.', '2025-01-16 23:01:42'),
    ('79', '291-87-9718', 'Molestias blanditiis eius quisquam unde. Voluptatum delectus exercitationem sit quo itaque. Pariatur exercitationem maxime aperiam. Incidunt ad molestiae atque voluptate rerum.', '2025-03-30 00:02:06'),
    ('80', '715-31-9369', 'Nobis corrupti similique minima reiciendis facilis dolorem. Cumque culpa perspiciatis odio similique dolorem ut. Molestiae veritatis incidunt dicta.
Eos tempore voluptas tempora iusto consequatur.', '2025-02-08 13:54:08'),
    ('81', '244-39-1997', 'Quisquam rem veritatis doloribus. Officia hic deserunt rerum. Dolorem veniam consequuntur illo.', '2025-01-28 22:07:02'),
    ('82', '484-05-4704', 'Beatae iure nesciunt soluta porro. Quis dolore aut voluptatum nobis nobis facere. Saepe vitae in odit sint eius quam.
Odit eveniet pariatur dolorum explicabo. Aut rem doloribus.', '2025-01-08 22:56:29'),
    ('83', '230-14-5737', 'Repellendus quaerat aliquam officia ipsam itaque. Alias id rem quia inventore tenetur dolor. Ad veniam atque ullam. Quas sed ducimus.', '2025-05-11 14:35:13'),
    ('84', '225-35-7141', 'Repudiandae aut quam odit est libero. Quidem dicta sequi laborum.
Tempore quidem vero eum beatae neque. Praesentium natus quidem modi id possimus dicta. Quae totam optio sequi.', '2025-04-15 12:21:20'),
    ('85', '230-14-5737', 'Pariatur earum laudantium rerum. Doloribus dolorem officia dolor accusamus. Vitae similique laboriosam ipsa nam.', '2025-02-17 17:59:37'),
    ('86', '068-17-4506', 'Neque atque totam voluptates provident modi autem. Dolorem expedita praesentium voluptate reprehenderit dolore eaque saepe.', '2025-05-17 09:35:00'),
    ('87', '233-47-2940', 'Optio est possimus esse doloremque. Veniam corporis molestiae placeat et ab non. Nesciunt quo architecto aperiam impedit cum.', '2025-01-26 21:29:15'),
    ('88', '387-87-9912', 'Sed delectus est debitis. Soluta libero delectus illo dolorem voluptates. Excepturi quibusdam minima accusantium.', '2025-03-16 00:56:36'),
    ('89', '715-31-9369', 'Repellendus ipsum numquam vel. Rem est eos expedita. Nihil cumque aut deserunt.
Ullam vel ut molestias harum ipsum blanditiis mollitia. Doloribus consequuntur vero laudantium recusandae aliquam.', '2025-02-04 11:10:21'),
    ('90', '274-51-1295', 'Ipsum dicta velit incidunt. Fugiat laudantium laudantium eum laborum harum. Voluptatibus quo quo praesentium minus aliquam veniam.', '2025-02-24 20:49:56'),
    ('91', '671-88-5531', 'Perspiciatis aliquid dolor itaque delectus dolore. Asperiores dignissimos dignissimos odit accusamus ullam. Tempore blanditiis enim temporibus optio.', '2025-02-04 14:53:31'),
    ('92', '144-65-4740', 'Porro impedit impedit eius tempore repellendus. Ducimus ab possimus aliquam quisquam consectetur porro.
Beatae temporibus laborum delectus. Cumque qui veritatis quaerat possimus eligendi.', '2025-02-09 18:47:33'),
    ('93', '746-44-1791', 'Beatae alias harum assumenda. Dolores nostrum ipsa consequuntur. Quisquam optio magnam voluptate quisquam quam aliquam accusamus.', '2025-04-02 01:29:52'),
    ('94', '657-70-8591', 'Architecto doloribus minus nam corporis vitae.
Placeat illum modi nulla. Quam eum alias temporibus.
Fugit natus repellendus. Blanditiis dolore occaecati natus asperiores officiis tenetur.', '2025-03-27 05:17:23'),
    ('95', '484-05-4704', 'Inventore error aliquam. Quae molestiae dolorem illo saepe explicabo. In in quasi ipsam harum facilis.', '2025-02-01 03:07:47'),
    ('96', '225-35-7141', 'Vel inventore velit ad dignissimos necessitatibus. Earum quia natus culpa.
Quos dicta illum iusto sint consectetur ut. Nostrum quis minus occaecati alias atque. Assumenda ab similique amet.', '2025-04-18 03:04:33'),
    ('97', '052-38-6294', 'Blanditiis tenetur illum natus occaecati praesentium. Porro temporibus voluptate optio corporis.', '2025-01-30 12:27:00'),
    ('98', '568-12-9781', 'Architecto consequatur error hic corrupti voluptatibus. Vitae eum quae veniam assumenda.', '2025-03-07 23:28:26'),
    ('99', '027-12-3751', 'Esse dicta iusto. Alias perferendis possimus excepturi rem sequi. Illum exercitationem velit quaerat mollitia laborum.
Totam ullam assumenda pariatur. Similique tempore ad consectetur quis doloribus.', '2025-05-23 15:40:35'),
    ('100', '225-35-7141', 'Commodi provident dicta quia aspernatur at veritatis a. Distinctio quaerat harum numquam deserunt.
Non delectus enim perspiciatis sint aperiam delectus. Aspernatur voluptate ea.', '2025-03-06 06:06:31');
CREATE TABLE stocks (
    ticker VARCHAR(100),
    nama_perusahaan VARCHAR(100) NOT NULL,
    sektor VARCHAR(100),
    profil TEXT,
    tipe VARCHAR(100),
    PRIMARY KEY (ticker)
);
INSERT INTO stocks (ticker, nama_perusahaan, sektor, profil, tipe) VALUES
    ('PGAS.JK', 'PT Perusahaan Gas Negara Tbk', 'Utilities', 'PT Perusahaan Gas Negara Tbk, together with its subsidiaries, engages in the transmission and distribution of natural gas in Indonesia. It operates through three segments: Gas Trading and Transmission, Exploration and Production of Oil and Gas, and Other Operations. The company is involved in the exploration, exploitation, and business development in oil and gas; and trading and transmission of gas, and processing of liquefied natural gas to industrial, commercial and household customers. It also provides fiber optic rental for network services; construction and maintenance services to the customers; management and leasing services of buildings and equipment; engineering and consultancy services; telecommunications; and electricity services. The company was founded in 1859 and is headquartered in Jakarta, Indonesia. PT Perusahaan Gas Negara Tbk operates as a subsidiary of PT Pertamina (Persero).', 'listed'),
    ('MDKA.JK', 'PT Merdeka Copper Gold Tbk', 'Basic Materials', 'PT Merdeka Copper Gold Tbk engages in the mining business in Indonesia. It explores for gold, silver, copper, and other related minerals, as well as provides mining services. The company holds interests in the Tujuh Bukit Copper project; Pani Gold project; Tujuh Bukit Gold project; Merdeka Battery Materials project; and Wetar Copper project. It also offers metal manufacturing and trading services; mining and construction services; owns and leases real estate; business consulting and business broker services, as well as engages in other consulting management activities. The company was formerly known as PT Merdeka Sera and changed its name to PT Merdeka Copper Gold Tbk in December 2014. The company was founded in 2012 and is headquartered in Jakarta, Indonesia.', 'listed'),
    ('BOLT.JK', 'PT Garuda Metalindo Tbk', 'Industrials', 'PT Garuda Metalindo Tbk manufactures and sells precision fasteners and engineered components primarily for the automotive industry in Indonesia, rest of Asia, Europe, and the Americas. The company offers bolts, nuts, screws, and rivets; and special components, and pins and collars for use in engine, suspension, brake, frame and chassis, interior, power train, and other applications. It serves the motorcycle, automobile, automotive components, electrical equipment, and home appliance industries. The company was founded in 1966 and is headquartered in Jakarta Utara, Indonesia. PT Garuda Metalindo Tbk is a subsidiary of PT Garuda Multi Investama.', 'IPO'),
    ('ITMG.JK', 'PT Indo Tambangraya Megah Tbk', 'Energy', 'PT Indo Tambangraya Megah Tbk, together with its subsidiaries, engages in coal mining activities in East, South, and Central Kalimantan. Its energy services include coal trading and mining contractor, as well as provides solar power plant services and solar energy through installing solar rooftops. The company is involved in fuel trading; energy marketing; electricity generation; and producing thermal coal. It primarily sells its coal in China, Japan, Philippines, India, Thailand, Hong Kong, Taiwan, Bangladesh, Korea, Malaysia, Vietnam, and Europe. The company was founded in 1987 and is headquartered in South Jakarta, Indonesia. PT Indo Tambangraya Megah Tbk operates as a subsidiary of Banpu Minerals (Singapore) Pte. Ltd.', 'listed'),
    ('TINS.JK', 'PT TIMAH Tbk', 'Basic Materials', 'PT TIMAH Tbk engages in tin mining and smelting operations in Indonesia and internationally. It operates through Tin Mining, Industry, Construction, Coal Mining, and Other segments. The company offers Banka, Mentok, and Kundur tin, as well as tin solder and chemical products; and non-tin products, such as coal, nickel, and quartz sand. It is also involved in the provision of workshop, construction, shipping dockyard, real estate development, transportation, and marketing services. In addition, the company provides engineering and ship repair services, such as maritime vessel maintenance, shipbuilding, rental and purchase of maritime products, and other shipyard services. Further, it offers reclamation and agribusiness services, including agriculture, livestock, fisheries, trade essential oil industry, and agro-tourism services. The company was founded in 1976 and is headquartered in Bangka, Indonesia. PT TIMAH Tbk is a subsidiary of PT Mineral Industri Indonesia (Persero).', 'listed'),
    ('BAYU.JK', 'PT Bayu Buana Tbk', 'Consumer Cyclical', 'PT Bayu Buana Tbk operates as a travel agent in Indonesia and internationally. The company provides travel reservations, travel tickets, and processes travel documents. It also provides tour guides, transport rentals, and accommodation reservations. In addition, the company engages in industrial development, travel bureau, transportation, and Umrah services, as well as engages in trading business. PT Bayu Buana Tbk acts as an airlines ticket sales agent; and organizes conventions, as well as offers transportation services. The company was founded in 1972 and is headquartered in Jakarta Pusat, Indonesia.', 'IPO'),
    ('UNVR.JK', 'PT Unilever Indonesia Tbk', 'Consumer Defensive', 'PT Unilever Indonesia Tbk manufactures, markets, and distributes consumer goods in Indonesia. The company operates in two segments: Home and Personal Care; and Foods and Refreshment. It offers soaps, detergents, dairy based foods, ice creams, savories, soy sauce, cosmetic products, tea-based beverages, and fruit juices. The company provides its products under the Axe, Bango, Buavita, Cif, Citra, Clear, Clear Men, Close Up, Cornetto, Dove, Feast, Feast, Glow & Lovely, Hellmann''s, Jawara, Knorr, Lifebuoy, Lipton, Love Beauty & Planet, Lux, Magnum, Molto, Paddle Pop, Pepsodent, Pond''s, Pond''s Men, Populaire, Rexona, Rinso, Royco, SariWangi, Seru, Simple, St. Ives, Suave, Sunlight, Sunsilk, Superpell, TRESemmé, The Vegetarian Butcher, Unilever Professional, Vaseline Men, Viennetta, Vixal, Wall''s, Wipol, Zwitsalm, and other brands. It also leases office space. PT Unilever Indonesia Tbk was founded in 1933 and is headquartered in Tangerang, Indonesia. PT Unilever Indonesia Tbk (IDX:UNVR) operates as a subsidiary of Unilever Indonesia Holding B.V.', 'listed'),
    ('SMGR.JK', 'PT Semen Indonesia (Persero) Tbk', 'Basic Materials', 'PT Semen Indonesia (Persero) Tbk manufactures, packs, and distributes cement in Indonesia and internationally. It operates through Cement Production and Non-Cement Production segments. The company is also involved in limestone and clay mining; cement bag manufacturing; industrial real estate development and building rental; ready-mix concrete and aggregates quarry production; and mining, trading, transportation, consulting, and construction activities. In addition, it engages in the information system, investment, freight forwarding, stevedoring, sea transportation, service logistic management, outsourcing, and building materials businesses, as well as procures public goods and services. The company was formerly known as PT Semen Gresik (Persero) Tbk and changed its name to PT Semen Indonesia (Persero) Tbk in January 2013. PT Semen Indonesia (Persero) Tbk was founded in 1953 and is headquartered in Jakarta Selatan, Indonesia.', 'listed'),
    ('ELIT.JK', 'PT Data Sinergitama Jaya Tbk', 'Technology', 'PT Data Sinergitama Jaya Tbk provides IT infrastructure and managed services. The company''s services include managed cloud, managed network, collocation, backup as a service, infrastructure as a service, and disaster recovery as a service. It serves the financial, retail, oil and gas, FMCG, and ecommerce sectors. The company was founded in 2011 and is headquartered in Jakarta, Indonesia.', 'IPO'),
    ('FORE.JK', 'PT Fore Kopi Indonesia Tbk', 'Consumer Cyclical', 'PT Fore Kopi Indonesia Tbk develops and offers Fore Coffee platform that offers sources, roast, and develops espresso blend with Arabica beans. It also offers coffee, non-coffee, tea, refreshers, frappe, and merchandise. PT Fore Kopi Indonesia Tbk was founded in 2018 and is based in Central Jakarta, Indonesia. PT Fore Kopi Indonesia Tbk is a subsidiary of Fore Holdings Pte. Ltd.', 'IPO'),
    ('BRPT.JK', 'PT Barito Pacific Tbk', 'Basic Materials', 'PT Barito Pacific Tbk, together with its subsidiaries, engages in the petrochemical production business. It operates through Petrochemical, Building and Hotel Management (Property), Energy and Resources, and Others segments. The company produces various palette of olefins, polyolefins, styrene monomer, and butadiene, including by-products. It also operates geothermal operations. In addition, the company manages properties; develops industrial and commercial property; and management consulting services. Further, it engages in the logistics and glue production businesses. The company was formerly known as PT Barito Pacific Timber Tbk and changed its name to PT Barito Pacific Tbk in 2007. PT Barito Pacific Tbk was founded in 1979 and is headquartered in Jakarta, Indonesia.', 'listed'),
    ('BINA.JK', 'PT Bank Ina Perdana Tbk', 'Financial Services', 'PT Bank Ina Perdana Tbk provides banking products and services in Indonesia. The company operates through Marketing and Loans, Treasury, and Trade Finance segments. It offers savings, deposit, and current account; time deposit; certificate of deposit; productive, consumer, and cashless credit products; bancassurance; debit card; and trade finance, and internet and mobile banking services. It operates through a network of branches and supporting branches, as well as automatic teller machines. PT Bank Ina Perdana Tbk was founded in 1990 and is based in Jakarta Selatan, Indonesia.', 'IPO'),
    ('WIFI.JK', 'PT Solusi Sinergi Digital Tbk', 'Technology', 'PT Solusi Sinergi Digital Tbk engages in the advertising businesses in Indonesia. It provides connectivity solutions, such as Dark fibre and bandwidth; and colocation data center, content delivery network, and tower fiberization services. The company also offers development technology ecosystems, including mobile applications, such as KAI access and DAMRI for ticketing services, Adakita, and Sobat Tani applications; advertising and media; and IT solutions. In addition, it engages in the wholesale and retail trade; professional, scientific, and technical activities; financial and insurance; and information and communication activities. The company was founded in 2012 and is based in Jakarta, Indonesia. PT Solusi Sinergi Digital Tbk is a subsidiary of PT Investasi Sukses Bersama.', 'IPO'),
    ('EXCL.JK', 'PT XLSMART Telecom Sejahtera Tbk', 'Communication Services', 'PT XLSMART Telecom Sejahtera Tbk, together with its subsidiaries, provides telecommunication, telecommunications network, and multimedia services for consumers and businesses in Indonesia. It operates through two segments GSM mobile and telecommunications network and information technology services. The company provides cellular mobile and closed fixed network, Internet, Internet telephony and interconnection, data communication system, packet switched local fixed network, telephony, and voice over Internet protocol services. It also offers digital content and home broadband services; voice and short message services; data and digital; mobile communication and telecommunication services; and other telecommunication services, includes SIM card sales, leased line, and tower. PT XLSMART Telecom Sejahtera Tbk was formerly known as PT XL Axiata Tbk and changed its name to PT XLSMART Telecom Sejahtera Tbk in April 2025. The company was founded in 1989 and is headquartered in Jakarta Selatan, Indonesia.', 'IPO'),
    ('JPFA.JK', 'PT Japfa Comfeed Indonesia Tbk', 'Consumer Defensive', 'PT Japfa Comfeed Indonesia Tbk operates as an agri-food company in Indonesia. The company operates through six segments: Animal Feed, Poultry Breeding, Commercial Farm, Poultry Processing and Consumer Products, Aquaculture, and Trading and Others. It provides poultry services comprising chicken livestock business, which includes poultry feed, breeding, and processing; commercial farming; broiler production; processed animal protein, as well as animal health and livestock equipment; and farm supplies. The company also engages in aquaculture services, which include aqua feed, fish and shrimp hatchery, and technical support services; and engages in beef business, including beef cattle breeding, fattening, slaughterhouses, and value-added meat production. In addition, its trading business include wholesale of other food and beverages, live animals, oils and vegetable fats, and rubber and plastics; and retail of livestock and aquaculture, as well as animal/poultry/fish, and pets'' feed. Further, it offers raw materials, such as beef, chicken, and seafood; and value-added chicken, beef, and sea foods. Additionally, it is involved in the real estate; plantation and framing; transportation; and investment activities; wholesale of pharmaceuticals; and provides agricultural machinery and equipment supplies, veterinary pharmaceutical products, and logistics and freight forwarding services. The company markets its products in Asia, Europe, and the United States. The company was founded in 1971 and is headquartered in Jakarta, Indonesia. PT Japfa Comfeed Indonesia Tbk is a subsidiary of Japfa Ltd.', 'listed'),
    ('ISAT.JK', 'PT Indosat Ooredoo Hutchison Tbk', 'Communication Services', 'PT Indosat Ooredoo Hutchison Tbk, together with its subsidiaries, provides digital telecommunication services in Indonesia. It operates through Cellular; MIDI; and Fixed Telecommunications segments. The company offers prepaid and post-paid services, and international and roaming, such as outbound roamers, international call and SMS, and overseas call products. It also provides data communication and IT services; information and telecommunication; and electronic payment and remittance services. The company offers services under the Ooredoo brand name. The company was founded in 1967 and is headquartered in Jakarta, Indonesia. PT Indosat Ooredoo Hutchison Tbk operates as a subsidiary of Ooredoo Hutchison Asia Pte. Ltd.', 'IPO'),
    ('DATA.JK', 'Unknown', 'Communication Services', 'PT Remala Abadi Tbk operates as an internet service provider in Indonesia. It provides broadband internet, local link services, and server colocation services; connectivity/installation and multimedia services; and managed services for IP CAM setup, VOIP, and WiFi device. The company also offers cloud services, virtual private networks, IoT, CCTV, IP domain, IP public, email solutions, etc. In addition, it engages in computer trading and programming activities. It serves SPs as partners, corporations, SMEs, SOHOs, government, and residential sectors. The company was founded in 2004 and is headquartered in Jakarta, Indonesia.', 'IPO'),
    ('GGRM.JK', 'PT Gudang Garam Tbk', 'Consumer Defensive', 'PT Gudang Garam Tbk, together with its subsidiaries, engages in the manufacture and sale of cigarettes in Indonesia and internationally. The company operates through Cigarettes, Paperboards, Infrastructure, and Others segments. It offers hand-rolled, machine-made, and klobot clove cigarettes. The company markets its products under the Gudang Garam Family, Surya Family, and GG Family brand names. It is also involved in trading business; and provision of safety protective equipment, and investment and construction services. In addition, the company provides tobacco processing, non-scheduled air transportation, infrastructure, entertainment, and tourism services. The company was formerly known as PT Perusahaan Rokok Tjap Gudang Garam Kediri. PT Gudang Garam Tbk was founded in 1958 and is headquartered in Kediri, Indonesia. PT Gudang Garam Tbk is a subsidiary of PT Suryaduta Investama.', 'listed'),
    ('VKTR.JK', 'PT VKTR Teknologi Mobilitas Tbk', 'Consumer Cyclical', 'PT VKTR Teknologi Mobilitas Tbk engages in manufacturing and trading of automotive and metal components. It offers electric buses and motors, charging stations, and telematics and smart fleet management. The company also trades battery-based electric vehicles; and provides foundry and automotive components, as well as vehicle body. In addition, it engages in wholesale and leasing of automotive and components. The company was founded in 2007 and is based in Jakarta, Indonesia. The company is a subsidiary of PT Bakrie & Brothers Tbk.', 'IPO'),
    ('BMRI.JK', 'PT Bank Mandiri (Persero) Tbk', 'Financial Services', 'PT Bank Mandiri (Persero) Tbk provides various banking products and services to individuals and businesses in Indonesia, Singapore, Hong Kong, Timor Leste, Shanghai, Malaysia, England, and the Cayman Islands. It offers savings and current accounts, multicurrency, payroll, NOW, and foreign currency savings accounts; personal, mortgage, micro enterprise, small and medium enterprises, working capital, and investment loans; corporate, credit, and debit cards; digital banking; and e-banking services. The company also provides life, health, and accident insurance products, as well as investment products; cash management, bill collection, payment, trade finance, money transfer, remittance, and wealth management services; and treasury services, including cash transaction, hedging, and investment products. It operates branch offices, sub-branch offices, and overseas branch offices; and ATM facilities. The company was founded in 1998 and is headquartered in Jakarta, Indonesia.', 'listed'),
    ('BBCA.JK', 'PT Bank Central Asia Tbk', 'Financial Services', 'PT Bank Central Asia Tbk, together with its subsidiaries, provides banking products and other financial services to individual, corporate, and small and medium enterprise customers in Indonesia and internationally. It operates through Transaction Banking, Corporate Banking, Commercial & Small & Medium Enterprise SME Banking, Individual Banking, and Treasury and International Banking segments. The company offers various products and services, such as individual and business saving, deposit, loan, and electronic money accounts; wealth management services; credit cards; and business collection and investment services. It also provides transaction banking and cash management, electronic banking, and bancassurance services; mutual fund investment products; credit and export import facilities; foreign exchange facilities; and bank guarantees. In addition, the company offers international banking services, such as cross-border remittances, trade finance, and specialized solutions for banks and financial institutions. Further, it offers money lending and remittance, auto financing and multipurpose financing, securities brokerage dealing and securities issuance underwriting, general and life insurance, Sharia banking, and venture capital services. PT Bank Central Asia Tbk was founded in 1955 and is headquartered in Jakarta, Indonesia. PT Bank Central Asia Tbk is a subsidiary of PT Dwimuria Investama Andalan.', 'listed'),
    ('TLKM.JK', 'Perusahaan Perseroan (Persero) PT Telekomunikasi Indonesia Tbk', 'Communication Services', 'Perusahaan Perseroan (Persero) PT Telekomunikasi Indonesia Tbk provides information and communications technology, and telecommunications network services worldwide. The company operates through Mobile, Consumer, Enterprise, Wholesale and International Business, and Other segments. The Mobile segment offers mobile voice, SMS, mobile broadband, and value added services. The Consumer segment provides fixed wireline, pay TV, and internet services; and other telecommunication services to home customers. The Enterprise segment offers end-to-end solution to corporate and institutions. The Wholesale and International Business segment provides interconnection services, broadband access, information technology services, data, and internet services to other licensed operator and institutions. The Other segment offers digital content products, big data, business-to-business commerce, and financial services to individual and corporate customers. The company also engages in leasing of towers, and provision of digital support and other telecommunication services; provision of consultation service of hardware, software, data center, and internet exchange, as well as multimedia portal services; business management consulting; property development and management; trading service related to telecommunication, information, multimedia technology, entertainment, and investment services; and digital content exchange hub services. The company was founded in 1884 and is headquartered in Bandung, Indonesia. Perusahaan Perseroan (Persero) PT Telekomunikasi Indonesia Tbk operates as a subsidiary of Pt. Biro Klasifikasi Indonesia (Persero).', 'listed'),
    ('PTBA.JK', 'PT Bukit Asam Tbk', 'Energy', 'PT Bukit Asam Tbk, together with its subsidiaries, engages in coal mining activities in Indonesia. Its coal mining activities include general surveying, exploration, exploitation, processing, refining, transportation, and trading. It maintains special coal port facilities; operates steam power plants; and engages in the mining of coal methane gas. The company also offers briquette processing, mining services, palm plantation and processing, and health services, as well as real estate and construction services. In addition, it engages in the hospital clinic and polyclinic; rental; port; and trade, services, workshop, development, industry, and transportation businesses. It also operates in India, South Korea, China, Japan, Italy, Thailand, Cambodia, Taiwan, Malaysia, the Philippines, Vietnam, and Hong Kong. The company was formerly known as PT Bukit Asam (Persero) Tbk and was changed to PT Bukit Asam Tbk in November 2017. PT Bukit Asam Tbk was founded in 1876 and is based in Tanjung Enim Selatan, Indonesia. PT Bukit Asam Tbk operates as a subsidiary of PT Mineral Industri Indonesia (Persero).', 'listed'),
    ('ASII.JK', 'PT Astra International Tbk', 'Industrials', 'PT Astra International Tbk, together with its subsidiaries, operates in the automotive, financial services, heavy equipment, mining, construction, energy, agri, infrastructure and logistics, information technology, and property businesses in Indonesia and internationally. It operates in Automotive, Financial Services, Heavy Equipment and Mining, construction, and energy, infrastructure and logistics, Agribusiness, Information Technology, and Property segments. The Automotive segment includes car, motorcycle, component, and others. Its Financial Services segment engages in car, motorcycle, heavy equipment financing, and Insurance. The Heavy Equipment and Mining, construction, and energy segment engages in construction machines, mining contractor, mining, and construction. Its infrastructure and logistics segment includes infrastructure and logistics value chain services; Agribusiness segment include oil palm plantations and their derivative products. The Information Technology segment comprises document solutions, IT Solutions, and office solutions; and Property development segment. The company also engages in sales of spare parts, heavy equipment and rental services, mining and related services. The company was founded in 1957 and is headquartered in Jakarta, Indonesia. PT Astra International Tbk operates as a subsidiary of Jardine Cycle & Carriage Limited.', 'listed'),
    ('HMSP.JK', 'PT Hanjaya Mandala Sampoerna Tbk', 'Consumer Defensive', 'PT Hanjaya Mandala Sampoerna Tbk, together with its subsidiaries, engages in manufacture, distribution, and trading of cigarettes and other tobacco products in Indonesia. The company offers hand-rolled kretek and machine-made kretek cigarettes under the Dji Sam Soe Magnum, Sampoerna Kretek, Sampoerna A, and Marlboro Filter Black brand names. It also engages in the general trading; e-commerce and agency; provision of leisure and golf course services; and property development. PT Hanjaya Mandala Sampoerna Tbk was founded in 1913 and is headquartered in Surabaya, Indonesia. PT Hanjaya Mandala Sampoerna Tbk ioperates as a subsidiary of PT Philip Morris Indonesia.', 'listed');
CREATE TABLE live_stock_price_change (
    ticker VARCHAR(100),
    price DOUBLE,
    timestamp DATETIME,
    PRIMARY KEY (ticker, timestamp)
,
    FOREIGN KEY (ticker) REFERENCES stocks(ticker) ON DELETE CASCADE ON UPDATE CASCADE  
);
INSERT INTO live_stock_price_change (ticker, price, timestamp) VALUES
    ('BBCA.JK', '2376', '2025-04-24 01:49:32'),
    ('BBCA.JK', '5240', '2025-01-15 13:27:56'),
    ('BBCA.JK', '1357', '2025-01-13 12:27:41'),
    ('BBCA.JK', '4239', '2025-05-06 10:31:01'),
    ('BBCA.JK', '8265', '2025-01-26 00:12:43'),
    ('BBCA.JK', '2506', '2025-03-06 09:08:04'),
    ('BBCA.JK', '3007', '2025-01-09 06:58:45'),
    ('BBCA.JK', '8552', '2025-01-10 19:59:19'),
    ('BBCA.JK', '3752', '2025-04-22 10:29:39'),
    ('BBCA.JK', '8096', '2025-05-21 16:05:32'),
    ('BBCA.JK', '7471', '2025-04-07 08:06:59'),
    ('BBCA.JK', '1483', '2025-03-16 07:38:54'),
    ('BBCA.JK', '7990', '2025-02-03 13:20:23'),
    ('BBCA.JK', '6799', '2025-02-11 16:38:58'),
    ('BBCA.JK', '4066', '2025-02-23 09:30:28'),
    ('BBCA.JK', '5585', '2025-03-28 14:33:50'),
    ('BBCA.JK', '3435', '2025-01-07 17:28:41'),
    ('BBCA.JK', '5026', '2025-05-06 16:32:09'),
    ('BBCA.JK', '5835', '2025-04-07 21:00:12'),
    ('BBCA.JK', '7750', '2025-04-17 22:23:42'),
    ('BBCA.JK', '8848', '2025-01-12 20:10:59'),
    ('BBCA.JK', '2437', '2025-02-24 07:51:02'),
    ('BBCA.JK', '7275', '2025-01-27 15:33:58'),
    ('BBCA.JK', '7868', '2025-02-08 17:32:26'),
    ('BBCA.JK', '9614', '2025-02-18 09:06:45'),
    ('BBCA.JK', '9907', '2025-01-04 19:00:58'),
    ('BBCA.JK', '7266', '2025-05-19 12:32:53'),
    ('BBCA.JK', '6883', '2025-04-04 03:29:29'),
    ('BBCA.JK', '9921', '2025-04-05 02:46:12'),
    ('BBCA.JK', '6636', '2025-04-20 20:07:30'),
    ('BBCA.JK', '9231', '2025-03-04 10:47:06'),
    ('BBCA.JK', '7363', '2025-02-22 12:19:17'),
    ('BBCA.JK', '3946', '2025-01-06 01:27:44'),
    ('BBCA.JK', '6224', '2025-04-26 22:45:50'),
    ('BBCA.JK', '4588', '2025-01-06 16:33:50'),
    ('BBCA.JK', '5602', '2025-01-12 09:03:17'),
    ('BBCA.JK', '8728', '2025-04-13 19:19:59'),
    ('BBCA.JK', '6856', '2025-04-24 09:35:08'),
    ('BBCA.JK', '4813', '2025-01-31 23:54:19'),
    ('BBCA.JK', '2640', '2025-02-18 03:05:51'),
    ('BBCA.JK', '4951', '2025-02-21 18:06:21'),
    ('BBCA.JK', '9743', '2025-05-24 02:56:57'),
    ('BBCA.JK', '1916', '2025-02-12 14:31:55'),
    ('BBCA.JK', '7363', '2025-03-10 21:30:33'),
    ('BBCA.JK', '3846', '2025-02-04 04:41:13'),
    ('BBCA.JK', '4875', '2025-04-26 01:20:27'),
    ('BBCA.JK', '6210', '2025-05-24 07:49:08'),
    ('BBCA.JK', '6878', '2025-04-25 20:52:51'),
    ('BBCA.JK', '1462', '2025-05-17 14:19:40'),
    ('BBCA.JK', '6761', '2025-04-21 05:26:49'),
    ('BBCA.JK', '3328', '2025-04-20 08:16:39'),
    ('BBCA.JK', '4084', '2025-04-06 13:56:34'),
    ('BBCA.JK', '9882', '2025-03-02 00:17:30'),
    ('BBCA.JK', '3876', '2025-04-06 05:35:57'),
    ('BBCA.JK', '1621', '2025-01-18 12:37:47'),
    ('BBCA.JK', '1920', '2025-02-15 04:06:12'),
    ('BBCA.JK', '4584', '2025-01-04 20:52:16'),
    ('BBCA.JK', '9625', '2025-04-03 19:35:24'),
    ('BBCA.JK', '1011', '2025-03-06 09:59:32'),
    ('BBCA.JK', '4300', '2025-01-26 08:07:31'),
    ('BBCA.JK', '6582', '2025-05-20 05:10:17'),
    ('BBCA.JK', '3907', '2025-03-04 20:01:59'),
    ('BBCA.JK', '1975', '2025-01-05 06:07:17'),
    ('BBCA.JK', '3420', '2025-04-24 21:47:48'),
    ('BBCA.JK', '3320', '2025-01-22 12:55:38'),
    ('BBCA.JK', '9622', '2025-03-12 20:30:35'),
    ('BBCA.JK', '2188', '2025-03-14 13:03:33'),
    ('BBCA.JK', '7481', '2025-04-24 19:02:08'),
    ('BBCA.JK', '2655', '2025-03-07 08:29:17'),
    ('BBCA.JK', '5944', '2025-03-04 15:26:23'),
    ('BBCA.JK', '3235', '2025-01-31 14:01:16'),
    ('BBCA.JK', '8157', '2025-05-05 03:11:43'),
    ('BBCA.JK', '8982', '2025-05-07 01:23:57'),
    ('BBCA.JK', '6198', '2025-02-03 19:50:35'),
    ('BBCA.JK', '6846', '2025-02-13 08:21:38'),
    ('BBCA.JK', '3872', '2025-03-15 11:23:51'),
    ('BBCA.JK', '6026', '2025-05-23 12:39:52'),
    ('BBCA.JK', '5825', '2025-01-25 17:29:11'),
    ('BBCA.JK', '3911', '2025-05-22 12:35:54'),
    ('BBCA.JK', '1029', '2025-05-17 07:35:47'),
    ('BBCA.JK', '7415', '2025-04-21 04:39:40'),
    ('BBCA.JK', '1530', '2025-02-05 08:33:44'),
    ('BBCA.JK', '6213', '2025-04-29 17:14:33'),
    ('BBCA.JK', '4619', '2025-05-05 04:58:12'),
    ('BBCA.JK', '2705', '2025-04-07 08:23:23'),
    ('BBCA.JK', '3304', '2025-03-06 07:21:24'),
    ('BBCA.JK', '2274', '2025-02-16 05:08:29'),
    ('BBCA.JK', '6682', '2025-03-04 01:03:53'),
    ('BBCA.JK', '3750', '2025-05-04 12:50:42'),
    ('BBCA.JK', '2453', '2025-05-18 16:01:12'),
    ('BBCA.JK', '6500', '2025-03-28 17:26:46'),
    ('BBCA.JK', '1186', '2025-02-21 11:58:46'),
    ('BBCA.JK', '4435', '2025-02-18 10:56:40'),
    ('BBCA.JK', '2110', '2025-03-10 01:21:38'),
    ('BBCA.JK', '5205', '2025-01-21 23:28:39'),
    ('BBCA.JK', '1020', '2025-01-10 08:23:00'),
    ('BBCA.JK', '7323', '2025-03-27 02:15:13'),
    ('BBCA.JK', '7875', '2025-02-02 07:11:35'),
    ('BBCA.JK', '7783', '2025-04-06 17:55:43'),
    ('BBCA.JK', '7204', '2025-03-10 04:51:21'),
    ('BBCA.JK', '9946', '2025-03-14 21:14:47'),
    ('BBCA.JK', '2661', '2025-04-04 02:34:54'),
    ('BBCA.JK', '4695', '2025-02-01 14:02:03'),
    ('BBCA.JK', '8393', '2025-01-15 07:30:38'),
    ('BBCA.JK', '1547', '2025-02-27 06:22:25'),
    ('BBCA.JK', '1328', '2025-03-03 21:19:42'),
    ('BBCA.JK', '5278', '2025-01-21 08:03:14'),
    ('BBCA.JK', '2215', '2025-03-08 08:56:30'),
    ('BBCA.JK', '3787', '2025-03-14 21:45:38'),
    ('BBCA.JK', '3636', '2025-05-23 03:17:51'),
    ('BBCA.JK', '2228', '2025-04-17 05:25:13'),
    ('BBCA.JK', '2525', '2025-03-07 14:57:49'),
    ('BBCA.JK', '8909', '2025-05-17 19:13:46'),
    ('BBCA.JK', '1507', '2025-03-25 18:06:44'),
    ('BBCA.JK', '3703', '2025-04-28 22:18:18'),
    ('BBCA.JK', '8113', '2025-01-31 12:09:24'),
    ('BBCA.JK', '1877', '2025-01-20 15:53:44'),
    ('BBCA.JK', '6424', '2025-02-09 21:56:04'),
    ('BBCA.JK', '4112', '2025-03-21 11:22:56'),
    ('BBCA.JK', '9849', '2025-02-21 12:13:24'),
    ('BBCA.JK', '5612', '2025-02-27 17:59:14'),
    ('BBCA.JK', '4891', '2025-01-19 15:00:02'),
    ('BBCA.JK', '1813', '2025-03-18 07:03:25'),
    ('BBCA.JK', '9043', '2025-01-30 19:46:51'),
    ('BBCA.JK', '1893', '2025-03-12 01:35:04'),
    ('BBCA.JK', '1062', '2025-03-25 00:47:17'),
    ('BBCA.JK', '2435', '2025-02-27 04:41:59'),
    ('BBCA.JK', '8869', '2025-02-08 18:33:07'),
    ('BBCA.JK', '2589', '2025-01-05 23:56:13'),
    ('BBCA.JK', '4390', '2025-02-03 04:08:08'),
    ('BBCA.JK', '5781', '2025-01-16 21:50:59'),
    ('BBCA.JK', '8758', '2025-01-23 10:18:38'),
    ('BBCA.JK', '6052', '2025-03-19 04:19:55'),
    ('BBCA.JK', '8715', '2025-04-05 23:21:22'),
    ('BBCA.JK', '5341', '2025-01-18 16:43:43'),
    ('BBCA.JK', '9914', '2025-03-17 06:00:26'),
    ('BBCA.JK', '4029', '2025-03-14 01:04:51'),
    ('BBCA.JK', '7249', '2025-03-13 17:32:11'),
    ('BBCA.JK', '4056', '2025-03-28 13:27:48'),
    ('BBCA.JK', '1731', '2025-02-21 03:02:53'),
    ('BBCA.JK', '8204', '2025-04-01 07:19:37'),
    ('BBCA.JK', '5315', '2025-02-13 22:21:55'),
    ('BBCA.JK', '5400', '2025-04-20 13:34:46'),
    ('BBCA.JK', '2009', '2025-01-30 08:19:11'),
    ('BBCA.JK', '2584', '2025-01-17 15:25:30'),
    ('BBCA.JK', '6632', '2025-04-16 03:20:06'),
    ('BBCA.JK', '7782', '2025-04-25 12:19:27'),
    ('BBCA.JK', '4727', '2025-04-18 11:58:18'),
    ('BBCA.JK', '1999', '2025-03-17 04:02:42'),
    ('BBCA.JK', '9561', '2025-03-23 06:58:00'),
    ('BBCA.JK', '9773', '2025-05-14 09:58:07'),
    ('BBCA.JK', '8779', '2025-04-22 05:02:31'),
    ('BBCA.JK', '4860', '2025-04-03 11:32:35'),
    ('BBCA.JK', '5896', '2025-01-16 07:57:25'),
    ('BBCA.JK', '7468', '2025-05-19 16:54:21'),
    ('BBCA.JK', '1568', '2025-04-08 11:57:44'),
    ('BBCA.JK', '9467', '2025-04-21 23:18:54'),
    ('BBCA.JK', '3415', '2025-01-24 08:33:14'),
    ('BBCA.JK', '8357', '2025-02-03 13:40:27'),
    ('BBCA.JK', '3738', '2025-02-11 03:28:46'),
    ('BBCA.JK', '4157', '2025-01-25 12:04:09'),
    ('BBCA.JK', '1699', '2025-03-24 05:04:12'),
    ('BBCA.JK', '2283', '2025-05-13 15:35:43'),
    ('BBCA.JK', '8133', '2025-02-09 05:00:43'),
    ('BBCA.JK', '3422', '2025-04-26 13:07:23'),
    ('BBCA.JK', '5225', '2025-03-04 02:08:26'),
    ('BBCA.JK', '2097', '2025-01-17 21:34:38'),
    ('BBCA.JK', '7358', '2025-04-19 00:50:42'),
    ('BBCA.JK', '7510', '2025-04-18 04:45:32'),
    ('BBCA.JK', '6343', '2025-02-23 15:11:20'),
    ('BBCA.JK', '9514', '2025-03-30 23:10:01'),
    ('BBCA.JK', '1202', '2025-05-17 00:09:25'),
    ('BBCA.JK', '9561', '2025-03-23 11:26:56'),
    ('BBCA.JK', '2843', '2025-03-22 11:26:29'),
    ('BBCA.JK', '3451', '2025-01-29 18:39:39'),
    ('BBCA.JK', '2641', '2025-01-21 12:17:38'),
    ('BBCA.JK', '2654', '2025-02-25 13:17:21'),
    ('BBCA.JK', '9775', '2025-03-08 18:32:47'),
    ('BBCA.JK', '7732', '2025-02-21 06:57:57'),
    ('BBCA.JK', '7275', '2025-05-08 03:31:54'),
    ('BBCA.JK', '8955', '2025-04-22 01:49:17'),
    ('BBCA.JK', '8750', '2025-01-08 06:36:09'),
    ('BBCA.JK', '3821', '2025-02-23 11:31:22'),
    ('BBCA.JK', '7602', '2025-01-28 22:24:07'),
    ('BBCA.JK', '7581', '2025-01-08 12:44:22'),
    ('BBCA.JK', '7484', '2025-03-06 08:52:27'),
    ('BBCA.JK', '4892', '2025-01-10 13:42:45'),
    ('BBCA.JK', '8785', '2025-02-22 03:41:37'),
    ('BBCA.JK', '7102', '2025-01-04 22:17:31'),
    ('BBCA.JK', '6535', '2025-02-28 20:20:18'),
    ('BBCA.JK', '6094', '2025-02-24 10:30:36'),
    ('BBCA.JK', '9054', '2025-05-16 04:26:49'),
    ('BBCA.JK', '2609', '2025-02-14 06:21:30'),
    ('BBCA.JK', '3201', '2025-02-28 08:20:25'),
    ('BBCA.JK', '8259', '2025-03-04 07:21:17'),
    ('BBCA.JK', '5414', '2025-05-22 12:27:05'),
    ('BBCA.JK', '7828', '2025-04-28 11:24:25'),
    ('BBCA.JK', '2462', '2025-02-06 11:50:37'),
    ('BBCA.JK', '8237', '2025-02-11 01:09:04'),
    ('BBCA.JK', '7671', '2025-05-24 21:03:10'),
    ('BBCA.JK', '8937', '2025-04-11 07:04:15'),
    ('BBCA.JK', '7126', '2025-01-11 21:56:17'),
    ('BBCA.JK', '9442', '2025-01-31 20:51:55'),
    ('BBCA.JK', '2075', '2025-03-02 09:56:19'),
    ('BBCA.JK', '9303', '2025-03-20 07:54:39'),
    ('BBCA.JK', '3222', '2025-04-12 19:21:03'),
    ('BBCA.JK', '1474', '2025-02-03 17:40:29'),
    ('BBCA.JK', '4158', '2025-02-08 23:27:16'),
    ('BBCA.JK', '1944', '2025-02-18 10:42:32'),
    ('BBCA.JK', '1541', '2025-03-30 15:12:17'),
    ('BBCA.JK', '1828', '2025-03-11 23:28:10'),
    ('BBCA.JK', '4262', '2025-02-23 04:49:39'),
    ('BBCA.JK', '7035', '2025-04-01 03:24:53'),
    ('BBCA.JK', '9275', '2025-03-19 01:53:06'),
    ('BBCA.JK', '3029', '2025-05-13 06:30:09'),
    ('BBCA.JK', '1500', '2025-02-16 23:30:47'),
    ('BBCA.JK', '7102', '2025-04-05 21:54:40'),
    ('BBCA.JK', '8308', '2025-02-04 11:35:59'),
    ('BBCA.JK', '8775', '2025-04-24 23:03:36'),
    ('BBCA.JK', '6730', '2025-03-08 20:18:59'),
    ('BBCA.JK', '3679', '2025-02-20 05:26:33'),
    ('BBCA.JK', '2480', '2025-02-25 08:31:10'),
    ('BBCA.JK', '1449', '2025-03-17 01:31:35'),
    ('BBCA.JK', '1813', '2025-02-01 15:12:12'),
    ('BBCA.JK', '4511', '2025-02-12 23:34:14'),
    ('BBCA.JK', '4688', '2025-05-12 14:17:19'),
    ('BBCA.JK', '4387', '2025-02-22 06:01:13'),
    ('BBCA.JK', '7709', '2025-04-10 16:03:50'),
    ('BBCA.JK', '1328', '2025-05-13 11:16:52'),
    ('BBCA.JK', '1145', '2025-04-03 01:27:11'),
    ('BBCA.JK', '3167', '2025-05-06 16:58:12'),
    ('BBCA.JK', '3837', '2025-04-27 17:31:28'),
    ('BBCA.JK', '1138', '2025-02-13 10:50:38'),
    ('BBCA.JK', '5135', '2025-04-29 03:05:16'),
    ('BBCA.JK', '6004', '2025-05-19 09:36:41'),
    ('BBCA.JK', '5511', '2025-03-24 07:04:58'),
    ('BBCA.JK', '7168', '2025-03-09 17:06:09'),
    ('BBCA.JK', '8520', '2025-02-18 22:23:56'),
    ('TLKM.JK', '4575', '2025-04-01 14:58:13'),
    ('TLKM.JK', '5950', '2025-05-12 11:57:46'),
    ('TLKM.JK', '9530', '2025-05-02 02:12:54'),
    ('TLKM.JK', '7506', '2025-04-24 11:54:27'),
    ('TLKM.JK', '2676', '2025-01-02 10:14:31'),
    ('TLKM.JK', '9380', '2025-05-09 14:48:00'),
    ('TLKM.JK', '7131', '2025-04-20 00:34:47'),
    ('TLKM.JK', '5631', '2025-02-27 22:59:55'),
    ('TLKM.JK', '2771', '2025-04-04 13:03:49'),
    ('TLKM.JK', '2045', '2025-03-07 07:11:43'),
    ('TLKM.JK', '5529', '2025-05-05 09:23:16'),
    ('TLKM.JK', '6327', '2025-02-23 18:22:38'),
    ('TLKM.JK', '5278', '2025-05-08 09:44:20'),
    ('TLKM.JK', '5895', '2025-02-06 13:49:17'),
    ('TLKM.JK', '3456', '2025-04-11 10:45:46'),
    ('TLKM.JK', '4937', '2025-01-12 00:35:20'),
    ('TLKM.JK', '7620', '2025-05-09 06:17:39'),
    ('TLKM.JK', '6236', '2025-05-13 04:33:06'),
    ('TLKM.JK', '3292', '2025-05-21 01:25:24'),
    ('TLKM.JK', '1417', '2025-05-08 06:23:16'),
    ('TLKM.JK', '9148', '2025-02-27 09:37:02'),
    ('TLKM.JK', '5250', '2025-03-23 06:39:26'),
    ('TLKM.JK', '7628', '2025-03-17 09:29:32'),
    ('TLKM.JK', '1578', '2025-04-24 05:05:14'),
    ('TLKM.JK', '4111', '2025-03-08 15:16:27'),
    ('TLKM.JK', '4643', '2025-05-14 06:28:27'),
    ('TLKM.JK', '9759', '2025-05-04 22:45:24'),
    ('TLKM.JK', '8794', '2025-05-11 11:08:02'),
    ('TLKM.JK', '6873', '2025-04-09 12:15:30'),
    ('TLKM.JK', '5918', '2025-02-03 00:11:42'),
    ('TLKM.JK', '3967', '2025-02-27 01:07:58'),
    ('TLKM.JK', '2599', '2025-04-02 09:59:52'),
    ('TLKM.JK', '3096', '2025-05-24 20:55:56'),
    ('TLKM.JK', '5237', '2025-05-21 19:36:52'),
    ('TLKM.JK', '3999', '2025-05-12 23:41:21'),
    ('TLKM.JK', '6499', '2025-05-08 01:53:11'),
    ('TLKM.JK', '2463', '2025-02-13 03:46:35'),
    ('TLKM.JK', '6820', '2025-02-13 08:47:00'),
    ('TLKM.JK', '6031', '2025-03-23 15:32:39'),
    ('TLKM.JK', '6428', '2025-03-14 04:09:56'),
    ('TLKM.JK', '5269', '2025-04-24 16:57:26'),
    ('TLKM.JK', '5817', '2025-04-01 01:16:52'),
    ('TLKM.JK', '2929', '2025-04-02 08:51:33'),
    ('TLKM.JK', '1879', '2025-05-04 04:30:11'),
    ('TLKM.JK', '2166', '2025-04-02 16:42:11'),
    ('TLKM.JK', '4187', '2025-04-08 04:23:37'),
    ('TLKM.JK', '2963', '2025-05-13 04:16:53'),
    ('TLKM.JK', '7253', '2025-04-13 21:13:35'),
    ('TLKM.JK', '5888', '2025-03-22 05:13:09'),
    ('TLKM.JK', '1885', '2025-01-30 06:40:42'),
    ('TLKM.JK', '3250', '2025-02-08 21:26:59'),
    ('TLKM.JK', '6614', '2025-03-21 10:58:19'),
    ('TLKM.JK', '8496', '2025-01-28 19:28:22'),
    ('TLKM.JK', '6183', '2025-05-19 23:15:24'),
    ('TLKM.JK', '3954', '2025-01-16 16:36:31'),
    ('TLKM.JK', '8988', '2025-03-06 14:09:56'),
    ('TLKM.JK', '3897', '2025-03-02 20:36:55'),
    ('TLKM.JK', '1950', '2025-01-01 21:57:59'),
    ('TLKM.JK', '8406', '2025-02-23 02:43:56'),
    ('TLKM.JK', '4430', '2025-02-02 17:45:35'),
    ('TLKM.JK', '3595', '2025-04-06 01:35:40'),
    ('TLKM.JK', '2442', '2025-01-26 03:04:31'),
    ('TLKM.JK', '8105', '2025-05-04 00:15:57'),
    ('TLKM.JK', '8035', '2025-03-20 07:56:59'),
    ('TLKM.JK', '8029', '2025-04-03 16:50:47'),
    ('TLKM.JK', '7280', '2025-01-01 21:45:35'),
    ('TLKM.JK', '1618', '2025-04-14 15:36:26'),
    ('TLKM.JK', '4267', '2025-05-22 21:07:05'),
    ('TLKM.JK', '7112', '2025-01-03 17:36:14'),
    ('TLKM.JK', '6279', '2025-04-14 02:47:48'),
    ('TLKM.JK', '4122', '2025-01-04 11:29:42'),
    ('TLKM.JK', '1067', '2025-05-02 16:34:21'),
    ('TLKM.JK', '5076', '2025-02-13 22:28:28'),
    ('TLKM.JK', '6641', '2025-03-02 14:27:19'),
    ('TLKM.JK', '3112', '2025-01-20 22:39:18'),
    ('TLKM.JK', '7284', '2025-04-08 17:43:04'),
    ('TLKM.JK', '6015', '2025-02-02 10:22:13'),
    ('TLKM.JK', '2069', '2025-01-09 21:03:46'),
    ('TLKM.JK', '5885', '2025-02-26 11:21:20'),
    ('TLKM.JK', '8469', '2025-05-22 07:56:33'),
    ('TLKM.JK', '9524', '2025-04-26 19:17:06'),
    ('TLKM.JK', '9587', '2025-03-07 14:25:33'),
    ('TLKM.JK', '8105', '2025-05-14 08:37:38'),
    ('TLKM.JK', '3192', '2025-03-08 13:15:02'),
    ('TLKM.JK', '9031', '2025-03-11 18:13:49'),
    ('TLKM.JK', '4087', '2025-02-02 00:24:46'),
    ('TLKM.JK', '7609', '2025-01-04 17:07:39'),
    ('TLKM.JK', '4742', '2025-02-13 13:24:47'),
    ('TLKM.JK', '3149', '2025-02-11 00:13:04'),
    ('TLKM.JK', '1359', '2025-04-25 12:10:04'),
    ('TLKM.JK', '9267', '2025-02-02 19:31:33'),
    ('TLKM.JK', '3017', '2025-03-13 04:26:23'),
    ('TLKM.JK', '1612', '2025-03-14 20:31:24'),
    ('TLKM.JK', '5190', '2025-04-14 20:02:18'),
    ('TLKM.JK', '1796', '2025-04-26 07:53:12'),
    ('TLKM.JK', '1785', '2025-05-09 13:00:12'),
    ('TLKM.JK', '2771', '2025-05-07 21:50:45'),
    ('TLKM.JK', '1323', '2025-01-10 08:47:29'),
    ('TLKM.JK', '2897', '2025-03-22 22:18:53'),
    ('TLKM.JK', '8279', '2025-03-15 20:06:39'),
    ('TLKM.JK', '3024', '2025-04-17 06:31:14'),
    ('TLKM.JK', '5140', '2025-04-03 02:50:49'),
    ('TLKM.JK', '3508', '2025-02-09 21:40:32'),
    ('TLKM.JK', '1152', '2025-02-28 11:18:15'),
    ('TLKM.JK', '7895', '2025-05-09 11:34:49'),
    ('TLKM.JK', '2654', '2025-05-09 15:23:39'),
    ('TLKM.JK', '9524', '2025-02-22 10:11:04'),
    ('TLKM.JK', '3247', '2025-03-23 07:52:10'),
    ('TLKM.JK', '2718', '2025-04-10 08:09:28'),
    ('TLKM.JK', '2928', '2025-02-24 21:30:32'),
    ('TLKM.JK', '2867', '2025-01-21 15:13:29'),
    ('TLKM.JK', '9154', '2025-02-08 13:45:37'),
    ('TLKM.JK', '4272', '2025-02-21 01:38:25'),
    ('TLKM.JK', '9571', '2025-02-09 03:51:54'),
    ('TLKM.JK', '6864', '2025-05-17 14:15:10'),
    ('TLKM.JK', '7713', '2025-02-27 08:26:10'),
    ('TLKM.JK', '3627', '2025-01-08 15:38:38'),
    ('TLKM.JK', '9980', '2025-04-07 09:10:50'),
    ('TLKM.JK', '4402', '2025-05-14 15:15:45'),
    ('TLKM.JK', '8875', '2025-03-06 04:43:28'),
    ('TLKM.JK', '4842', '2025-01-01 12:45:36'),
    ('TLKM.JK', '1208', '2025-05-11 10:02:14'),
    ('TLKM.JK', '2458', '2025-01-22 10:38:43'),
    ('TLKM.JK', '9095', '2025-01-29 23:03:49'),
    ('TLKM.JK', '2475', '2025-04-10 08:43:11'),
    ('TLKM.JK', '2229', '2025-05-21 12:03:03'),
    ('TLKM.JK', '2659', '2025-02-19 16:32:37'),
    ('TLKM.JK', '4787', '2025-03-30 16:36:54'),
    ('TLKM.JK', '5850', '2025-02-21 06:54:42'),
    ('TLKM.JK', '8606', '2025-01-10 17:23:26'),
    ('TLKM.JK', '2635', '2025-02-03 22:10:09'),
    ('TLKM.JK', '1646', '2025-02-26 10:08:28'),
    ('TLKM.JK', '6901', '2025-05-12 09:57:38'),
    ('TLKM.JK', '6123', '2025-03-24 17:16:53'),
    ('TLKM.JK', '2898', '2025-01-19 10:43:29'),
    ('TLKM.JK', '1751', '2025-01-02 21:04:34'),
    ('TLKM.JK', '3267', '2025-05-09 19:27:30'),
    ('TLKM.JK', '3793', '2025-03-05 19:40:13'),
    ('TLKM.JK', '6857', '2025-03-26 23:53:50'),
    ('TLKM.JK', '5395', '2025-05-23 08:20:39'),
    ('TLKM.JK', '2522', '2025-03-14 08:32:42'),
    ('TLKM.JK', '6615', '2025-02-05 12:13:59'),
    ('TLKM.JK', '2865', '2025-03-19 19:45:30'),
    ('TLKM.JK', '7557', '2025-03-30 15:37:28'),
    ('TLKM.JK', '5453', '2025-03-16 21:33:52'),
    ('TLKM.JK', '8835', '2025-03-23 21:27:00'),
    ('TLKM.JK', '3732', '2025-01-22 22:52:54'),
    ('TLKM.JK', '3171', '2025-05-16 04:23:12'),
    ('TLKM.JK', '1960', '2025-01-31 22:50:11'),
    ('TLKM.JK', '2699', '2025-03-22 18:49:46'),
    ('TLKM.JK', '8908', '2025-04-21 11:28:06'),
    ('TLKM.JK', '8178', '2025-02-05 04:44:07'),
    ('TLKM.JK', '7221', '2025-03-11 15:11:31'),
    ('TLKM.JK', '1472', '2025-05-13 21:50:02'),
    ('TLKM.JK', '3140', '2025-04-04 19:18:51'),
    ('TLKM.JK', '8997', '2025-01-22 22:19:36'),
    ('TLKM.JK', '7738', '2025-03-27 13:45:15'),
    ('TLKM.JK', '1753', '2025-01-13 07:10:02'),
    ('TLKM.JK', '5286', '2025-05-08 04:23:53'),
    ('TLKM.JK', '6148', '2025-01-03 09:36:09'),
    ('TLKM.JK', '9598', '2025-05-25 09:32:17'),
    ('TLKM.JK', '4669', '2025-05-11 01:42:03'),
    ('TLKM.JK', '6542', '2025-04-11 19:10:47'),
    ('TLKM.JK', '9570', '2025-05-14 15:26:18'),
    ('TLKM.JK', '2560', '2025-03-26 01:13:02'),
    ('TLKM.JK', '5072', '2025-04-04 13:57:18'),
    ('TLKM.JK', '6664', '2025-05-09 21:06:56'),
    ('TLKM.JK', '7305', '2025-01-29 20:46:47'),
    ('TLKM.JK', '1894', '2025-01-03 06:16:08'),
    ('TLKM.JK', '3571', '2025-04-09 04:06:56'),
    ('TLKM.JK', '8688', '2025-04-07 06:45:29'),
    ('TLKM.JK', '3709', '2025-01-15 12:53:50'),
    ('TLKM.JK', '9055', '2025-03-04 06:15:42'),
    ('TLKM.JK', '4946', '2025-03-06 06:04:54'),
    ('TLKM.JK', '5557', '2025-01-10 18:39:04'),
    ('TLKM.JK', '9305', '2025-02-13 05:53:15'),
    ('TLKM.JK', '7203', '2025-03-20 07:24:25'),
    ('TLKM.JK', '4850', '2025-01-16 07:22:37'),
    ('TLKM.JK', '8521', '2025-03-28 06:04:12'),
    ('TLKM.JK', '8341', '2025-01-18 02:12:08'),
    ('TLKM.JK', '9166', '2025-03-28 19:29:18'),
    ('TLKM.JK', '6178', '2025-01-24 01:12:50'),
    ('TLKM.JK', '9148', '2025-05-25 17:03:55'),
    ('TLKM.JK', '1291', '2025-01-20 22:21:09'),
    ('TLKM.JK', '7609', '2025-03-22 01:38:12'),
    ('TLKM.JK', '1587', '2025-04-19 04:25:07'),
    ('TLKM.JK', '9996', '2025-01-01 00:47:27'),
    ('TLKM.JK', '2489', '2025-04-28 07:47:28'),
    ('TLKM.JK', '5990', '2025-04-09 17:01:32'),
    ('TLKM.JK', '4389', '2025-05-08 02:38:18'),
    ('TLKM.JK', '8474', '2025-03-08 04:29:44'),
    ('TLKM.JK', '6953', '2025-01-11 12:56:26'),
    ('TLKM.JK', '4652', '2025-03-30 05:56:13'),
    ('TLKM.JK', '6439', '2025-04-19 18:29:31'),
    ('TLKM.JK', '8751', '2025-05-20 03:52:07'),
    ('TLKM.JK', '6952', '2025-05-20 00:23:55'),
    ('TLKM.JK', '8414', '2025-01-23 03:23:14'),
    ('TLKM.JK', '2596', '2025-05-08 22:44:39'),
    ('TLKM.JK', '4633', '2025-01-01 10:14:18'),
    ('TLKM.JK', '6592', '2025-03-10 23:04:03'),
    ('TLKM.JK', '5783', '2025-04-17 08:25:23'),
    ('TLKM.JK', '9552', '2025-03-14 14:27:19'),
    ('TLKM.JK', '2741', '2025-01-09 21:20:29'),
    ('TLKM.JK', '3689', '2025-04-06 14:51:12'),
    ('TLKM.JK', '3301', '2025-05-20 04:47:29'),
    ('TLKM.JK', '7704', '2025-01-21 18:28:36'),
    ('TLKM.JK', '5166', '2025-04-29 14:46:32'),
    ('TLKM.JK', '4209', '2025-02-06 10:00:56'),
    ('TLKM.JK', '2978', '2025-03-18 07:01:49'),
    ('TLKM.JK', '4532', '2025-03-30 17:59:19'),
    ('TLKM.JK', '4122', '2025-05-20 04:28:25'),
    ('TLKM.JK', '6536', '2025-01-21 22:13:29'),
    ('TLKM.JK', '7790', '2025-01-10 00:42:26'),
    ('TLKM.JK', '3018', '2025-03-29 11:30:12'),
    ('TLKM.JK', '8493', '2025-05-08 20:37:50'),
    ('TLKM.JK', '9260', '2025-01-27 03:26:57'),
    ('TLKM.JK', '9172', '2025-01-01 20:12:53'),
    ('TLKM.JK', '9689', '2025-05-23 23:00:20'),
    ('TLKM.JK', '1795', '2025-04-18 10:13:17'),
    ('TLKM.JK', '8091', '2025-04-24 14:51:36'),
    ('TLKM.JK', '8912', '2025-04-09 17:00:10'),
    ('TLKM.JK', '3903', '2025-05-15 08:06:15'),
    ('TLKM.JK', '3845', '2025-05-22 20:21:06'),
    ('TLKM.JK', '3103', '2025-01-21 02:35:47'),
    ('TLKM.JK', '7347', '2025-05-08 16:16:25'),
    ('TLKM.JK', '6273', '2025-04-08 21:19:24'),
    ('TLKM.JK', '7302', '2025-03-23 07:07:08'),
    ('TLKM.JK', '5067', '2025-02-23 03:02:57'),
    ('TLKM.JK', '7518', '2025-03-08 13:50:16'),
    ('TLKM.JK', '5819', '2025-03-29 22:24:50'),
    ('TLKM.JK', '3185', '2025-01-27 19:57:55'),
    ('TLKM.JK', '7762', '2025-04-27 23:58:02'),
    ('TLKM.JK', '9393', '2025-02-28 01:02:10'),
    ('TLKM.JK', '9975', '2025-03-02 22:55:49'),
    ('TLKM.JK', '4560', '2025-02-09 00:12:39'),
    ('TLKM.JK', '4435', '2025-05-02 04:49:54'),
    ('TLKM.JK', '5760', '2025-05-14 07:50:26'),
    ('TLKM.JK', '6657', '2025-05-11 13:29:19'),
    ('UNVR.JK', '3173', '2025-05-18 22:41:14'),
    ('UNVR.JK', '3913', '2025-04-08 20:18:49'),
    ('UNVR.JK', '9888', '2025-05-15 19:43:41'),
    ('UNVR.JK', '6281', '2025-05-18 22:29:01'),
    ('UNVR.JK', '2890', '2025-03-10 09:32:49'),
    ('UNVR.JK', '8870', '2025-04-24 04:04:26'),
    ('UNVR.JK', '7839', '2025-05-11 22:12:08'),
    ('UNVR.JK', '9747', '2025-02-25 12:31:15'),
    ('UNVR.JK', '7920', '2025-01-03 11:30:53'),
    ('UNVR.JK', '9564', '2025-01-21 16:11:18'),
    ('UNVR.JK', '1414', '2025-03-15 22:59:03'),
    ('UNVR.JK', '3381', '2025-01-11 07:18:02'),
    ('UNVR.JK', '1927', '2025-02-08 19:36:46'),
    ('UNVR.JK', '5374', '2025-02-01 06:00:47'),
    ('UNVR.JK', '5695', '2025-05-13 16:49:47'),
    ('UNVR.JK', '5105', '2025-01-29 10:24:20'),
    ('UNVR.JK', '2016', '2025-05-15 02:24:18'),
    ('UNVR.JK', '5835', '2025-02-09 14:42:47'),
    ('UNVR.JK', '9866', '2025-01-07 06:33:31'),
    ('UNVR.JK', '6876', '2025-03-29 21:14:35'),
    ('UNVR.JK', '2679', '2025-04-30 15:16:30'),
    ('UNVR.JK', '4675', '2025-05-25 03:53:38'),
    ('UNVR.JK', '7371', '2025-02-16 03:16:30'),
    ('UNVR.JK', '9370', '2025-05-16 04:11:38'),
    ('UNVR.JK', '5712', '2025-05-15 13:18:58'),
    ('UNVR.JK', '1769', '2025-03-16 02:18:14'),
    ('UNVR.JK', '7349', '2025-03-22 21:20:21'),
    ('UNVR.JK', '6122', '2025-04-18 05:05:13'),
    ('UNVR.JK', '1881', '2025-01-03 12:25:20'),
    ('UNVR.JK', '5117', '2025-02-09 10:27:18'),
    ('UNVR.JK', '8259', '2025-02-13 19:07:55'),
    ('UNVR.JK', '7025', '2025-04-25 06:04:27'),
    ('UNVR.JK', '9955', '2025-05-24 09:25:35'),
    ('UNVR.JK', '4218', '2025-05-21 18:20:47'),
    ('UNVR.JK', '4170', '2025-02-27 02:58:03'),
    ('UNVR.JK', '8353', '2025-02-04 10:51:52'),
    ('UNVR.JK', '2220', '2025-02-06 07:22:26'),
    ('UNVR.JK', '3847', '2025-05-23 17:43:07'),
    ('UNVR.JK', '9418', '2025-01-24 04:13:44'),
    ('UNVR.JK', '7180', '2025-01-08 21:22:09'),
    ('UNVR.JK', '8020', '2025-02-24 04:45:26'),
    ('UNVR.JK', '5329', '2025-01-26 06:09:14'),
    ('UNVR.JK', '3636', '2025-04-24 09:34:20'),
    ('UNVR.JK', '5178', '2025-01-02 02:18:29'),
    ('UNVR.JK', '6415', '2025-04-01 13:15:41'),
    ('UNVR.JK', '3536', '2025-01-08 18:08:11'),
    ('UNVR.JK', '3518', '2025-03-04 15:33:53'),
    ('UNVR.JK', '1833', '2025-05-02 10:25:11'),
    ('UNVR.JK', '5934', '2025-04-06 06:07:59'),
    ('UNVR.JK', '6866', '2025-01-15 03:38:56'),
    ('UNVR.JK', '6207', '2025-04-13 00:31:06'),
    ('UNVR.JK', '4603', '2025-02-05 16:53:31'),
    ('UNVR.JK', '9529', '2025-01-14 05:43:31'),
    ('UNVR.JK', '9276', '2025-01-31 22:43:13'),
    ('UNVR.JK', '7814', '2025-04-16 10:56:13'),
    ('UNVR.JK', '9798', '2025-03-20 08:03:35'),
    ('UNVR.JK', '2506', '2025-03-09 20:20:08'),
    ('UNVR.JK', '4624', '2025-02-11 10:18:02'),
    ('UNVR.JK', '6437', '2025-03-06 06:52:54'),
    ('UNVR.JK', '6911', '2025-02-27 00:09:20'),
    ('UNVR.JK', '4579', '2025-05-01 01:23:47'),
    ('UNVR.JK', '9691', '2025-04-03 04:59:41'),
    ('UNVR.JK', '1144', '2025-01-23 06:38:34'),
    ('UNVR.JK', '6668', '2025-03-28 12:57:35'),
    ('UNVR.JK', '4937', '2025-05-05 17:10:07'),
    ('UNVR.JK', '4994', '2025-01-08 17:50:29'),
    ('UNVR.JK', '6258', '2025-03-16 01:19:30'),
    ('UNVR.JK', '2857', '2025-03-16 22:18:43'),
    ('UNVR.JK', '5203', '2025-04-15 21:41:18'),
    ('UNVR.JK', '5633', '2025-01-05 19:08:13'),
    ('UNVR.JK', '9468', '2025-03-14 19:25:52'),
    ('UNVR.JK', '9426', '2025-04-09 18:52:46'),
    ('UNVR.JK', '8300', '2025-04-05 12:40:27'),
    ('UNVR.JK', '1718', '2025-02-27 13:28:56'),
    ('UNVR.JK', '4154', '2025-03-04 04:45:56'),
    ('UNVR.JK', '9419', '2025-01-16 23:45:27'),
    ('UNVR.JK', '2572', '2025-02-02 12:06:58'),
    ('UNVR.JK', '9814', '2025-04-14 12:55:09'),
    ('UNVR.JK', '1120', '2025-05-02 17:43:11'),
    ('UNVR.JK', '2072', '2025-02-10 22:18:46'),
    ('UNVR.JK', '4492', '2025-05-14 02:13:10'),
    ('UNVR.JK', '7950', '2025-01-21 04:20:02'),
    ('UNVR.JK', '4368', '2025-04-15 10:06:58'),
    ('UNVR.JK', '8130', '2025-05-06 13:11:36'),
    ('UNVR.JK', '2181', '2025-05-26 00:45:48'),
    ('UNVR.JK', '3519', '2025-01-05 14:41:48'),
    ('UNVR.JK', '8523', '2025-05-20 04:50:54'),
    ('UNVR.JK', '6434', '2025-01-08 08:33:46'),
    ('UNVR.JK', '2433', '2025-01-15 05:21:38'),
    ('UNVR.JK', '1889', '2025-02-04 13:30:12'),
    ('UNVR.JK', '5127', '2025-04-19 08:51:39'),
    ('UNVR.JK', '2154', '2025-04-22 15:31:06'),
    ('UNVR.JK', '4729', '2025-02-20 05:23:12'),
    ('UNVR.JK', '7678', '2025-03-17 08:21:46'),
    ('UNVR.JK', '8391', '2025-05-03 09:01:31'),
    ('UNVR.JK', '7626', '2025-03-26 02:02:34'),
    ('UNVR.JK', '6183', '2025-01-04 06:43:03'),
    ('UNVR.JK', '7381', '2025-05-11 17:47:58'),
    ('UNVR.JK', '2938', '2025-04-14 20:30:31'),
    ('UNVR.JK', '1096', '2025-05-05 13:14:47'),
    ('UNVR.JK', '2036', '2025-05-25 20:23:01'),
    ('UNVR.JK', '1745', '2025-05-17 02:20:49'),
    ('UNVR.JK', '2189', '2025-03-11 11:00:12'),
    ('UNVR.JK', '9238', '2025-01-21 14:37:38'),
    ('UNVR.JK', '5748', '2025-05-14 04:25:34'),
    ('UNVR.JK', '5937', '2025-04-28 18:48:06'),
    ('UNVR.JK', '2417', '2025-02-24 15:57:58'),
    ('UNVR.JK', '8170', '2025-03-16 01:30:57'),
    ('UNVR.JK', '7473', '2025-05-09 07:11:35'),
    ('UNVR.JK', '1504', '2025-04-03 00:56:33'),
    ('UNVR.JK', '3561', '2025-04-14 14:08:23'),
    ('UNVR.JK', '4602', '2025-01-27 11:35:01'),
    ('UNVR.JK', '7406', '2025-04-16 23:15:37'),
    ('UNVR.JK', '5832', '2025-05-04 02:52:01'),
    ('UNVR.JK', '3360', '2025-02-27 21:02:38'),
    ('UNVR.JK', '7113', '2025-01-03 03:57:49'),
    ('UNVR.JK', '3316', '2025-01-24 22:19:02'),
    ('UNVR.JK', '1684', '2025-01-01 23:26:26'),
    ('UNVR.JK', '7456', '2025-04-15 07:18:35'),
    ('UNVR.JK', '9970', '2025-01-17 12:43:11'),
    ('UNVR.JK', '5992', '2025-02-10 18:55:02'),
    ('UNVR.JK', '6633', '2025-02-11 02:45:56'),
    ('UNVR.JK', '7760', '2025-05-06 10:15:32'),
    ('UNVR.JK', '9397', '2025-01-28 15:53:20'),
    ('UNVR.JK', '3637', '2025-02-05 17:28:05'),
    ('UNVR.JK', '4617', '2025-04-30 18:53:31'),
    ('UNVR.JK', '5140', '2025-02-07 17:37:32'),
    ('UNVR.JK', '2877', '2025-02-05 05:11:22'),
    ('UNVR.JK', '1891', '2025-04-17 13:49:53'),
    ('UNVR.JK', '8557', '2025-05-06 04:24:03'),
    ('UNVR.JK', '2198', '2025-02-26 10:32:22'),
    ('UNVR.JK', '2103', '2025-02-18 16:17:20'),
    ('UNVR.JK', '2608', '2025-02-08 08:01:57'),
    ('UNVR.JK', '8982', '2025-03-06 05:52:37'),
    ('UNVR.JK', '6851', '2025-01-25 21:31:33'),
    ('UNVR.JK', '4842', '2025-01-20 10:14:37'),
    ('UNVR.JK', '5671', '2025-05-01 07:09:10'),
    ('UNVR.JK', '2143', '2025-02-07 13:46:07'),
    ('UNVR.JK', '6206', '2025-04-05 08:16:38'),
    ('UNVR.JK', '8383', '2025-03-05 18:12:13'),
    ('UNVR.JK', '6008', '2025-05-15 15:44:56'),
    ('UNVR.JK', '3496', '2025-04-20 19:39:48'),
    ('UNVR.JK', '6971', '2025-03-03 10:13:09'),
    ('UNVR.JK', '8017', '2025-02-02 17:55:01'),
    ('UNVR.JK', '1079', '2025-03-02 19:41:12'),
    ('UNVR.JK', '5033', '2025-02-13 00:23:04'),
    ('UNVR.JK', '8145', '2025-02-23 17:25:17'),
    ('UNVR.JK', '6889', '2025-01-27 01:54:37'),
    ('UNVR.JK', '6432', '2025-04-04 04:44:51'),
    ('UNVR.JK', '8583', '2025-03-28 11:31:06'),
    ('UNVR.JK', '6877', '2025-03-01 07:36:06'),
    ('UNVR.JK', '8978', '2025-04-18 02:58:37'),
    ('UNVR.JK', '2783', '2025-02-04 03:08:53'),
    ('UNVR.JK', '2343', '2025-02-24 11:45:54'),
    ('UNVR.JK', '3293', '2025-04-15 14:08:31'),
    ('UNVR.JK', '4218', '2025-02-21 02:45:44'),
    ('UNVR.JK', '2252', '2025-05-22 06:02:52'),
    ('UNVR.JK', '2235', '2025-01-04 14:49:24'),
    ('UNVR.JK', '9309', '2025-05-03 15:35:34'),
    ('UNVR.JK', '1511', '2025-04-23 23:48:22'),
    ('UNVR.JK', '7637', '2025-04-25 13:46:06'),
    ('UNVR.JK', '4485', '2025-01-08 02:49:50'),
    ('UNVR.JK', '5269', '2025-04-16 12:45:02'),
    ('UNVR.JK', '9842', '2025-04-02 16:09:49'),
    ('UNVR.JK', '3435', '2025-03-13 00:50:18'),
    ('UNVR.JK', '7430', '2025-02-13 08:41:03'),
    ('UNVR.JK', '5767', '2025-01-26 23:55:54'),
    ('UNVR.JK', '8613', '2025-04-08 07:24:11'),
    ('UNVR.JK', '9362', '2025-01-18 14:00:44'),
    ('UNVR.JK', '7500', '2025-03-12 15:44:11'),
    ('UNVR.JK', '9227', '2025-01-03 01:21:38'),
    ('UNVR.JK', '4913', '2025-04-30 05:36:54'),
    ('UNVR.JK', '3717', '2025-04-10 20:03:02'),
    ('UNVR.JK', '3299', '2025-03-28 15:32:16'),
    ('UNVR.JK', '3608', '2025-02-04 18:52:37'),
    ('UNVR.JK', '3395', '2025-05-23 21:38:05'),
    ('UNVR.JK', '8921', '2025-03-11 16:06:30'),
    ('UNVR.JK', '1662', '2025-02-12 11:46:15'),
    ('UNVR.JK', '8989', '2025-02-15 00:01:58'),
    ('UNVR.JK', '2029', '2025-02-21 07:59:36'),
    ('UNVR.JK', '7052', '2025-02-15 10:36:21'),
    ('UNVR.JK', '1701', '2025-05-10 19:50:05'),
    ('UNVR.JK', '4387', '2025-04-11 13:31:12'),
    ('UNVR.JK', '6918', '2025-03-17 08:38:41'),
    ('UNVR.JK', '8695', '2025-03-30 06:47:31'),
    ('UNVR.JK', '1760', '2025-01-08 17:58:09'),
    ('UNVR.JK', '6309', '2025-01-21 01:03:48'),
    ('UNVR.JK', '9542', '2025-05-04 00:38:10'),
    ('UNVR.JK', '5480', '2025-05-25 01:32:59'),
    ('UNVR.JK', '5314', '2025-04-23 08:37:04'),
    ('UNVR.JK', '9918', '2025-04-21 17:08:20'),
    ('UNVR.JK', '3848', '2025-03-15 03:21:38'),
    ('UNVR.JK', '7201', '2025-03-12 22:24:22'),
    ('UNVR.JK', '2275', '2025-04-11 07:49:25'),
    ('UNVR.JK', '5121', '2025-03-15 01:49:09'),
    ('UNVR.JK', '4651', '2025-04-11 06:28:00'),
    ('UNVR.JK', '7649', '2025-03-10 12:37:26'),
    ('UNVR.JK', '6653', '2025-04-05 12:56:21'),
    ('UNVR.JK', '8898', '2025-04-28 07:49:38'),
    ('UNVR.JK', '1108', '2025-04-08 10:43:47'),
    ('UNVR.JK', '3276', '2025-03-27 10:04:35'),
    ('UNVR.JK', '3713', '2025-02-14 15:50:04'),
    ('UNVR.JK', '2263', '2025-04-10 21:56:10'),
    ('UNVR.JK', '5600', '2025-02-11 01:44:28'),
    ('UNVR.JK', '3461', '2025-02-06 07:02:36'),
    ('UNVR.JK', '3578', '2025-03-12 08:04:52'),
    ('UNVR.JK', '2938', '2025-05-09 08:59:39'),
    ('UNVR.JK', '4773', '2025-03-22 12:14:23'),
    ('UNVR.JK', '6410', '2025-05-20 20:38:04'),
    ('UNVR.JK', '2856', '2025-04-04 12:01:48'),
    ('UNVR.JK', '8844', '2025-04-04 00:24:01'),
    ('UNVR.JK', '4452', '2025-04-25 17:17:06'),
    ('UNVR.JK', '3641', '2025-05-06 16:26:47'),
    ('UNVR.JK', '7732', '2025-01-05 08:36:22'),
    ('UNVR.JK', '4992', '2025-01-09 09:04:01'),
    ('UNVR.JK', '3095', '2025-04-22 08:38:27'),
    ('UNVR.JK', '3639', '2025-01-27 03:51:34'),
    ('UNVR.JK', '9399', '2025-01-08 14:38:33'),
    ('UNVR.JK', '3406', '2025-01-11 20:34:07'),
    ('UNVR.JK', '3725', '2025-02-20 03:34:37'),
    ('UNVR.JK', '3949', '2025-04-11 07:43:12'),
    ('UNVR.JK', '7642', '2025-04-27 09:12:30'),
    ('UNVR.JK', '1305', '2025-05-20 17:20:00'),
    ('UNVR.JK', '5644', '2025-01-17 15:37:01'),
    ('UNVR.JK', '4548', '2025-03-29 05:26:21'),
    ('UNVR.JK', '8723', '2025-04-04 12:44:14'),
    ('UNVR.JK', '3794', '2025-02-12 14:18:34'),
    ('UNVR.JK', '7730', '2025-04-27 16:06:40'),
    ('UNVR.JK', '3338', '2025-04-24 03:19:40'),
    ('UNVR.JK', '3979', '2025-05-02 00:22:37'),
    ('UNVR.JK', '9369', '2025-02-21 08:45:20'),
    ('UNVR.JK', '3747', '2025-05-21 14:57:18'),
    ('UNVR.JK', '6614', '2025-03-30 01:19:26'),
    ('UNVR.JK', '2127', '2025-02-14 15:00:35'),
    ('UNVR.JK', '7196', '2025-03-16 20:22:57'),
    ('UNVR.JK', '3166', '2025-01-22 01:58:24'),
    ('UNVR.JK', '1271', '2025-02-09 07:00:45'),
    ('UNVR.JK', '9564', '2025-04-08 22:29:08'),
    ('BMRI.JK', '7877', '2025-01-30 01:00:20'),
    ('BMRI.JK', '2577', '2025-02-04 10:50:50'),
    ('BMRI.JK', '8796', '2025-04-30 08:56:02'),
    ('BMRI.JK', '1639', '2025-04-14 04:38:35'),
    ('BMRI.JK', '9246', '2025-01-23 19:39:58'),
    ('BMRI.JK', '2526', '2025-04-04 15:24:20'),
    ('BMRI.JK', '3135', '2025-04-28 04:23:44'),
    ('BMRI.JK', '9835', '2025-01-01 05:35:36'),
    ('BMRI.JK', '8069', '2025-04-12 08:54:08'),
    ('BMRI.JK', '7892', '2025-03-13 22:05:02'),
    ('BMRI.JK', '1711', '2025-05-16 11:15:04'),
    ('BMRI.JK', '9680', '2025-03-25 07:04:51'),
    ('BMRI.JK', '4759', '2025-04-04 14:51:29'),
    ('BMRI.JK', '7246', '2025-03-10 01:31:53'),
    ('BMRI.JK', '2600', '2025-03-24 14:55:27'),
    ('BMRI.JK', '3193', '2025-02-19 10:08:23'),
    ('BMRI.JK', '8817', '2025-02-15 03:35:18'),
    ('BMRI.JK', '2373', '2025-02-25 00:07:06'),
    ('BMRI.JK', '9908', '2025-03-21 08:25:54'),
    ('BMRI.JK', '5223', '2025-02-06 16:54:06'),
    ('BMRI.JK', '1089', '2025-05-18 16:52:23'),
    ('BMRI.JK', '1116', '2025-04-23 05:36:55'),
    ('BMRI.JK', '9561', '2025-01-23 21:07:15'),
    ('BMRI.JK', '9515', '2025-01-02 09:31:36'),
    ('BMRI.JK', '7144', '2025-05-08 02:24:21'),
    ('BMRI.JK', '4365', '2025-05-14 13:13:31'),
    ('BMRI.JK', '6175', '2025-03-21 09:21:22'),
    ('BMRI.JK', '6935', '2025-01-21 16:42:49'),
    ('BMRI.JK', '3535', '2025-03-24 17:38:15'),
    ('BMRI.JK', '5155', '2025-02-20 17:45:35'),
    ('BMRI.JK', '9783', '2025-03-24 05:56:23'),
    ('BMRI.JK', '6990', '2025-04-29 19:34:14'),
    ('BMRI.JK', '5514', '2025-05-13 03:51:08'),
    ('BMRI.JK', '7511', '2025-02-09 13:16:52'),
    ('BMRI.JK', '7770', '2025-04-18 04:59:43'),
    ('BMRI.JK', '8904', '2025-02-04 16:53:37'),
    ('BMRI.JK', '7065', '2025-04-19 13:33:57'),
    ('BMRI.JK', '8925', '2025-02-19 06:41:22'),
    ('BMRI.JK', '6024', '2025-04-23 04:02:58'),
    ('BMRI.JK', '6641', '2025-05-17 23:50:35'),
    ('BMRI.JK', '7522', '2025-05-23 20:59:40'),
    ('BMRI.JK', '3262', '2025-05-09 00:28:50'),
    ('BMRI.JK', '2951', '2025-02-14 14:48:42'),
    ('BMRI.JK', '8317', '2025-05-16 19:01:39'),
    ('BMRI.JK', '3650', '2025-01-20 11:19:56'),
    ('BMRI.JK', '4513', '2025-04-09 17:03:09'),
    ('BMRI.JK', '7562', '2025-03-07 17:14:04'),
    ('BMRI.JK', '1852', '2025-02-01 05:05:36'),
    ('BMRI.JK', '7375', '2025-05-04 11:23:59'),
    ('BMRI.JK', '1086', '2025-01-18 16:30:12'),
    ('BMRI.JK', '3381', '2025-04-02 14:08:06'),
    ('BMRI.JK', '8133', '2025-01-18 02:45:55'),
    ('BMRI.JK', '2049', '2025-02-21 02:05:51'),
    ('BMRI.JK', '4633', '2025-03-14 00:13:01'),
    ('BMRI.JK', '2311', '2025-04-29 06:16:48'),
    ('BMRI.JK', '1618', '2025-05-21 16:23:24'),
    ('BMRI.JK', '7296', '2025-03-19 19:08:25'),
    ('BMRI.JK', '9536', '2025-02-25 15:02:36'),
    ('BMRI.JK', '1941', '2025-02-04 00:49:21'),
    ('BMRI.JK', '9099', '2025-03-27 05:45:28'),
    ('BMRI.JK', '1175', '2025-02-09 04:01:25'),
    ('BMRI.JK', '9489', '2025-02-25 12:53:13'),
    ('BMRI.JK', '4190', '2025-01-07 12:37:51'),
    ('BMRI.JK', '9364', '2025-04-11 03:51:56'),
    ('BMRI.JK', '4795', '2025-04-30 10:59:35'),
    ('BMRI.JK', '3776', '2025-05-11 21:10:52'),
    ('BMRI.JK', '1590', '2025-03-11 20:30:35'),
    ('BMRI.JK', '4919', '2025-05-08 04:36:37'),
    ('BMRI.JK', '1004', '2025-01-31 13:44:44'),
    ('BMRI.JK', '2422', '2025-02-23 13:57:32'),
    ('BMRI.JK', '7544', '2025-03-10 13:41:39'),
    ('BMRI.JK', '7474', '2025-03-20 17:32:18'),
    ('BMRI.JK', '4281', '2025-04-11 12:51:21'),
    ('BMRI.JK', '1251', '2025-05-24 02:19:18'),
    ('BMRI.JK', '2124', '2025-01-18 12:12:12'),
    ('BMRI.JK', '5661', '2025-05-22 00:03:05'),
    ('BMRI.JK', '6703', '2025-03-09 11:21:04'),
    ('BMRI.JK', '5530', '2025-02-13 22:36:48'),
    ('BMRI.JK', '4187', '2025-03-30 07:19:50'),
    ('BMRI.JK', '7618', '2025-04-22 15:15:34'),
    ('BMRI.JK', '1076', '2025-02-20 16:50:57'),
    ('BMRI.JK', '3867', '2025-03-21 01:23:05'),
    ('BMRI.JK', '9294', '2025-01-21 16:09:45'),
    ('BMRI.JK', '2185', '2025-04-08 16:56:17'),
    ('BMRI.JK', '5821', '2025-03-08 00:21:21'),
    ('BMRI.JK', '2917', '2025-04-10 16:05:21'),
    ('BMRI.JK', '5222', '2025-04-15 10:48:41'),
    ('BMRI.JK', '5098', '2025-05-15 19:10:06'),
    ('BMRI.JK', '8254', '2025-03-15 05:19:17'),
    ('BMRI.JK', '8923', '2025-02-17 05:44:07'),
    ('BMRI.JK', '6565', '2025-03-31 02:23:19'),
    ('BMRI.JK', '8548', '2025-04-24 22:48:35'),
    ('BMRI.JK', '1448', '2025-04-04 14:08:37'),
    ('BMRI.JK', '2904', '2025-02-20 01:31:37'),
    ('BMRI.JK', '2106', '2025-03-16 07:23:11'),
    ('BMRI.JK', '4610', '2025-05-12 10:38:35'),
    ('BMRI.JK', '4767', '2025-03-03 07:24:42'),
    ('BMRI.JK', '7757', '2025-03-10 13:32:52'),
    ('BMRI.JK', '9462', '2025-04-15 00:19:07'),
    ('BMRI.JK', '1159', '2025-05-17 02:03:04'),
    ('BMRI.JK', '5314', '2025-02-18 04:57:51'),
    ('BMRI.JK', '5706', '2025-01-19 01:27:19'),
    ('BMRI.JK', '7536', '2025-05-11 19:39:35'),
    ('BMRI.JK', '6603', '2025-01-15 18:19:11'),
    ('BMRI.JK', '3924', '2025-04-03 12:54:33'),
    ('BMRI.JK', '6142', '2025-03-10 15:36:22'),
    ('BMRI.JK', '4580', '2025-04-22 09:41:40'),
    ('BMRI.JK', '5408', '2025-02-05 11:50:14'),
    ('BMRI.JK', '4115', '2025-04-07 21:30:19'),
    ('BMRI.JK', '4271', '2025-02-15 14:31:59'),
    ('BMRI.JK', '4965', '2025-02-21 12:52:43'),
    ('BMRI.JK', '4387', '2025-02-14 12:11:04'),
    ('BMRI.JK', '4322', '2025-02-18 11:39:54'),
    ('BMRI.JK', '6833', '2025-01-31 06:59:31'),
    ('BMRI.JK', '2747', '2025-01-24 06:40:27'),
    ('BMRI.JK', '2285', '2025-05-12 05:30:45'),
    ('BMRI.JK', '9071', '2025-04-30 04:38:27'),
    ('BMRI.JK', '1108', '2025-04-16 03:27:05'),
    ('BMRI.JK', '1692', '2025-04-04 15:38:38'),
    ('BMRI.JK', '7081', '2025-05-01 12:31:12'),
    ('BMRI.JK', '6167', '2025-04-06 14:28:20'),
    ('BMRI.JK', '5501', '2025-04-06 07:19:07'),
    ('BMRI.JK', '3996', '2025-04-10 06:03:19'),
    ('BMRI.JK', '5591', '2025-03-19 06:15:10'),
    ('BMRI.JK', '4638', '2025-04-22 23:27:16'),
    ('BMRI.JK', '3101', '2025-01-11 12:20:55'),
    ('BMRI.JK', '9613', '2025-03-24 04:08:32'),
    ('BMRI.JK', '8836', '2025-04-16 00:09:40'),
    ('BMRI.JK', '1533', '2025-04-08 13:42:15'),
    ('BMRI.JK', '6689', '2025-03-18 10:51:13'),
    ('BMRI.JK', '3863', '2025-03-30 18:41:16'),
    ('BMRI.JK', '2972', '2025-05-16 14:03:19'),
    ('BMRI.JK', '9490', '2025-03-31 08:05:03'),
    ('BMRI.JK', '6171', '2025-05-14 19:57:14'),
    ('BMRI.JK', '1137', '2025-01-03 07:05:06'),
    ('BMRI.JK', '4452', '2025-03-15 16:15:45'),
    ('BMRI.JK', '2650', '2025-03-05 04:38:33'),
    ('BMRI.JK', '6924', '2025-04-29 23:45:10'),
    ('BMRI.JK', '5254', '2025-02-06 08:11:36'),
    ('BMRI.JK', '9987', '2025-02-21 00:57:55'),
    ('BMRI.JK', '4885', '2025-02-22 07:32:00'),
    ('BMRI.JK', '8722', '2025-04-30 01:10:43'),
    ('BMRI.JK', '6621', '2025-03-13 01:19:48'),
    ('BMRI.JK', '4013', '2025-04-07 20:26:12'),
    ('BMRI.JK', '7945', '2025-02-10 21:09:08'),
    ('BMRI.JK', '7866', '2025-05-17 01:33:27'),
    ('BMRI.JK', '7099', '2025-03-12 21:23:12'),
    ('BMRI.JK', '7563', '2025-02-24 07:10:05'),
    ('BMRI.JK', '8384', '2025-02-04 22:20:40'),
    ('BMRI.JK', '3148', '2025-04-22 19:51:16'),
    ('BMRI.JK', '4744', '2025-01-20 09:25:36'),
    ('BMRI.JK', '5422', '2025-02-15 18:55:54'),
    ('BMRI.JK', '8081', '2025-03-15 23:02:42'),
    ('BMRI.JK', '4212', '2025-01-29 07:40:51'),
    ('BMRI.JK', '3450', '2025-04-02 20:16:45'),
    ('BMRI.JK', '1159', '2025-02-04 07:02:58'),
    ('BMRI.JK', '7906', '2025-04-08 00:17:40'),
    ('BMRI.JK', '3203', '2025-05-03 11:03:04'),
    ('BMRI.JK', '9470', '2025-04-14 16:32:21'),
    ('BMRI.JK', '6172', '2025-04-05 11:48:52'),
    ('BMRI.JK', '5915', '2025-02-18 17:37:25'),
    ('BMRI.JK', '1781', '2025-03-19 08:41:14'),
    ('BMRI.JK', '2621', '2025-05-15 02:09:52'),
    ('BMRI.JK', '3676', '2025-01-12 15:47:23'),
    ('BMRI.JK', '4530', '2025-02-19 09:04:32'),
    ('BMRI.JK', '8807', '2025-05-03 07:22:14'),
    ('BMRI.JK', '2577', '2025-03-29 08:28:31'),
    ('BMRI.JK', '6483', '2025-02-20 10:36:42'),
    ('BMRI.JK', '6914', '2025-03-11 23:09:01'),
    ('BMRI.JK', '5222', '2025-03-08 19:48:35'),
    ('BMRI.JK', '1324', '2025-03-21 22:56:41'),
    ('BMRI.JK', '2986', '2025-03-10 04:12:00'),
    ('BMRI.JK', '4259', '2025-04-23 00:20:00'),
    ('BMRI.JK', '9821', '2025-02-03 21:24:35'),
    ('BMRI.JK', '5663', '2025-03-10 22:55:41'),
    ('BMRI.JK', '6326', '2025-05-11 17:18:21'),
    ('BMRI.JK', '9363', '2025-04-05 15:53:07'),
    ('BMRI.JK', '8322', '2025-01-16 05:24:19'),
    ('BMRI.JK', '7243', '2025-04-30 03:52:49'),
    ('BMRI.JK', '5694', '2025-04-01 01:14:28'),
    ('BMRI.JK', '3373', '2025-02-02 12:57:30'),
    ('BMRI.JK', '6527', '2025-03-23 21:48:26'),
    ('BMRI.JK', '7631', '2025-01-14 20:29:15'),
    ('BMRI.JK', '2296', '2025-02-01 10:58:20'),
    ('BMRI.JK', '6629', '2025-02-14 07:34:21'),
    ('BMRI.JK', '6136', '2025-03-03 12:45:34'),
    ('BMRI.JK', '5773', '2025-05-18 22:51:36'),
    ('BMRI.JK', '5382', '2025-04-28 13:17:54'),
    ('BMRI.JK', '7479', '2025-02-22 16:06:27'),
    ('BMRI.JK', '8289', '2025-03-12 12:28:14'),
    ('BMRI.JK', '9535', '2025-03-29 10:29:50'),
    ('BMRI.JK', '7782', '2025-02-02 11:45:32'),
    ('BMRI.JK', '4012', '2025-01-05 11:39:32'),
    ('BMRI.JK', '3048', '2025-05-22 07:39:55'),
    ('BMRI.JK', '4844', '2025-05-09 13:14:55'),
    ('BMRI.JK', '5122', '2025-05-25 10:42:37'),
    ('BMRI.JK', '2311', '2025-02-10 21:20:03'),
    ('BMRI.JK', '3734', '2025-03-19 02:21:59'),
    ('BMRI.JK', '2687', '2025-01-19 13:18:45'),
    ('BMRI.JK', '2045', '2025-04-02 21:12:20'),
    ('BMRI.JK', '9985', '2025-01-11 10:50:41'),
    ('BMRI.JK', '1431', '2025-03-19 02:12:44'),
    ('BMRI.JK', '9584', '2025-01-17 03:58:43'),
    ('BMRI.JK', '2702', '2025-02-20 23:06:58'),
    ('BMRI.JK', '3544', '2025-01-17 08:55:08'),
    ('BMRI.JK', '7387', '2025-03-02 01:46:18'),
    ('BMRI.JK', '4757', '2025-02-18 00:57:04'),
    ('BMRI.JK', '5655', '2025-03-28 01:16:38'),
    ('BMRI.JK', '3071', '2025-01-26 11:47:44'),
    ('BMRI.JK', '9630', '2025-02-03 03:05:27'),
    ('BMRI.JK', '1468', '2025-01-07 19:50:02'),
    ('BMRI.JK', '6846', '2025-03-05 03:32:52'),
    ('BMRI.JK', '8801', '2025-04-01 17:16:45'),
    ('BMRI.JK', '9856', '2025-02-22 21:32:35'),
    ('BMRI.JK', '9987', '2025-03-28 09:07:39'),
    ('BMRI.JK', '3213', '2025-05-16 11:09:29'),
    ('BMRI.JK', '9835', '2025-02-04 09:03:01'),
    ('BMRI.JK', '8480', '2025-05-03 12:53:40'),
    ('BMRI.JK', '8126', '2025-04-12 15:29:58'),
    ('BMRI.JK', '9745', '2025-03-02 03:07:34'),
    ('BMRI.JK', '6688', '2025-04-04 12:39:34'),
    ('BMRI.JK', '9841', '2025-02-14 02:29:42'),
    ('BMRI.JK', '2467', '2025-03-27 19:13:05'),
    ('BMRI.JK', '6044', '2025-03-13 00:40:25'),
    ('BMRI.JK', '7753', '2025-02-20 10:47:18'),
    ('BMRI.JK', '3551', '2025-02-28 22:45:08'),
    ('BMRI.JK', '1172', '2025-01-01 00:25:49'),
    ('BMRI.JK', '9574', '2025-01-27 11:12:22'),
    ('BMRI.JK', '6634', '2025-02-25 16:24:32'),
    ('BMRI.JK', '8687', '2025-04-14 21:44:29'),
    ('BMRI.JK', '1136', '2025-05-14 13:14:25'),
    ('BMRI.JK', '9059', '2025-04-03 15:17:37'),
    ('BMRI.JK', '5908', '2025-01-02 18:33:39'),
    ('BMRI.JK', '8052', '2025-02-26 21:07:05'),
    ('BMRI.JK', '4788', '2025-01-02 09:38:17'),
    ('BMRI.JK', '9981', '2025-03-14 13:18:24'),
    ('BMRI.JK', '4089', '2025-03-21 22:49:41'),
    ('BMRI.JK', '8161', '2025-03-18 15:40:40'),
    ('ASII.JK', '5094', '2025-02-01 16:53:27'),
    ('ASII.JK', '7385', '2025-03-15 11:16:34'),
    ('ASII.JK', '4614', '2025-02-21 01:34:36'),
    ('ASII.JK', '2297', '2025-03-23 23:46:41'),
    ('ASII.JK', '4924', '2025-04-11 07:34:38'),
    ('ASII.JK', '5454', '2025-02-25 06:41:25'),
    ('ASII.JK', '9715', '2025-02-22 04:48:05'),
    ('ASII.JK', '7765', '2025-02-06 12:08:47'),
    ('ASII.JK', '2121', '2025-02-05 10:04:44'),
    ('ASII.JK', '3238', '2025-02-26 05:36:42'),
    ('ASII.JK', '2808', '2025-05-04 16:08:06'),
    ('ASII.JK', '8460', '2025-04-30 22:49:39'),
    ('ASII.JK', '8418', '2025-02-22 20:14:13'),
    ('ASII.JK', '9060', '2025-02-06 11:09:44'),
    ('ASII.JK', '6253', '2025-01-04 18:23:20'),
    ('ASII.JK', '3492', '2025-01-10 15:18:07'),
    ('ASII.JK', '9764', '2025-01-05 07:08:14'),
    ('ASII.JK', '4046', '2025-01-20 20:37:44'),
    ('ASII.JK', '5622', '2025-02-22 06:32:24'),
    ('ASII.JK', '3048', '2025-05-19 21:03:16'),
    ('ASII.JK', '8183', '2025-05-22 04:33:52'),
    ('ASII.JK', '1134', '2025-02-15 04:58:32'),
    ('ASII.JK', '2477', '2025-01-30 06:14:12'),
    ('ASII.JK', '1241', '2025-04-06 20:14:50'),
    ('ASII.JK', '4558', '2025-03-08 09:25:45'),
    ('ASII.JK', '7885', '2025-03-02 12:03:09'),
    ('ASII.JK', '9165', '2025-03-14 02:50:09'),
    ('ASII.JK', '8597', '2025-05-16 07:57:05'),
    ('ASII.JK', '1519', '2025-03-06 03:04:12'),
    ('ASII.JK', '2314', '2025-01-29 08:49:07'),
    ('ASII.JK', '1918', '2025-02-21 17:59:48'),
    ('ASII.JK', '7429', '2025-01-14 20:40:36'),
    ('ASII.JK', '9899', '2025-04-02 07:02:34'),
    ('ASII.JK', '3975', '2025-02-07 07:40:51'),
    ('ASII.JK', '5097', '2025-03-16 02:16:46'),
    ('ASII.JK', '1206', '2025-01-24 16:22:55'),
    ('ASII.JK', '5078', '2025-03-16 17:17:17'),
    ('ASII.JK', '8257', '2025-02-17 23:51:33'),
    ('ASII.JK', '1549', '2025-02-08 16:14:43'),
    ('ASII.JK', '8550', '2025-05-23 18:51:09'),
    ('ASII.JK', '2539', '2025-04-12 04:41:03'),
    ('ASII.JK', '4415', '2025-04-02 19:31:36'),
    ('ASII.JK', '7375', '2025-05-13 07:45:04'),
    ('ASII.JK', '6113', '2025-03-04 17:35:00'),
    ('ASII.JK', '3598', '2025-05-03 04:07:04'),
    ('ASII.JK', '1691', '2025-05-25 14:40:05'),
    ('ASII.JK', '9534', '2025-01-24 17:13:14'),
    ('ASII.JK', '5150', '2025-04-04 10:41:32'),
    ('ASII.JK', '5895', '2025-02-08 14:07:09'),
    ('ASII.JK', '6905', '2025-01-11 02:44:43'),
    ('ASII.JK', '4568', '2025-01-22 22:17:05'),
    ('ASII.JK', '4866', '2025-05-03 21:34:10'),
    ('ASII.JK', '8113', '2025-03-05 00:20:32'),
    ('ASII.JK', '1246', '2025-02-02 11:57:20'),
    ('ASII.JK', '5523', '2025-04-24 12:53:05'),
    ('ASII.JK', '2960', '2025-03-18 20:36:01'),
    ('ASII.JK', '4982', '2025-01-02 17:36:58'),
    ('ASII.JK', '1688', '2025-04-23 20:00:54'),
    ('ASII.JK', '8786', '2025-05-14 16:12:25'),
    ('ASII.JK', '3539', '2025-03-14 02:50:35'),
    ('ASII.JK', '2466', '2025-02-18 07:07:47'),
    ('ASII.JK', '3583', '2025-04-08 01:47:32'),
    ('ASII.JK', '2497', '2025-05-14 04:44:01'),
    ('ASII.JK', '6544', '2025-05-02 09:19:40'),
    ('ASII.JK', '1983', '2025-01-12 14:34:20'),
    ('ASII.JK', '6824', '2025-05-06 03:56:12'),
    ('ASII.JK', '3521', '2025-05-17 04:25:33'),
    ('ASII.JK', '9787', '2025-01-21 20:28:53'),
    ('ASII.JK', '3061', '2025-04-05 17:30:45'),
    ('ASII.JK', '4812', '2025-03-03 12:06:47'),
    ('ASII.JK', '6690', '2025-03-27 04:34:41'),
    ('ASII.JK', '4161', '2025-01-05 03:30:41'),
    ('ASII.JK', '7189', '2025-03-11 13:10:53'),
    ('ASII.JK', '3207', '2025-02-18 16:19:44'),
    ('ASII.JK', '1646', '2025-04-05 05:40:18'),
    ('ASII.JK', '8168', '2025-04-19 13:14:39'),
    ('ASII.JK', '5828', '2025-04-16 09:19:26'),
    ('ASII.JK', '9029', '2025-02-06 20:25:10'),
    ('ASII.JK', '4057', '2025-04-16 13:27:19'),
    ('ASII.JK', '6696', '2025-03-04 20:27:43'),
    ('ASII.JK', '8674', '2025-02-23 11:06:17'),
    ('ASII.JK', '3627', '2025-01-14 08:59:17'),
    ('ASII.JK', '9702', '2025-01-31 02:28:15'),
    ('ASII.JK', '8362', '2025-02-27 09:56:04'),
    ('ASII.JK', '5314', '2025-04-16 04:04:00'),
    ('ASII.JK', '7014', '2025-03-30 04:09:41'),
    ('ASII.JK', '1011', '2025-05-04 21:25:01'),
    ('ASII.JK', '9289', '2025-03-15 14:28:15'),
    ('ASII.JK', '4039', '2025-01-04 15:14:27'),
    ('ASII.JK', '6965', '2025-05-01 10:19:44'),
    ('ASII.JK', '4912', '2025-03-04 06:32:34'),
    ('ASII.JK', '2037', '2025-05-08 19:51:03'),
    ('ASII.JK', '9830', '2025-03-17 05:50:17'),
    ('ASII.JK', '4110', '2025-04-12 18:20:31'),
    ('ASII.JK', '9151', '2025-04-18 02:01:34'),
    ('ASII.JK', '3525', '2025-04-30 00:58:11'),
    ('ASII.JK', '5638', '2025-03-04 15:25:30'),
    ('ASII.JK', '7714', '2025-05-05 10:49:43'),
    ('ASII.JK', '6276', '2025-01-22 10:48:00'),
    ('ASII.JK', '2577', '2025-04-12 14:17:28'),
    ('ASII.JK', '2092', '2025-01-09 12:01:00'),
    ('ASII.JK', '3126', '2025-02-04 16:31:01'),
    ('ASII.JK', '1512', '2025-02-09 05:45:23'),
    ('ASII.JK', '2753', '2025-04-05 05:59:22'),
    ('ASII.JK', '4139', '2025-01-20 04:13:30'),
    ('ASII.JK', '1521', '2025-04-21 21:06:34'),
    ('ASII.JK', '7366', '2025-05-08 18:08:07'),
    ('ASII.JK', '9026', '2025-04-13 02:30:18'),
    ('ASII.JK', '5193', '2025-01-10 12:45:20'),
    ('ASII.JK', '7002', '2025-02-12 20:38:33'),
    ('ASII.JK', '2161', '2025-01-03 12:59:08'),
    ('ASII.JK', '4419', '2025-05-08 08:00:48'),
    ('ASII.JK', '9051', '2025-01-16 12:37:32'),
    ('ASII.JK', '8668', '2025-05-05 01:34:03'),
    ('ASII.JK', '1994', '2025-03-12 02:02:14'),
    ('ASII.JK', '7814', '2025-03-13 15:59:04'),
    ('ASII.JK', '1955', '2025-04-30 19:07:03'),
    ('ASII.JK', '5355', '2025-04-13 17:24:56'),
    ('ASII.JK', '1666', '2025-05-23 14:05:15'),
    ('ASII.JK', '2153', '2025-03-01 00:17:52'),
    ('ASII.JK', '2276', '2025-02-11 22:10:01'),
    ('ASII.JK', '9511', '2025-01-19 20:36:30'),
    ('ASII.JK', '2658', '2025-05-21 19:32:46'),
    ('ASII.JK', '4784', '2025-04-14 05:43:12'),
    ('ASII.JK', '7313', '2025-02-06 18:56:58'),
    ('ASII.JK', '4164', '2025-04-13 04:13:57'),
    ('ASII.JK', '5075', '2025-04-21 16:31:17'),
    ('ASII.JK', '3931', '2025-04-19 10:26:31'),
    ('ASII.JK', '7802', '2025-05-25 21:07:01'),
    ('ASII.JK', '2728', '2025-05-05 00:12:17'),
    ('ASII.JK', '6864', '2025-05-11 23:21:47'),
    ('ASII.JK', '8515', '2025-05-17 10:07:20'),
    ('ASII.JK', '7997', '2025-01-21 05:09:08'),
    ('ASII.JK', '3733', '2025-02-05 00:42:31'),
    ('ASII.JK', '7579', '2025-04-09 00:02:19'),
    ('ASII.JK', '6529', '2025-05-08 16:19:14'),
    ('ASII.JK', '3591', '2025-04-14 16:09:23'),
    ('ASII.JK', '8258', '2025-03-10 09:56:57'),
    ('ASII.JK', '6163', '2025-04-17 19:33:53'),
    ('ASII.JK', '6319', '2025-03-14 04:20:18'),
    ('ASII.JK', '7755', '2025-05-03 23:06:58'),
    ('ASII.JK', '8054', '2025-05-21 22:47:18'),
    ('ASII.JK', '6299', '2025-04-29 03:24:42'),
    ('ASII.JK', '4943', '2025-04-20 08:26:40'),
    ('ASII.JK', '9939', '2025-02-11 12:58:38'),
    ('ASII.JK', '7145', '2025-04-17 20:17:53'),
    ('ASII.JK', '5162', '2025-03-11 21:45:41'),
    ('ASII.JK', '8412', '2025-03-28 21:30:00'),
    ('ASII.JK', '7505', '2025-01-01 00:54:42'),
    ('ASII.JK', '1567', '2025-02-25 05:46:58'),
    ('ASII.JK', '1267', '2025-04-11 12:14:04'),
    ('ASII.JK', '3213', '2025-02-28 14:41:02'),
    ('ASII.JK', '1107', '2025-02-28 07:39:27'),
    ('ASII.JK', '4635', '2025-02-11 17:08:48'),
    ('ASII.JK', '6159', '2025-01-05 05:08:08'),
    ('ASII.JK', '5521', '2025-04-18 12:15:26'),
    ('ASII.JK', '9376', '2025-04-19 00:39:12'),
    ('ASII.JK', '3534', '2025-01-19 07:24:35'),
    ('ASII.JK', '1618', '2025-03-31 09:28:43'),
    ('ASII.JK', '6827', '2025-01-31 07:30:42'),
    ('ASII.JK', '3267', '2025-02-21 10:56:03'),
    ('ASII.JK', '7014', '2025-04-24 01:02:32'),
    ('ASII.JK', '5093', '2025-02-15 05:49:53'),
    ('ASII.JK', '5198', '2025-02-28 07:30:38'),
    ('ASII.JK', '2505', '2025-04-21 18:39:46'),
    ('ASII.JK', '7550', '2025-04-21 12:02:05'),
    ('ASII.JK', '4562', '2025-05-23 13:55:38'),
    ('ASII.JK', '2264', '2025-05-21 12:07:46'),
    ('ASII.JK', '6319', '2025-04-04 16:46:03'),
    ('ASII.JK', '3832', '2025-04-05 19:31:58'),
    ('ASII.JK', '2562', '2025-04-26 13:58:42'),
    ('ASII.JK', '5921', '2025-01-08 06:09:51'),
    ('ASII.JK', '7251', '2025-01-16 05:43:52'),
    ('ASII.JK', '1916', '2025-03-06 22:22:07'),
    ('ASII.JK', '6700', '2025-03-26 08:00:18'),
    ('ASII.JK', '7824', '2025-01-24 09:45:34'),
    ('ASII.JK', '4714', '2025-05-07 18:10:17'),
    ('ASII.JK', '1187', '2025-05-04 02:07:40'),
    ('ASII.JK', '7266', '2025-01-11 12:15:16'),
    ('ASII.JK', '5993', '2025-04-12 19:48:12'),
    ('ASII.JK', '1674', '2025-03-04 00:07:22'),
    ('ASII.JK', '9846', '2025-04-20 16:41:05'),
    ('ASII.JK', '3450', '2025-03-05 11:08:44'),
    ('ASII.JK', '9231', '2025-05-16 11:50:15'),
    ('ASII.JK', '4617', '2025-01-30 17:57:07'),
    ('ASII.JK', '1827', '2025-05-11 19:22:03'),
    ('ASII.JK', '7436', '2025-03-28 12:43:19'),
    ('ASII.JK', '9269', '2025-01-18 11:49:01'),
    ('ASII.JK', '4638', '2025-03-25 20:57:58'),
    ('ASII.JK', '5747', '2025-03-18 13:40:32'),
    ('ASII.JK', '3425', '2025-01-26 16:02:44'),
    ('ASII.JK', '6507', '2025-01-17 00:41:17'),
    ('ASII.JK', '8796', '2025-04-21 23:06:22'),
    ('ASII.JK', '1807', '2025-04-17 10:34:31'),
    ('ASII.JK', '7540', '2025-02-20 23:36:31'),
    ('ASII.JK', '2393', '2025-03-19 09:16:14'),
    ('ASII.JK', '9221', '2025-03-26 08:52:31'),
    ('ASII.JK', '3136', '2025-01-27 04:32:35'),
    ('ASII.JK', '8879', '2025-04-19 14:30:32'),
    ('ASII.JK', '4245', '2025-04-05 17:35:51'),
    ('ASII.JK', '7476', '2025-05-07 15:41:52'),
    ('ASII.JK', '4212', '2025-04-19 23:13:50'),
    ('ASII.JK', '9589', '2025-02-17 19:35:19'),
    ('ASII.JK', '4970', '2025-01-14 21:53:06'),
    ('ASII.JK', '5362', '2025-03-25 12:15:05'),
    ('ASII.JK', '6298', '2025-05-13 23:06:36'),
    ('ASII.JK', '2467', '2025-01-22 20:25:37'),
    ('ASII.JK', '7776', '2025-03-24 05:50:32'),
    ('ASII.JK', '6984', '2025-03-09 15:13:56'),
    ('ASII.JK', '4120', '2025-03-04 06:44:56'),
    ('ASII.JK', '6644', '2025-04-26 07:40:05'),
    ('ASII.JK', '1396', '2025-03-01 04:33:31'),
    ('ASII.JK', '3773', '2025-03-09 21:47:47'),
    ('ASII.JK', '8245', '2025-05-02 00:14:21'),
    ('ASII.JK', '3389', '2025-03-27 12:42:30'),
    ('ASII.JK', '1735', '2025-02-15 08:08:25'),
    ('ASII.JK', '4271', '2025-05-14 02:00:19'),
    ('ASII.JK', '7124', '2025-01-31 06:58:18'),
    ('ASII.JK', '2405', '2025-01-22 19:41:24'),
    ('ASII.JK', '1893', '2025-02-17 04:41:13'),
    ('ASII.JK', '3419', '2025-02-25 20:42:34'),
    ('ASII.JK', '1225', '2025-03-08 15:45:37'),
    ('ASII.JK', '2823', '2025-03-01 05:57:11'),
    ('ASII.JK', '8373', '2025-04-02 11:54:21'),
    ('ASII.JK', '1372', '2025-03-06 10:39:27'),
    ('ASII.JK', '4424', '2025-05-24 16:42:37'),
    ('ASII.JK', '9814', '2025-02-11 03:24:37'),
    ('ASII.JK', '4339', '2025-04-17 02:31:17'),
    ('ASII.JK', '9573', '2025-02-20 05:26:01'),
    ('ASII.JK', '9991', '2025-04-04 19:03:57'),
    ('ASII.JK', '3315', '2025-05-15 23:15:58'),
    ('ASII.JK', '1301', '2025-03-15 03:06:51'),
    ('ASII.JK', '9631', '2025-01-09 10:38:27'),
    ('ASII.JK', '5185', '2025-02-03 01:44:49'),
    ('ASII.JK', '1984', '2025-02-25 03:35:56'),
    ('ASII.JK', '4288', '2025-05-16 06:02:58'),
    ('ASII.JK', '5444', '2025-01-11 07:23:42'),
    ('ASII.JK', '8617', '2025-05-08 03:23:34'),
    ('BRPT.JK', '1136', '2025-01-13 22:22:05'),
    ('BRPT.JK', '7367', '2025-05-09 05:33:37'),
    ('BRPT.JK', '5445', '2025-05-09 17:43:06'),
    ('BRPT.JK', '6901', '2025-01-21 22:48:37'),
    ('BRPT.JK', '1312', '2025-02-26 19:07:41'),
    ('BRPT.JK', '7332', '2025-02-14 21:19:25'),
    ('BRPT.JK', '7237', '2025-04-09 17:58:10'),
    ('BRPT.JK', '2631', '2025-03-03 06:07:52'),
    ('BRPT.JK', '8940', '2025-04-26 22:43:03'),
    ('BRPT.JK', '9709', '2025-01-18 02:12:21'),
    ('BRPT.JK', '4054', '2025-02-08 14:49:32'),
    ('BRPT.JK', '9202', '2025-03-30 22:22:14'),
    ('BRPT.JK', '1352', '2025-01-08 17:15:34'),
    ('BRPT.JK', '5053', '2025-04-13 19:15:15'),
    ('BRPT.JK', '5995', '2025-03-06 18:32:49'),
    ('BRPT.JK', '9027', '2025-03-18 09:22:33'),
    ('BRPT.JK', '3572', '2025-01-04 13:37:14'),
    ('BRPT.JK', '6681', '2025-05-13 21:07:19'),
    ('BRPT.JK', '6765', '2025-03-11 00:10:55'),
    ('BRPT.JK', '5953', '2025-02-15 20:47:38'),
    ('BRPT.JK', '9212', '2025-02-23 13:41:09'),
    ('BRPT.JK', '2015', '2025-05-02 12:24:13'),
    ('BRPT.JK', '5221', '2025-03-17 04:20:44'),
    ('BRPT.JK', '1482', '2025-04-18 18:12:17'),
    ('BRPT.JK', '5590', '2025-02-13 19:17:29'),
    ('BRPT.JK', '3485', '2025-03-08 08:50:20'),
    ('BRPT.JK', '7436', '2025-05-08 13:31:26'),
    ('BRPT.JK', '3248', '2025-01-18 01:09:15'),
    ('BRPT.JK', '7262', '2025-04-12 02:43:15'),
    ('BRPT.JK', '4726', '2025-03-23 00:54:51'),
    ('BRPT.JK', '4938', '2025-04-22 05:54:02'),
    ('BRPT.JK', '3502', '2025-03-24 19:28:15'),
    ('BRPT.JK', '6118', '2025-04-28 13:13:24'),
    ('BRPT.JK', '6395', '2025-03-29 05:16:48'),
    ('BRPT.JK', '9883', '2025-01-26 14:06:09'),
    ('BRPT.JK', '4387', '2025-05-07 16:44:34'),
    ('BRPT.JK', '3270', '2025-04-23 19:47:57'),
    ('BRPT.JK', '9869', '2025-05-13 19:53:51'),
    ('BRPT.JK', '4314', '2025-01-27 19:38:15'),
    ('BRPT.JK', '6062', '2025-05-14 16:47:31'),
    ('BRPT.JK', '9582', '2025-01-27 06:19:20'),
    ('BRPT.JK', '8046', '2025-01-29 04:27:33'),
    ('BRPT.JK', '3589', '2025-03-03 15:38:22'),
    ('BRPT.JK', '2111', '2025-04-19 05:23:38'),
    ('BRPT.JK', '9732', '2025-05-20 16:50:08'),
    ('BRPT.JK', '2939', '2025-02-05 18:07:56'),
    ('BRPT.JK', '6203', '2025-01-29 06:11:07'),
    ('BRPT.JK', '1483', '2025-03-03 21:11:28'),
    ('BRPT.JK', '7783', '2025-03-21 20:34:19'),
    ('BRPT.JK', '5970', '2025-03-28 00:33:01'),
    ('BRPT.JK', '5485', '2025-01-30 12:10:16'),
    ('BRPT.JK', '4079', '2025-01-21 17:35:27'),
    ('BRPT.JK', '3155', '2025-02-05 20:58:51'),
    ('BRPT.JK', '1429', '2025-04-29 20:02:27'),
    ('BRPT.JK', '5372', '2025-04-28 14:19:17'),
    ('BRPT.JK', '4783', '2025-04-26 19:14:32'),
    ('BRPT.JK', '4804', '2025-02-14 20:07:46'),
    ('BRPT.JK', '1427', '2025-03-11 18:16:45'),
    ('BRPT.JK', '2302', '2025-05-14 14:58:14'),
    ('BRPT.JK', '8808', '2025-01-27 00:53:20'),
    ('BRPT.JK', '9230', '2025-04-28 10:09:39'),
    ('BRPT.JK', '8680', '2025-05-19 06:14:58'),
    ('BRPT.JK', '7126', '2025-02-05 17:23:33'),
    ('BRPT.JK', '7348', '2025-04-06 10:18:08'),
    ('BRPT.JK', '8763', '2025-01-27 16:51:20'),
    ('BRPT.JK', '3683', '2025-02-07 12:39:21'),
    ('BRPT.JK', '4707', '2025-01-07 06:12:02'),
    ('BRPT.JK', '7694', '2025-01-03 21:58:17'),
    ('BRPT.JK', '5421', '2025-03-22 04:55:28'),
    ('BRPT.JK', '4646', '2025-05-25 03:40:45'),
    ('BRPT.JK', '4323', '2025-02-09 17:19:42'),
    ('BRPT.JK', '2083', '2025-02-04 09:14:39'),
    ('BRPT.JK', '8197', '2025-04-30 19:42:18'),
    ('BRPT.JK', '9027', '2025-05-14 13:40:21'),
    ('BRPT.JK', '6323', '2025-03-30 20:18:50'),
    ('BRPT.JK', '5043', '2025-03-25 00:33:14'),
    ('BRPT.JK', '7633', '2025-01-09 02:55:28'),
    ('BRPT.JK', '7232', '2025-05-20 20:22:46'),
    ('BRPT.JK', '6126', '2025-03-18 12:52:31'),
    ('BRPT.JK', '9784', '2025-04-12 23:45:06'),
    ('BRPT.JK', '1630', '2025-04-12 02:24:02'),
    ('BRPT.JK', '2791', '2025-03-29 16:39:11'),
    ('BRPT.JK', '8485', '2025-01-09 05:40:20'),
    ('BRPT.JK', '5025', '2025-04-11 17:19:46'),
    ('BRPT.JK', '9812', '2025-03-18 19:40:54'),
    ('BRPT.JK', '1643', '2025-04-19 07:04:29'),
    ('BRPT.JK', '7347', '2025-04-11 05:19:28'),
    ('BRPT.JK', '1807', '2025-02-06 20:46:00'),
    ('BRPT.JK', '5770', '2025-03-27 08:28:10'),
    ('BRPT.JK', '7521', '2025-03-01 03:19:30'),
    ('BRPT.JK', '5684', '2025-03-31 14:02:01'),
    ('BRPT.JK', '3727', '2025-03-24 00:48:59'),
    ('BRPT.JK', '5823', '2025-04-30 01:24:46'),
    ('BRPT.JK', '1893', '2025-05-14 23:24:49'),
    ('BRPT.JK', '9470', '2025-01-28 14:53:04'),
    ('BRPT.JK', '8595', '2025-05-06 11:03:04'),
    ('BRPT.JK', '8400', '2025-01-18 13:29:04'),
    ('BRPT.JK', '9202', '2025-01-22 23:25:04'),
    ('BRPT.JK', '3945', '2025-04-24 16:23:02'),
    ('BRPT.JK', '9952', '2025-01-27 06:34:29'),
    ('BRPT.JK', '7440', '2025-03-22 07:19:33'),
    ('BRPT.JK', '6299', '2025-03-29 13:16:49'),
    ('BRPT.JK', '1408', '2025-02-04 17:38:04'),
    ('BRPT.JK', '8433', '2025-04-25 15:04:10'),
    ('BRPT.JK', '4308', '2025-03-30 06:58:38'),
    ('BRPT.JK', '2477', '2025-02-18 13:28:04'),
    ('BRPT.JK', '6309', '2025-05-15 07:38:12'),
    ('BRPT.JK', '3686', '2025-05-20 11:52:07'),
    ('BRPT.JK', '3024', '2025-01-18 16:58:55'),
    ('BRPT.JK', '2870', '2025-05-18 03:15:18'),
    ('BRPT.JK', '8362', '2025-05-04 02:59:29'),
    ('BRPT.JK', '6946', '2025-01-17 13:33:26'),
    ('BRPT.JK', '9582', '2025-05-18 08:09:34'),
    ('BRPT.JK', '7292', '2025-05-22 03:28:39'),
    ('BRPT.JK', '9383', '2025-04-29 20:27:53'),
    ('BRPT.JK', '3619', '2025-03-15 12:46:13'),
    ('BRPT.JK', '7235', '2025-01-09 12:37:01'),
    ('BRPT.JK', '3799', '2025-03-07 02:06:47'),
    ('BRPT.JK', '3459', '2025-02-01 11:33:10'),
    ('BRPT.JK', '3369', '2025-02-04 17:34:46'),
    ('BRPT.JK', '1840', '2025-03-23 11:23:32'),
    ('BRPT.JK', '6047', '2025-03-02 02:27:35'),
    ('BRPT.JK', '8311', '2025-02-26 01:48:53'),
    ('BRPT.JK', '3960', '2025-01-23 19:50:28'),
    ('BRPT.JK', '3155', '2025-02-09 09:21:26'),
    ('BRPT.JK', '1057', '2025-05-01 21:20:29'),
    ('BRPT.JK', '5146', '2025-01-03 08:53:32'),
    ('BRPT.JK', '8514', '2025-04-07 15:06:45'),
    ('BRPT.JK', '9169', '2025-04-16 12:53:56'),
    ('BRPT.JK', '1094', '2025-04-29 01:24:37'),
    ('BRPT.JK', '9084', '2025-02-16 04:35:36'),
    ('BRPT.JK', '4553', '2025-04-25 08:17:50'),
    ('BRPT.JK', '8794', '2025-03-30 02:34:28'),
    ('BRPT.JK', '7719', '2025-03-27 19:17:18'),
    ('BRPT.JK', '2300', '2025-04-27 17:52:20'),
    ('BRPT.JK', '1107', '2025-02-17 12:26:45'),
    ('BRPT.JK', '9967', '2025-02-24 00:06:00'),
    ('BRPT.JK', '4401', '2025-01-10 11:58:41'),
    ('BRPT.JK', '4028', '2025-01-29 18:55:25'),
    ('BRPT.JK', '1902', '2025-05-07 20:29:27'),
    ('BRPT.JK', '6718', '2025-01-08 03:07:57'),
    ('BRPT.JK', '3381', '2025-01-07 07:08:40'),
    ('BRPT.JK', '5889', '2025-03-06 07:05:22'),
    ('BRPT.JK', '2436', '2025-01-10 12:30:09'),
    ('BRPT.JK', '2784', '2025-03-22 23:09:36'),
    ('BRPT.JK', '3920', '2025-02-01 07:52:35'),
    ('BRPT.JK', '5659', '2025-04-29 15:53:04'),
    ('BRPT.JK', '3906', '2025-03-30 10:01:41'),
    ('BRPT.JK', '6901', '2025-01-07 23:01:36'),
    ('BRPT.JK', '2525', '2025-02-28 02:48:48'),
    ('BRPT.JK', '6289', '2025-03-13 13:39:28'),
    ('BRPT.JK', '7208', '2025-01-14 03:20:58'),
    ('BRPT.JK', '8001', '2025-04-17 21:22:52'),
    ('BRPT.JK', '2063', '2025-02-26 20:41:57'),
    ('BRPT.JK', '8713', '2025-01-27 03:01:43'),
    ('BRPT.JK', '2999', '2025-05-15 21:09:40'),
    ('BRPT.JK', '5496', '2025-03-05 22:13:22'),
    ('BRPT.JK', '9635', '2025-03-22 08:15:05'),
    ('BRPT.JK', '9595', '2025-02-10 17:57:01'),
    ('BRPT.JK', '4425', '2025-04-29 20:22:37'),
    ('BRPT.JK', '1953', '2025-01-22 05:23:07'),
    ('BRPT.JK', '9666', '2025-01-18 00:34:14'),
    ('BRPT.JK', '8924', '2025-05-21 14:25:48'),
    ('BRPT.JK', '5705', '2025-03-24 22:12:50'),
    ('BRPT.JK', '6185', '2025-02-20 10:06:12'),
    ('BRPT.JK', '9608', '2025-04-22 16:21:33'),
    ('BRPT.JK', '6797', '2025-01-26 04:30:25'),
    ('BRPT.JK', '9132', '2025-04-11 22:00:16'),
    ('BRPT.JK', '9154', '2025-04-06 15:14:13'),
    ('BRPT.JK', '3947', '2025-04-29 08:02:12'),
    ('BRPT.JK', '4812', '2025-05-18 14:15:18'),
    ('BRPT.JK', '5759', '2025-02-07 14:02:01'),
    ('BRPT.JK', '1025', '2025-01-23 22:53:06'),
    ('BRPT.JK', '1392', '2025-04-01 06:31:26'),
    ('BRPT.JK', '2932', '2025-05-24 04:51:06'),
    ('BRPT.JK', '4396', '2025-04-30 11:32:35'),
    ('BRPT.JK', '7793', '2025-03-22 09:34:17'),
    ('BRPT.JK', '1745', '2025-03-06 19:35:04'),
    ('BRPT.JK', '6728', '2025-04-19 19:43:31'),
    ('BRPT.JK', '4478', '2025-01-03 04:38:56'),
    ('BRPT.JK', '4296', '2025-05-14 23:42:45'),
    ('BRPT.JK', '5614', '2025-02-19 09:40:17'),
    ('BRPT.JK', '2111', '2025-03-01 18:19:26'),
    ('BRPT.JK', '5919', '2025-04-09 09:20:41'),
    ('BRPT.JK', '6307', '2025-01-02 04:34:25'),
    ('BRPT.JK', '2865', '2025-05-14 04:13:35'),
    ('BRPT.JK', '6460', '2025-03-08 06:51:37'),
    ('BRPT.JK', '7488', '2025-05-21 15:55:58'),
    ('BRPT.JK', '1477', '2025-02-04 02:29:27'),
    ('BRPT.JK', '4178', '2025-03-06 04:18:38'),
    ('BRPT.JK', '6536', '2025-05-11 13:57:04'),
    ('BRPT.JK', '8849', '2025-04-03 03:19:56'),
    ('BRPT.JK', '1582', '2025-05-06 08:57:26'),
    ('BRPT.JK', '3224', '2025-04-04 11:55:54'),
    ('BRPT.JK', '3545', '2025-05-02 18:57:58'),
    ('BRPT.JK', '8546', '2025-04-15 06:27:00'),
    ('BRPT.JK', '6490', '2025-03-31 19:16:00'),
    ('BRPT.JK', '7782', '2025-05-25 04:41:43'),
    ('BRPT.JK', '1917', '2025-04-12 04:22:38'),
    ('BRPT.JK', '5904', '2025-04-20 16:49:24'),
    ('BRPT.JK', '6169', '2025-04-18 19:18:47'),
    ('BRPT.JK', '9779', '2025-01-04 15:14:03'),
    ('BRPT.JK', '4412', '2025-04-23 02:52:04'),
    ('BRPT.JK', '6434', '2025-03-10 15:52:28'),
    ('BRPT.JK', '2084', '2025-01-29 23:48:40'),
    ('BRPT.JK', '5595', '2025-01-07 01:16:38'),
    ('BRPT.JK', '6556', '2025-03-14 20:44:55'),
    ('BRPT.JK', '9753', '2025-02-02 05:28:25'),
    ('BRPT.JK', '7382', '2025-02-06 09:14:56'),
    ('BRPT.JK', '2914', '2025-03-01 20:41:43'),
    ('BRPT.JK', '6152', '2025-05-18 20:05:39'),
    ('BRPT.JK', '1518', '2025-02-22 17:16:10'),
    ('BRPT.JK', '7780', '2025-01-17 20:30:25'),
    ('BRPT.JK', '9143', '2025-02-16 03:29:35'),
    ('BRPT.JK', '7088', '2025-03-29 18:02:10'),
    ('BRPT.JK', '5958', '2025-02-11 23:17:05'),
    ('BRPT.JK', '9603', '2025-02-28 16:54:19'),
    ('BRPT.JK', '3867', '2025-01-22 19:02:08'),
    ('BRPT.JK', '7131', '2025-01-08 06:16:24'),
    ('BRPT.JK', '4311', '2025-01-18 23:33:59'),
    ('BRPT.JK', '8270', '2025-04-09 06:06:22'),
    ('BRPT.JK', '1408', '2025-04-04 17:22:24'),
    ('BRPT.JK', '9192', '2025-01-30 22:03:16'),
    ('BRPT.JK', '4116', '2025-03-08 01:03:17'),
    ('BRPT.JK', '8921', '2025-05-23 05:25:21'),
    ('BRPT.JK', '9579', '2025-03-02 06:22:35'),
    ('BRPT.JK', '6363', '2025-01-28 19:48:11'),
    ('BRPT.JK', '2609', '2025-04-11 05:25:03'),
    ('BRPT.JK', '3174', '2025-02-09 20:14:28'),
    ('BRPT.JK', '1598', '2025-03-31 04:48:43'),
    ('BRPT.JK', '7350', '2025-05-19 13:58:39'),
    ('BRPT.JK', '9558', '2025-01-23 11:50:05'),
    ('BRPT.JK', '1067', '2025-03-02 09:16:40'),
    ('BRPT.JK', '1721', '2025-05-14 09:53:45'),
    ('BRPT.JK', '2426', '2025-03-06 17:14:34'),
    ('BRPT.JK', '8649', '2025-01-09 23:01:36'),
    ('BRPT.JK', '2689', '2025-04-12 02:04:04'),
    ('BRPT.JK', '6119', '2025-01-05 08:45:56'),
    ('PGAS.JK', '6114', '2025-05-05 01:15:38'),
    ('PGAS.JK', '4438', '2025-03-04 07:24:39'),
    ('PGAS.JK', '4285', '2025-02-07 09:19:39'),
    ('PGAS.JK', '5695', '2025-02-23 17:16:49'),
    ('PGAS.JK', '9720', '2025-03-03 23:20:44'),
    ('PGAS.JK', '8227', '2025-05-11 07:39:53'),
    ('PGAS.JK', '2927', '2025-02-22 22:39:38'),
    ('PGAS.JK', '3446', '2025-01-31 13:59:04'),
    ('PGAS.JK', '5483', '2025-01-23 05:25:26'),
    ('PGAS.JK', '1249', '2025-05-01 23:08:02'),
    ('PGAS.JK', '9422', '2025-01-20 21:06:12'),
    ('PGAS.JK', '4384', '2025-04-16 08:22:01'),
    ('PGAS.JK', '6739', '2025-04-17 16:13:46'),
    ('PGAS.JK', '6218', '2025-02-22 15:11:39'),
    ('PGAS.JK', '3319', '2025-05-17 18:31:34'),
    ('PGAS.JK', '5641', '2025-04-22 11:25:13'),
    ('PGAS.JK', '5011', '2025-02-03 06:11:57'),
    ('PGAS.JK', '2167', '2025-03-02 11:07:28'),
    ('PGAS.JK', '6549', '2025-04-15 23:16:18'),
    ('PGAS.JK', '8268', '2025-01-10 20:24:04'),
    ('PGAS.JK', '3131', '2025-01-06 15:06:56'),
    ('PGAS.JK', '8712', '2025-05-12 04:02:21'),
    ('PGAS.JK', '1826', '2025-01-21 13:39:18'),
    ('PGAS.JK', '7284', '2025-01-11 10:43:32'),
    ('PGAS.JK', '2410', '2025-03-24 19:28:27'),
    ('PGAS.JK', '7421', '2025-02-04 18:07:16'),
    ('PGAS.JK', '8304', '2025-04-30 16:14:15'),
    ('PGAS.JK', '6826', '2025-03-02 16:04:44'),
    ('PGAS.JK', '6444', '2025-02-08 11:25:57'),
    ('PGAS.JK', '9740', '2025-01-16 06:02:56'),
    ('PGAS.JK', '8629', '2025-04-21 06:05:23'),
    ('PGAS.JK', '3159', '2025-01-19 01:01:14'),
    ('PGAS.JK', '8672', '2025-01-19 21:16:42'),
    ('PGAS.JK', '8464', '2025-03-02 06:31:48'),
    ('PGAS.JK', '8625', '2025-04-02 08:54:09'),
    ('PGAS.JK', '4796', '2025-02-13 10:57:27'),
    ('PGAS.JK', '3354', '2025-04-30 19:09:30'),
    ('PGAS.JK', '5227', '2025-03-12 13:47:48'),
    ('PGAS.JK', '7423', '2025-02-05 14:29:14'),
    ('PGAS.JK', '6412', '2025-03-05 01:29:46'),
    ('PGAS.JK', '8426', '2025-04-05 15:56:45'),
    ('PGAS.JK', '1495', '2025-01-13 16:37:26'),
    ('PGAS.JK', '8787', '2025-01-22 22:05:30'),
    ('PGAS.JK', '6758', '2025-04-03 22:40:49'),
    ('PGAS.JK', '8556', '2025-02-03 03:59:34'),
    ('PGAS.JK', '5624', '2025-03-09 16:39:56'),
    ('PGAS.JK', '3087', '2025-04-09 15:13:01'),
    ('PGAS.JK', '2686', '2025-03-20 18:38:01'),
    ('PGAS.JK', '2752', '2025-03-05 06:39:46'),
    ('PGAS.JK', '2162', '2025-02-28 15:58:21'),
    ('PGAS.JK', '9728', '2025-03-31 12:17:54'),
    ('PGAS.JK', '7566', '2025-04-25 16:05:49'),
    ('PGAS.JK', '7773', '2025-02-16 07:50:29'),
    ('PGAS.JK', '4992', '2025-04-17 09:37:39'),
    ('PGAS.JK', '3605', '2025-04-04 16:01:43'),
    ('PGAS.JK', '7288', '2025-01-13 19:51:41'),
    ('PGAS.JK', '6582', '2025-02-10 10:27:36'),
    ('PGAS.JK', '8063', '2025-03-26 12:53:43'),
    ('PGAS.JK', '6606', '2025-04-16 17:40:45'),
    ('PGAS.JK', '4869', '2025-02-03 14:38:12'),
    ('PGAS.JK', '2276', '2025-05-24 13:42:00'),
    ('PGAS.JK', '8972', '2025-01-23 04:46:59'),
    ('PGAS.JK', '8584', '2025-03-05 04:22:18'),
    ('PGAS.JK', '2599', '2025-03-28 10:51:28'),
    ('PGAS.JK', '3886', '2025-03-01 19:33:01'),
    ('PGAS.JK', '7648', '2025-01-14 12:23:42'),
    ('PGAS.JK', '2781', '2025-05-14 02:42:07'),
    ('PGAS.JK', '7208', '2025-03-05 13:49:58'),
    ('PGAS.JK', '9098', '2025-05-06 05:52:01'),
    ('PGAS.JK', '2007', '2025-01-18 13:54:51'),
    ('PGAS.JK', '4565', '2025-01-27 23:23:56'),
    ('PGAS.JK', '1003', '2025-01-29 11:47:22'),
    ('PGAS.JK', '3444', '2025-03-29 23:00:49'),
    ('PGAS.JK', '9704', '2025-02-26 14:30:13'),
    ('PGAS.JK', '7389', '2025-04-30 12:46:27'),
    ('PGAS.JK', '8326', '2025-02-07 23:52:21'),
    ('PGAS.JK', '4369', '2025-05-13 08:05:54'),
    ('PGAS.JK', '6187', '2025-02-28 04:52:04'),
    ('PGAS.JK', '5989', '2025-03-26 09:58:29'),
    ('PGAS.JK', '6640', '2025-01-18 08:06:34'),
    ('PGAS.JK', '1133', '2025-04-29 17:45:12'),
    ('PGAS.JK', '9362', '2025-03-20 11:41:47'),
    ('PGAS.JK', '3089', '2025-02-27 02:59:59'),
    ('PGAS.JK', '2022', '2025-03-13 16:42:12'),
    ('PGAS.JK', '9992', '2025-01-11 07:35:28'),
    ('PGAS.JK', '1013', '2025-05-17 13:52:04'),
    ('PGAS.JK', '6885', '2025-01-22 07:13:52'),
    ('PGAS.JK', '5623', '2025-01-07 01:19:53'),
    ('PGAS.JK', '4854', '2025-03-25 19:56:24'),
    ('PGAS.JK', '7459', '2025-05-02 09:42:35'),
    ('PGAS.JK', '6212', '2025-05-19 05:06:20'),
    ('PGAS.JK', '7271', '2025-03-20 20:14:57'),
    ('PGAS.JK', '7251', '2025-03-26 12:07:57'),
    ('PGAS.JK', '9931', '2025-02-11 00:20:17'),
    ('PGAS.JK', '3841', '2025-04-03 05:03:40'),
    ('PGAS.JK', '3278', '2025-02-06 13:12:02'),
    ('PGAS.JK', '7301', '2025-03-11 23:03:47'),
    ('PGAS.JK', '7835', '2025-01-30 22:56:15'),
    ('PGAS.JK', '5726', '2025-05-11 02:44:03'),
    ('PGAS.JK', '3056', '2025-01-27 01:46:41'),
    ('PGAS.JK', '1190', '2025-01-14 22:21:38'),
    ('PGAS.JK', '1257', '2025-01-28 23:04:10'),
    ('PGAS.JK', '8974', '2025-05-08 18:09:38'),
    ('PGAS.JK', '8155', '2025-01-27 08:45:39'),
    ('PGAS.JK', '2387', '2025-01-27 15:29:34'),
    ('PGAS.JK', '7813', '2025-03-30 13:14:51'),
    ('PGAS.JK', '7974', '2025-05-02 00:32:54'),
    ('PGAS.JK', '3945', '2025-03-30 05:37:52'),
    ('PGAS.JK', '9346', '2025-03-24 08:33:51'),
    ('PGAS.JK', '8373', '2025-03-16 16:54:01'),
    ('PGAS.JK', '6821', '2025-02-13 20:01:44'),
    ('PGAS.JK', '4044', '2025-03-24 11:34:49'),
    ('PGAS.JK', '1121', '2025-04-23 05:23:19'),
    ('PGAS.JK', '9161', '2025-05-22 22:18:11'),
    ('PGAS.JK', '4878', '2025-05-19 06:45:58'),
    ('PGAS.JK', '9220', '2025-02-22 06:47:52'),
    ('PGAS.JK', '7731', '2025-04-17 01:19:09'),
    ('PGAS.JK', '7012', '2025-01-07 11:56:37'),
    ('PGAS.JK', '1620', '2025-04-21 07:46:08'),
    ('PGAS.JK', '8917', '2025-05-17 20:59:26'),
    ('PGAS.JK', '7038', '2025-01-22 23:23:03'),
    ('PGAS.JK', '8889', '2025-05-15 01:57:01'),
    ('PGAS.JK', '2311', '2025-01-28 14:10:32'),
    ('PGAS.JK', '9624', '2025-02-24 06:11:35'),
    ('PGAS.JK', '8617', '2025-04-11 09:09:34'),
    ('PGAS.JK', '2281', '2025-04-12 15:01:09'),
    ('PGAS.JK', '2449', '2025-02-17 14:51:38'),
    ('PGAS.JK', '8740', '2025-05-03 11:06:06'),
    ('PGAS.JK', '2279', '2025-05-13 20:00:57'),
    ('PGAS.JK', '9834', '2025-04-23 13:15:51'),
    ('PGAS.JK', '6119', '2025-04-30 00:58:09'),
    ('PGAS.JK', '1864', '2025-03-08 17:02:28'),
    ('PGAS.JK', '9765', '2025-01-03 02:15:15'),
    ('PGAS.JK', '8681', '2025-03-30 03:57:19'),
    ('PGAS.JK', '9399', '2025-04-02 02:46:53'),
    ('PGAS.JK', '6431', '2025-03-23 18:04:38'),
    ('PGAS.JK', '6782', '2025-02-27 05:01:08'),
    ('PGAS.JK', '5738', '2025-02-02 12:38:40'),
    ('PGAS.JK', '1578', '2025-05-15 23:10:23'),
    ('PGAS.JK', '5981', '2025-05-22 03:56:01'),
    ('PGAS.JK', '5267', '2025-01-12 22:13:39'),
    ('PGAS.JK', '8752', '2025-04-23 06:19:57'),
    ('PGAS.JK', '3770', '2025-04-22 05:43:15'),
    ('PGAS.JK', '1845', '2025-05-08 10:40:20'),
    ('PGAS.JK', '5780', '2025-05-24 04:26:24'),
    ('PGAS.JK', '1447', '2025-02-25 16:39:28'),
    ('PGAS.JK', '8942', '2025-01-17 00:31:30'),
    ('PGAS.JK', '3077', '2025-04-09 04:14:55'),
    ('PGAS.JK', '2259', '2025-02-23 22:52:09'),
    ('PGAS.JK', '5129', '2025-01-26 17:40:31'),
    ('PGAS.JK', '5603', '2025-02-23 10:36:16'),
    ('PGAS.JK', '5209', '2025-01-03 18:11:26'),
    ('PGAS.JK', '2827', '2025-04-28 06:00:44'),
    ('PGAS.JK', '3860', '2025-04-25 21:50:55'),
    ('PGAS.JK', '3476', '2025-05-08 23:53:16'),
    ('PGAS.JK', '8317', '2025-03-13 19:14:17'),
    ('PGAS.JK', '3873', '2025-02-20 17:31:31'),
    ('PGAS.JK', '4869', '2025-04-05 03:53:02'),
    ('PGAS.JK', '3962', '2025-04-13 09:48:36'),
    ('PGAS.JK', '1542', '2025-03-08 13:47:14'),
    ('PGAS.JK', '2382', '2025-01-29 04:04:34'),
    ('PGAS.JK', '3525', '2025-04-07 07:17:11'),
    ('PGAS.JK', '7765', '2025-03-16 09:41:15'),
    ('PGAS.JK', '4898', '2025-05-09 06:55:57'),
    ('PGAS.JK', '8211', '2025-05-21 23:24:03'),
    ('PGAS.JK', '3740', '2025-02-10 22:39:49'),
    ('PGAS.JK', '6653', '2025-01-11 13:10:35'),
    ('PGAS.JK', '5331', '2025-01-23 12:34:22'),
    ('PGAS.JK', '1860', '2025-02-02 13:04:28'),
    ('PGAS.JK', '8602', '2025-03-19 10:17:07'),
    ('PGAS.JK', '8802', '2025-02-28 12:28:21'),
    ('PGAS.JK', '8803', '2025-05-25 21:18:48'),
    ('PGAS.JK', '9724', '2025-02-15 08:56:26'),
    ('PGAS.JK', '7222', '2025-05-13 17:23:14'),
    ('PGAS.JK', '7390', '2025-04-03 03:44:51'),
    ('PGAS.JK', '5302', '2025-01-29 04:26:50'),
    ('PGAS.JK', '9690', '2025-03-26 10:00:31'),
    ('PGAS.JK', '1194', '2025-02-26 01:52:09'),
    ('PGAS.JK', '8353', '2025-03-16 04:16:05'),
    ('PGAS.JK', '6172', '2025-04-13 23:09:36'),
    ('PGAS.JK', '1672', '2025-01-19 21:45:02'),
    ('PGAS.JK', '9704', '2025-05-04 18:36:42'),
    ('PGAS.JK', '6797', '2025-03-25 20:16:04'),
    ('PGAS.JK', '5466', '2025-03-07 01:03:40'),
    ('PGAS.JK', '5429', '2025-02-21 20:43:09'),
    ('PGAS.JK', '2610', '2025-02-19 13:59:20'),
    ('PGAS.JK', '7408', '2025-03-31 12:55:18'),
    ('PGAS.JK', '4961', '2025-05-23 14:08:55'),
    ('PGAS.JK', '4193', '2025-04-11 23:09:12'),
    ('PGAS.JK', '6528', '2025-05-12 14:23:43'),
    ('PGAS.JK', '3947', '2025-03-02 19:56:35'),
    ('PGAS.JK', '9972', '2025-01-03 01:17:49'),
    ('PGAS.JK', '1138', '2025-01-14 04:40:44'),
    ('PGAS.JK', '1195', '2025-03-21 20:33:29'),
    ('PGAS.JK', '2600', '2025-04-12 23:54:32'),
    ('PGAS.JK', '2702', '2025-05-14 02:39:34'),
    ('PGAS.JK', '8306', '2025-03-10 06:11:06'),
    ('PGAS.JK', '4594', '2025-05-21 19:54:46'),
    ('PGAS.JK', '5641', '2025-02-18 21:55:15'),
    ('PGAS.JK', '4163', '2025-01-07 14:38:46'),
    ('PGAS.JK', '1388', '2025-05-01 06:36:01'),
    ('PGAS.JK', '2506', '2025-01-12 01:05:20'),
    ('PGAS.JK', '4552', '2025-04-27 09:20:11'),
    ('PGAS.JK', '2995', '2025-05-18 11:52:08'),
    ('PGAS.JK', '2965', '2025-01-17 18:35:22'),
    ('PGAS.JK', '3128', '2025-03-15 00:05:35'),
    ('PGAS.JK', '4027', '2025-01-22 12:34:31'),
    ('PGAS.JK', '4018', '2025-02-19 04:37:48'),
    ('PGAS.JK', '5826', '2025-04-01 16:10:14'),
    ('PGAS.JK', '2240', '2025-05-05 00:55:58'),
    ('PGAS.JK', '8429', '2025-02-23 16:02:26'),
    ('PGAS.JK', '7995', '2025-05-15 09:59:09'),
    ('PGAS.JK', '6298', '2025-02-19 23:16:31'),
    ('PGAS.JK', '3653', '2025-01-15 08:51:04'),
    ('PGAS.JK', '5543', '2025-01-13 02:44:46'),
    ('PGAS.JK', '7271', '2025-03-17 10:57:45'),
    ('PGAS.JK', '6450', '2025-01-12 15:53:36'),
    ('PGAS.JK', '5230', '2025-02-21 09:25:39'),
    ('PGAS.JK', '3915', '2025-03-27 13:13:39'),
    ('PGAS.JK', '2137', '2025-04-06 11:35:22'),
    ('PGAS.JK', '4287', '2025-04-29 12:12:46'),
    ('PGAS.JK', '7432', '2025-02-04 15:36:02'),
    ('PGAS.JK', '9061', '2025-01-22 01:19:21'),
    ('PGAS.JK', '3357', '2025-04-15 23:31:42'),
    ('PGAS.JK', '8065', '2025-02-12 09:45:17'),
    ('PGAS.JK', '2740', '2025-03-27 17:55:11'),
    ('PGAS.JK', '5243', '2025-01-21 01:21:10'),
    ('PGAS.JK', '1571', '2025-01-15 03:49:46'),
    ('PGAS.JK', '2153', '2025-04-21 22:39:31'),
    ('PGAS.JK', '5105', '2025-03-28 13:57:39'),
    ('PGAS.JK', '1307', '2025-04-07 15:27:23'),
    ('PGAS.JK', '3438', '2025-05-07 18:34:22'),
    ('PGAS.JK', '1014', '2025-01-08 08:19:36'),
    ('PGAS.JK', '7397', '2025-02-21 17:41:02'),
    ('PGAS.JK', '3483', '2025-05-16 22:29:37'),
    ('PGAS.JK', '6403', '2025-03-17 23:43:54'),
    ('PGAS.JK', '1060', '2025-04-11 01:51:31'),
    ('PGAS.JK', '9039', '2025-04-03 20:17:28'),
    ('GGRM.JK', '8144', '2025-03-20 10:22:11'),
    ('GGRM.JK', '2148', '2025-04-15 21:10:56'),
    ('GGRM.JK', '4700', '2025-01-01 15:24:48'),
    ('GGRM.JK', '7298', '2025-05-14 20:11:25'),
    ('GGRM.JK', '8898', '2025-01-24 12:50:59'),
    ('GGRM.JK', '9770', '2025-03-11 16:40:50'),
    ('GGRM.JK', '6463', '2025-05-13 09:35:05'),
    ('GGRM.JK', '5961', '2025-03-19 19:00:01'),
    ('GGRM.JK', '1904', '2025-05-03 18:36:12'),
    ('GGRM.JK', '2485', '2025-03-12 22:40:45'),
    ('GGRM.JK', '9759', '2025-03-08 00:48:26'),
    ('GGRM.JK', '2318', '2025-03-31 06:04:28'),
    ('GGRM.JK', '5750', '2025-05-06 18:55:55'),
    ('GGRM.JK', '4327', '2025-02-04 07:06:03'),
    ('GGRM.JK', '1644', '2025-03-16 14:19:56'),
    ('GGRM.JK', '4129', '2025-02-28 00:50:12'),
    ('GGRM.JK', '7391', '2025-01-21 17:34:30'),
    ('GGRM.JK', '6886', '2025-04-05 11:16:15'),
    ('GGRM.JK', '2390', '2025-05-03 21:01:15'),
    ('GGRM.JK', '8175', '2025-05-23 18:51:32'),
    ('GGRM.JK', '4104', '2025-01-28 04:10:53'),
    ('GGRM.JK', '1584', '2025-02-07 11:52:38'),
    ('GGRM.JK', '1415', '2025-05-20 18:13:37'),
    ('GGRM.JK', '4907', '2025-04-05 23:59:20'),
    ('GGRM.JK', '7369', '2025-01-13 05:34:00'),
    ('GGRM.JK', '9856', '2025-05-05 22:29:48'),
    ('GGRM.JK', '6041', '2025-04-08 00:41:48'),
    ('GGRM.JK', '9748', '2025-03-29 05:55:25'),
    ('GGRM.JK', '1268', '2025-01-08 04:37:53'),
    ('GGRM.JK', '6558', '2025-01-11 21:13:57'),
    ('GGRM.JK', '6533', '2025-05-21 00:09:33'),
    ('GGRM.JK', '1701', '2025-03-20 17:48:12'),
    ('GGRM.JK', '2936', '2025-02-11 02:29:30'),
    ('GGRM.JK', '9570', '2025-03-31 00:09:38'),
    ('GGRM.JK', '9791', '2025-01-29 22:10:27'),
    ('GGRM.JK', '4817', '2025-01-14 23:42:01'),
    ('GGRM.JK', '1604', '2025-05-23 19:29:26'),
    ('GGRM.JK', '3319', '2025-04-05 22:24:52'),
    ('GGRM.JK', '1312', '2025-04-02 12:02:33'),
    ('GGRM.JK', '1750', '2025-02-17 02:58:57'),
    ('GGRM.JK', '3138', '2025-01-03 18:56:48'),
    ('GGRM.JK', '3822', '2025-05-03 20:24:57'),
    ('GGRM.JK', '1818', '2025-03-01 16:17:44'),
    ('GGRM.JK', '2594', '2025-03-30 13:58:27'),
    ('GGRM.JK', '3796', '2025-04-25 18:27:27'),
    ('GGRM.JK', '2047', '2025-01-21 15:32:21'),
    ('GGRM.JK', '2870', '2025-04-07 12:51:23'),
    ('GGRM.JK', '4613', '2025-01-13 06:06:51'),
    ('GGRM.JK', '4320', '2025-03-24 18:17:21'),
    ('GGRM.JK', '6527', '2025-05-24 06:59:44'),
    ('GGRM.JK', '7586', '2025-03-04 23:02:39'),
    ('GGRM.JK', '2979', '2025-05-13 20:04:58'),
    ('GGRM.JK', '9943', '2025-01-27 16:00:05'),
    ('GGRM.JK', '6268', '2025-02-11 09:43:56'),
    ('GGRM.JK', '1746', '2025-04-26 03:58:39'),
    ('GGRM.JK', '3841', '2025-03-07 03:33:38'),
    ('GGRM.JK', '2035', '2025-01-24 10:42:53'),
    ('GGRM.JK', '5487', '2025-01-28 10:12:40'),
    ('GGRM.JK', '7801', '2025-02-02 15:10:25'),
    ('GGRM.JK', '7060', '2025-04-18 11:04:01'),
    ('GGRM.JK', '3703', '2025-03-27 04:18:33'),
    ('GGRM.JK', '4991', '2025-04-24 00:15:01'),
    ('GGRM.JK', '1666', '2025-01-26 21:33:12'),
    ('GGRM.JK', '2637', '2025-05-03 18:14:25'),
    ('GGRM.JK', '7162', '2025-01-31 15:11:07'),
    ('GGRM.JK', '1256', '2025-04-05 13:25:58'),
    ('GGRM.JK', '2322', '2025-01-02 05:35:28'),
    ('GGRM.JK', '1118', '2025-02-04 20:07:28'),
    ('GGRM.JK', '2460', '2025-05-18 05:39:10'),
    ('GGRM.JK', '5648', '2025-03-22 19:44:10'),
    ('GGRM.JK', '8798', '2025-05-15 10:37:25'),
    ('GGRM.JK', '3079', '2025-02-10 00:46:34'),
    ('GGRM.JK', '3344', '2025-05-05 05:48:14'),
    ('GGRM.JK', '5439', '2025-04-12 13:45:41'),
    ('GGRM.JK', '8379', '2025-03-22 00:12:18'),
    ('GGRM.JK', '4919', '2025-02-03 21:27:25'),
    ('GGRM.JK', '1616', '2025-04-26 18:49:43'),
    ('GGRM.JK', '3949', '2025-05-20 06:23:18'),
    ('GGRM.JK', '9190', '2025-04-29 20:21:31'),
    ('GGRM.JK', '2442', '2025-05-02 18:55:29'),
    ('GGRM.JK', '5934', '2025-03-09 13:06:54'),
    ('GGRM.JK', '7861', '2025-01-01 21:17:52'),
    ('GGRM.JK', '4860', '2025-02-07 06:19:55'),
    ('GGRM.JK', '2925', '2025-04-13 22:54:23'),
    ('GGRM.JK', '2567', '2025-05-01 04:22:50'),
    ('GGRM.JK', '6929', '2025-04-15 19:17:26'),
    ('GGRM.JK', '9315', '2025-02-12 13:54:03'),
    ('GGRM.JK', '8605', '2025-05-02 15:32:05'),
    ('GGRM.JK', '4409', '2025-02-23 16:14:28'),
    ('GGRM.JK', '1869', '2025-02-07 14:47:45'),
    ('GGRM.JK', '2846', '2025-01-29 23:24:12'),
    ('GGRM.JK', '8772', '2025-04-07 14:35:13'),
    ('GGRM.JK', '3888', '2025-02-01 00:32:01'),
    ('GGRM.JK', '1706', '2025-01-11 11:47:12'),
    ('GGRM.JK', '6966', '2025-02-25 08:29:49'),
    ('GGRM.JK', '4433', '2025-03-26 09:43:00'),
    ('GGRM.JK', '5118', '2025-03-06 21:55:33'),
    ('GGRM.JK', '8424', '2025-01-09 09:52:26'),
    ('GGRM.JK', '2710', '2025-05-24 18:35:34'),
    ('GGRM.JK', '1859', '2025-04-15 08:16:55'),
    ('GGRM.JK', '3881', '2025-01-31 16:32:45'),
    ('GGRM.JK', '1476', '2025-04-05 04:32:59'),
    ('GGRM.JK', '9436', '2025-01-23 12:54:09'),
    ('GGRM.JK', '2160', '2025-02-15 16:34:36'),
    ('GGRM.JK', '8287', '2025-04-26 02:12:47'),
    ('GGRM.JK', '6340', '2025-03-23 08:59:25'),
    ('GGRM.JK', '4256', '2025-05-12 10:21:41'),
    ('GGRM.JK', '6336', '2025-02-14 16:10:20'),
    ('GGRM.JK', '2804', '2025-03-05 07:53:10'),
    ('GGRM.JK', '4731', '2025-01-20 01:00:43'),
    ('GGRM.JK', '4884', '2025-05-24 06:09:15'),
    ('GGRM.JK', '7759', '2025-02-08 19:51:42'),
    ('GGRM.JK', '7152', '2025-02-12 20:21:46'),
    ('GGRM.JK', '2204', '2025-04-02 10:58:25'),
    ('GGRM.JK', '8936', '2025-01-11 13:14:23'),
    ('GGRM.JK', '8141', '2025-01-29 03:28:31'),
    ('GGRM.JK', '4541', '2025-04-29 08:09:58'),
    ('GGRM.JK', '8454', '2025-02-04 13:49:23'),
    ('GGRM.JK', '7346', '2025-03-14 12:33:59'),
    ('GGRM.JK', '3234', '2025-03-30 21:13:26'),
    ('GGRM.JK', '4181', '2025-05-03 17:25:54'),
    ('GGRM.JK', '6875', '2025-02-22 08:52:03'),
    ('GGRM.JK', '4313', '2025-03-07 05:22:01'),
    ('GGRM.JK', '3084', '2025-01-07 05:34:17'),
    ('GGRM.JK', '1977', '2025-02-24 11:42:36'),
    ('GGRM.JK', '3236', '2025-01-22 13:48:24'),
    ('GGRM.JK', '8627', '2025-03-31 01:07:57'),
    ('GGRM.JK', '7852', '2025-02-03 05:51:21'),
    ('GGRM.JK', '6629', '2025-02-12 16:35:30'),
    ('GGRM.JK', '5835', '2025-04-28 05:08:51'),
    ('GGRM.JK', '3568', '2025-05-04 21:17:30'),
    ('GGRM.JK', '3784', '2025-04-23 06:14:28'),
    ('GGRM.JK', '4763', '2025-01-17 18:59:58'),
    ('GGRM.JK', '7745', '2025-04-12 07:37:07'),
    ('GGRM.JK', '9015', '2025-02-12 00:41:44'),
    ('GGRM.JK', '8757', '2025-03-31 20:37:53'),
    ('GGRM.JK', '5573', '2025-01-03 19:35:34'),
    ('GGRM.JK', '8014', '2025-05-23 22:50:31'),
    ('GGRM.JK', '5041', '2025-02-18 02:58:41'),
    ('GGRM.JK', '6362', '2025-03-26 07:44:44'),
    ('GGRM.JK', '4643', '2025-04-25 21:51:20'),
    ('GGRM.JK', '3440', '2025-04-22 09:38:21'),
    ('GGRM.JK', '1083', '2025-03-23 02:57:28'),
    ('GGRM.JK', '1724', '2025-01-08 18:41:13'),
    ('GGRM.JK', '8711', '2025-05-23 10:14:50'),
    ('GGRM.JK', '9261', '2025-01-07 12:40:59'),
    ('GGRM.JK', '7974', '2025-04-14 03:12:23'),
    ('GGRM.JK', '7460', '2025-04-04 01:33:25'),
    ('GGRM.JK', '2605', '2025-03-29 20:31:46'),
    ('GGRM.JK', '9114', '2025-02-16 16:51:53'),
    ('GGRM.JK', '2361', '2025-04-19 10:44:16'),
    ('GGRM.JK', '1203', '2025-05-15 14:21:32'),
    ('GGRM.JK', '7662', '2025-02-12 07:59:01'),
    ('GGRM.JK', '3174', '2025-03-11 14:17:29'),
    ('GGRM.JK', '5846', '2025-02-16 10:06:41'),
    ('GGRM.JK', '2486', '2025-01-04 02:14:23'),
    ('GGRM.JK', '8860', '2025-05-10 21:55:54'),
    ('GGRM.JK', '5994', '2025-02-01 10:03:21'),
    ('GGRM.JK', '8524', '2025-04-21 18:10:01'),
    ('GGRM.JK', '1399', '2025-03-30 07:42:42'),
    ('GGRM.JK', '8598', '2025-01-27 22:02:03'),
    ('GGRM.JK', '7641', '2025-02-05 21:54:34'),
    ('GGRM.JK', '7068', '2025-05-02 17:09:02'),
    ('GGRM.JK', '8607', '2025-05-17 16:25:16'),
    ('GGRM.JK', '1022', '2025-05-02 19:27:11'),
    ('GGRM.JK', '2158', '2025-03-16 17:40:02'),
    ('GGRM.JK', '6454', '2025-04-14 02:16:05'),
    ('GGRM.JK', '1535', '2025-02-27 14:12:34'),
    ('GGRM.JK', '7977', '2025-02-22 09:18:34'),
    ('GGRM.JK', '9887', '2025-04-22 16:45:47'),
    ('GGRM.JK', '4393', '2025-05-13 22:46:15'),
    ('GGRM.JK', '2326', '2025-05-01 11:31:51'),
    ('GGRM.JK', '6500', '2025-05-23 20:53:37'),
    ('GGRM.JK', '1898', '2025-04-10 22:50:45'),
    ('GGRM.JK', '6963', '2025-01-11 00:17:56'),
    ('GGRM.JK', '2818', '2025-03-16 08:41:58'),
    ('GGRM.JK', '6989', '2025-04-01 08:42:05'),
    ('GGRM.JK', '1669', '2025-03-12 23:41:06'),
    ('GGRM.JK', '7003', '2025-02-04 00:48:19'),
    ('GGRM.JK', '2097', '2025-04-19 21:19:21'),
    ('GGRM.JK', '4354', '2025-01-27 21:01:04'),
    ('GGRM.JK', '6487', '2025-02-16 08:06:32'),
    ('GGRM.JK', '9841', '2025-01-23 01:13:01'),
    ('GGRM.JK', '8839', '2025-05-24 04:26:24'),
    ('GGRM.JK', '4437', '2025-05-25 16:01:46'),
    ('GGRM.JK', '4693', '2025-03-04 05:28:10'),
    ('GGRM.JK', '6778', '2025-02-21 21:58:40'),
    ('GGRM.JK', '9250', '2025-05-13 02:05:10'),
    ('GGRM.JK', '7929', '2025-02-23 19:35:27'),
    ('GGRM.JK', '1892', '2025-01-13 07:19:18'),
    ('GGRM.JK', '7108', '2025-03-09 00:52:20'),
    ('GGRM.JK', '8412', '2025-04-05 09:58:53'),
    ('GGRM.JK', '9215', '2025-04-13 06:31:07'),
    ('GGRM.JK', '3010', '2025-04-02 07:07:20'),
    ('GGRM.JK', '9714', '2025-05-12 17:08:44'),
    ('GGRM.JK', '9730', '2025-02-26 18:03:02'),
    ('GGRM.JK', '8405', '2025-05-01 13:50:33'),
    ('GGRM.JK', '7031', '2025-05-11 17:50:08'),
    ('GGRM.JK', '2075', '2025-02-06 13:47:28'),
    ('GGRM.JK', '8501', '2025-01-17 22:53:17'),
    ('GGRM.JK', '2313', '2025-03-17 20:42:44'),
    ('GGRM.JK', '3929', '2025-02-25 23:54:50'),
    ('GGRM.JK', '2260', '2025-01-22 05:40:38'),
    ('GGRM.JK', '3699', '2025-02-23 13:59:10'),
    ('GGRM.JK', '2835', '2025-05-16 08:38:17'),
    ('GGRM.JK', '3424', '2025-04-07 09:03:34'),
    ('GGRM.JK', '3465', '2025-02-09 15:54:09'),
    ('GGRM.JK', '9530', '2025-05-02 19:19:08'),
    ('GGRM.JK', '1371', '2025-02-26 22:16:07'),
    ('GGRM.JK', '7824', '2025-05-13 12:13:48'),
    ('GGRM.JK', '9870', '2025-01-26 15:17:31'),
    ('GGRM.JK', '8764', '2025-03-09 07:44:24'),
    ('GGRM.JK', '7883', '2025-03-28 04:32:15'),
    ('GGRM.JK', '1351', '2025-02-26 14:34:00'),
    ('GGRM.JK', '4097', '2025-01-13 05:21:57'),
    ('GGRM.JK', '1361', '2025-02-15 02:43:38'),
    ('GGRM.JK', '9513', '2025-05-06 04:23:21'),
    ('GGRM.JK', '6503', '2025-03-21 22:37:21'),
    ('GGRM.JK', '6616', '2025-05-08 08:03:55'),
    ('GGRM.JK', '6346', '2025-04-05 09:36:56'),
    ('GGRM.JK', '9686', '2025-04-17 12:02:58'),
    ('GGRM.JK', '8295', '2025-03-30 22:28:03'),
    ('GGRM.JK', '5982', '2025-04-21 03:35:03'),
    ('GGRM.JK', '3161', '2025-03-01 12:22:12'),
    ('GGRM.JK', '3813', '2025-02-20 11:43:21'),
    ('GGRM.JK', '4715', '2025-04-05 00:44:11'),
    ('GGRM.JK', '7093', '2025-02-25 22:51:32'),
    ('GGRM.JK', '1775', '2025-01-29 19:18:24'),
    ('GGRM.JK', '6785', '2025-02-25 05:18:58'),
    ('GGRM.JK', '8469', '2025-02-02 07:18:29'),
    ('GGRM.JK', '3634', '2025-05-19 05:17:06'),
    ('GGRM.JK', '9770', '2025-02-25 09:20:43'),
    ('GGRM.JK', '3986', '2025-02-04 01:14:01'),
    ('GGRM.JK', '3514', '2025-02-01 07:30:05'),
    ('GGRM.JK', '4897', '2025-01-23 16:52:27'),
    ('GGRM.JK', '1674', '2025-03-03 11:35:00'),
    ('GGRM.JK', '3072', '2025-03-27 14:41:23'),
    ('GGRM.JK', '5266', '2025-03-13 18:47:49'),
    ('HMSP.JK', '4022', '2025-02-09 20:05:35'),
    ('HMSP.JK', '1568', '2025-05-10 05:42:11'),
    ('HMSP.JK', '6192', '2025-03-08 18:26:35'),
    ('HMSP.JK', '3423', '2025-03-14 09:54:34'),
    ('HMSP.JK', '8347', '2025-04-15 19:57:38'),
    ('HMSP.JK', '3663', '2025-04-14 14:57:23'),
    ('HMSP.JK', '5940', '2025-01-24 14:11:04'),
    ('HMSP.JK', '1408', '2025-03-20 13:23:49'),
    ('HMSP.JK', '9182', '2025-01-29 05:32:16'),
    ('HMSP.JK', '8504', '2025-03-04 04:19:25'),
    ('HMSP.JK', '3556', '2025-01-01 20:00:46'),
    ('HMSP.JK', '9948', '2025-04-09 12:41:50'),
    ('HMSP.JK', '6427', '2025-05-06 16:22:31'),
    ('HMSP.JK', '5842', '2025-04-03 00:35:01'),
    ('HMSP.JK', '5748', '2025-04-22 09:45:51'),
    ('HMSP.JK', '3409', '2025-04-20 18:10:11'),
    ('HMSP.JK', '8243', '2025-03-07 18:23:01'),
    ('HMSP.JK', '2840', '2025-05-23 01:41:31'),
    ('HMSP.JK', '8847', '2025-01-08 18:47:26'),
    ('HMSP.JK', '3284', '2025-05-12 15:44:52'),
    ('HMSP.JK', '2914', '2025-03-01 19:46:01'),
    ('HMSP.JK', '1406', '2025-03-19 23:43:51'),
    ('HMSP.JK', '4610', '2025-03-28 14:23:00'),
    ('HMSP.JK', '6855', '2025-01-18 22:59:35'),
    ('HMSP.JK', '6347', '2025-01-11 16:28:31'),
    ('HMSP.JK', '4197', '2025-04-24 06:59:15'),
    ('HMSP.JK', '9625', '2025-02-13 03:15:55'),
    ('HMSP.JK', '5553', '2025-02-08 00:06:04'),
    ('HMSP.JK', '1369', '2025-01-17 05:33:19'),
    ('HMSP.JK', '9821', '2025-03-28 11:59:06'),
    ('HMSP.JK', '2431', '2025-04-10 09:06:09'),
    ('HMSP.JK', '7462', '2025-02-07 18:12:10'),
    ('HMSP.JK', '9035', '2025-03-03 16:51:31'),
    ('HMSP.JK', '9381', '2025-01-11 21:12:02'),
    ('HMSP.JK', '6915', '2025-03-19 04:45:16'),
    ('HMSP.JK', '3423', '2025-05-20 00:37:58'),
    ('HMSP.JK', '8006', '2025-03-13 18:36:01'),
    ('HMSP.JK', '7326', '2025-03-14 09:31:08'),
    ('HMSP.JK', '1199', '2025-02-25 06:34:00'),
    ('HMSP.JK', '6651', '2025-03-10 05:25:59'),
    ('HMSP.JK', '6047', '2025-03-28 12:32:05'),
    ('HMSP.JK', '2435', '2025-02-11 21:12:44'),
    ('HMSP.JK', '8278', '2025-05-24 23:46:09'),
    ('HMSP.JK', '7809', '2025-03-27 22:13:11'),
    ('HMSP.JK', '5728', '2025-02-01 19:19:05'),
    ('HMSP.JK', '7944', '2025-05-22 11:32:52'),
    ('HMSP.JK', '7786', '2025-01-28 02:25:57'),
    ('HMSP.JK', '2410', '2025-01-28 21:24:27'),
    ('HMSP.JK', '4404', '2025-02-28 21:09:34'),
    ('HMSP.JK', '8776', '2025-04-13 00:04:49'),
    ('HMSP.JK', '6495', '2025-01-13 20:07:18'),
    ('HMSP.JK', '7156', '2025-01-18 04:11:55'),
    ('HMSP.JK', '1108', '2025-03-21 12:13:29'),
    ('HMSP.JK', '5478', '2025-03-22 11:46:31'),
    ('HMSP.JK', '3865', '2025-04-18 22:16:48'),
    ('HMSP.JK', '8571', '2025-05-18 21:59:27'),
    ('HMSP.JK', '3243', '2025-02-08 16:36:27'),
    ('HMSP.JK', '4047', '2025-03-16 03:10:29'),
    ('HMSP.JK', '5742', '2025-04-18 13:12:25'),
    ('HMSP.JK', '9037', '2025-01-09 04:49:10'),
    ('HMSP.JK', '5947', '2025-04-24 15:16:05'),
    ('HMSP.JK', '5979', '2025-04-06 22:40:30'),
    ('HMSP.JK', '8593', '2025-02-13 14:20:24'),
    ('HMSP.JK', '1439', '2025-01-01 11:24:08'),
    ('HMSP.JK', '3523', '2025-02-21 00:09:49'),
    ('HMSP.JK', '5917', '2025-05-05 09:12:13'),
    ('HMSP.JK', '8742', '2025-01-25 02:42:23'),
    ('HMSP.JK', '5713', '2025-03-23 00:05:29'),
    ('HMSP.JK', '3938', '2025-04-06 12:21:26'),
    ('HMSP.JK', '5009', '2025-01-06 12:33:07'),
    ('HMSP.JK', '2955', '2025-02-23 19:55:30'),
    ('HMSP.JK', '9078', '2025-01-13 22:57:36'),
    ('HMSP.JK', '6927', '2025-04-23 19:57:45'),
    ('HMSP.JK', '8872', '2025-04-20 19:46:07'),
    ('HMSP.JK', '8144', '2025-02-20 01:57:17'),
    ('HMSP.JK', '8799', '2025-05-15 19:24:59'),
    ('HMSP.JK', '2959', '2025-03-14 11:14:54'),
    ('HMSP.JK', '9397', '2025-05-23 07:49:42'),
    ('HMSP.JK', '1287', '2025-02-20 09:31:51'),
    ('HMSP.JK', '3668', '2025-04-23 22:42:23'),
    ('HMSP.JK', '1958', '2025-01-29 09:02:54'),
    ('HMSP.JK', '6237', '2025-03-31 12:37:14'),
    ('HMSP.JK', '3219', '2025-03-11 09:32:13'),
    ('HMSP.JK', '3675', '2025-01-11 06:28:38'),
    ('HMSP.JK', '5467', '2025-03-12 03:08:37'),
    ('HMSP.JK', '7873', '2025-05-04 13:07:35'),
    ('HMSP.JK', '6832', '2025-01-10 11:01:40'),
    ('HMSP.JK', '5749', '2025-02-26 15:15:11'),
    ('HMSP.JK', '9677', '2025-05-05 01:42:23'),
    ('HMSP.JK', '2258', '2025-04-10 18:47:29'),
    ('HMSP.JK', '4175', '2025-05-02 22:49:54'),
    ('HMSP.JK', '4002', '2025-01-19 08:26:32'),
    ('HMSP.JK', '3738', '2025-04-16 13:52:59'),
    ('HMSP.JK', '6285', '2025-03-03 09:38:50'),
    ('HMSP.JK', '5932', '2025-02-22 17:05:25'),
    ('HMSP.JK', '6939', '2025-01-19 14:36:57'),
    ('HMSP.JK', '9755', '2025-04-23 15:12:47'),
    ('HMSP.JK', '6761', '2025-01-28 21:46:19'),
    ('HMSP.JK', '1211', '2025-01-27 14:13:50'),
    ('HMSP.JK', '9489', '2025-02-24 15:30:06'),
    ('HMSP.JK', '7111', '2025-04-05 03:47:35'),
    ('HMSP.JK', '7750', '2025-03-08 01:58:26'),
    ('HMSP.JK', '3671', '2025-01-20 21:18:06'),
    ('HMSP.JK', '4569', '2025-01-31 00:16:41'),
    ('HMSP.JK', '9247', '2025-02-12 22:27:48'),
    ('HMSP.JK', '4087', '2025-04-19 11:31:19'),
    ('HMSP.JK', '9612', '2025-04-14 07:44:43'),
    ('HMSP.JK', '2867', '2025-03-23 00:58:28'),
    ('HMSP.JK', '8544', '2025-01-15 20:03:04'),
    ('HMSP.JK', '2909', '2025-01-26 11:35:10'),
    ('HMSP.JK', '1284', '2025-04-04 02:43:00'),
    ('HMSP.JK', '6705', '2025-03-02 12:02:15'),
    ('HMSP.JK', '6940', '2025-01-27 23:51:07'),
    ('HMSP.JK', '8240', '2025-04-27 01:14:40'),
    ('HMSP.JK', '9570', '2025-03-08 10:02:45'),
    ('HMSP.JK', '3821', '2025-05-18 20:20:59'),
    ('HMSP.JK', '5991', '2025-01-06 14:01:44'),
    ('HMSP.JK', '2943', '2025-02-13 04:15:45'),
    ('HMSP.JK', '3108', '2025-05-15 19:24:45'),
    ('HMSP.JK', '3332', '2025-05-14 14:31:55'),
    ('HMSP.JK', '4712', '2025-03-01 16:43:11'),
    ('HMSP.JK', '3053', '2025-02-10 17:55:47'),
    ('HMSP.JK', '3133', '2025-01-16 06:19:32'),
    ('HMSP.JK', '7960', '2025-05-15 03:26:45'),
    ('HMSP.JK', '2830', '2025-01-16 02:16:21'),
    ('HMSP.JK', '1308', '2025-04-05 00:47:28'),
    ('HMSP.JK', '8065', '2025-01-09 06:08:35'),
    ('HMSP.JK', '4217', '2025-01-21 22:27:55'),
    ('HMSP.JK', '1537', '2025-05-09 02:50:19'),
    ('HMSP.JK', '9412', '2025-04-26 04:24:04'),
    ('HMSP.JK', '1971', '2025-04-02 02:04:55'),
    ('HMSP.JK', '2948', '2025-02-19 03:07:24'),
    ('HMSP.JK', '1709', '2025-01-13 20:44:06'),
    ('HMSP.JK', '5942', '2025-05-10 15:10:41'),
    ('HMSP.JK', '1168', '2025-01-19 17:44:21'),
    ('HMSP.JK', '3028', '2025-04-27 20:33:13'),
    ('HMSP.JK', '4365', '2025-04-25 02:25:43'),
    ('HMSP.JK', '4277', '2025-02-05 21:08:44'),
    ('HMSP.JK', '6759', '2025-01-06 16:21:26'),
    ('HMSP.JK', '2487', '2025-01-29 06:20:40'),
    ('HMSP.JK', '5544', '2025-04-23 13:50:13'),
    ('HMSP.JK', '6698', '2025-03-10 09:23:10'),
    ('HMSP.JK', '3630', '2025-04-08 05:07:31'),
    ('HMSP.JK', '4962', '2025-04-09 01:02:51'),
    ('HMSP.JK', '2119', '2025-01-20 05:51:57'),
    ('HMSP.JK', '1229', '2025-04-13 16:34:01'),
    ('HMSP.JK', '4555', '2025-05-19 23:55:26'),
    ('HMSP.JK', '4138', '2025-02-24 17:32:52'),
    ('HMSP.JK', '3814', '2025-04-15 07:11:27'),
    ('HMSP.JK', '1070', '2025-05-21 20:22:22'),
    ('HMSP.JK', '2616', '2025-02-11 13:23:02'),
    ('HMSP.JK', '9260', '2025-05-18 10:22:56'),
    ('HMSP.JK', '8777', '2025-03-13 03:50:29'),
    ('HMSP.JK', '4033', '2025-03-27 08:59:28'),
    ('HMSP.JK', '2758', '2025-02-05 02:48:54'),
    ('HMSP.JK', '6813', '2025-03-15 17:08:03'),
    ('HMSP.JK', '7948', '2025-02-11 14:35:21'),
    ('HMSP.JK', '9425', '2025-02-14 04:28:46'),
    ('HMSP.JK', '7677', '2025-01-22 21:53:52'),
    ('HMSP.JK', '6149', '2025-01-25 00:05:22'),
    ('HMSP.JK', '8633', '2025-01-22 10:06:38'),
    ('HMSP.JK', '9515', '2025-01-27 09:23:51'),
    ('HMSP.JK', '9123', '2025-03-12 03:32:56'),
    ('HMSP.JK', '5723', '2025-04-19 04:25:25'),
    ('HMSP.JK', '1665', '2025-01-16 23:18:11'),
    ('HMSP.JK', '6375', '2025-04-06 20:52:06'),
    ('HMSP.JK', '2895', '2025-03-16 17:12:35'),
    ('HMSP.JK', '5646', '2025-03-30 17:31:17'),
    ('HMSP.JK', '6111', '2025-05-14 09:52:08'),
    ('HMSP.JK', '8273', '2025-02-13 20:38:47'),
    ('HMSP.JK', '7672', '2025-02-26 10:14:39'),
    ('HMSP.JK', '8011', '2025-02-06 15:48:06'),
    ('HMSP.JK', '2140', '2025-04-03 08:48:52'),
    ('HMSP.JK', '7020', '2025-02-04 19:35:09'),
    ('HMSP.JK', '1209', '2025-05-11 21:48:29'),
    ('HMSP.JK', '9055', '2025-05-11 12:11:31'),
    ('HMSP.JK', '2723', '2025-03-18 23:13:01'),
    ('HMSP.JK', '8177', '2025-04-12 11:46:59'),
    ('HMSP.JK', '2392', '2025-01-24 03:35:43'),
    ('HMSP.JK', '3348', '2025-03-18 15:57:17'),
    ('HMSP.JK', '7563', '2025-05-15 23:06:27'),
    ('HMSP.JK', '2666', '2025-05-24 23:19:27'),
    ('HMSP.JK', '3764', '2025-01-13 13:34:20'),
    ('HMSP.JK', '6959', '2025-02-08 15:48:35'),
    ('HMSP.JK', '6548', '2025-02-08 21:17:43'),
    ('HMSP.JK', '7623', '2025-01-24 20:06:47'),
    ('HMSP.JK', '4815', '2025-03-24 11:15:54'),
    ('HMSP.JK', '9177', '2025-02-24 01:59:22'),
    ('HMSP.JK', '5472', '2025-05-06 00:28:14'),
    ('HMSP.JK', '7557', '2025-03-11 03:32:01'),
    ('HMSP.JK', '8795', '2025-05-10 10:56:24'),
    ('HMSP.JK', '7626', '2025-04-05 02:05:12'),
    ('HMSP.JK', '9379', '2025-02-24 03:43:28'),
    ('HMSP.JK', '3414', '2025-03-30 06:45:05'),
    ('HMSP.JK', '2770', '2025-01-24 17:26:49'),
    ('HMSP.JK', '5107', '2025-04-06 00:29:46'),
    ('HMSP.JK', '9147', '2025-02-14 19:42:27'),
    ('HMSP.JK', '3205', '2025-01-06 18:31:17'),
    ('HMSP.JK', '2631', '2025-05-24 06:23:22'),
    ('HMSP.JK', '1865', '2025-01-14 05:58:07'),
    ('HMSP.JK', '9161', '2025-05-12 16:12:35'),
    ('HMSP.JK', '1438', '2025-02-04 18:38:47'),
    ('HMSP.JK', '7269', '2025-04-28 09:33:55'),
    ('HMSP.JK', '6356', '2025-01-30 15:48:15'),
    ('HMSP.JK', '5960', '2025-05-01 18:34:30'),
    ('HMSP.JK', '2578', '2025-01-15 20:35:46'),
    ('HMSP.JK', '9518', '2025-04-06 13:45:36'),
    ('HMSP.JK', '8635', '2025-02-09 05:04:12'),
    ('HMSP.JK', '5809', '2025-05-09 13:34:41'),
    ('HMSP.JK', '9157', '2025-04-06 04:43:56'),
    ('HMSP.JK', '9270', '2025-02-20 19:26:54'),
    ('HMSP.JK', '9887', '2025-03-08 17:21:53'),
    ('HMSP.JK', '9856', '2025-04-17 03:26:02'),
    ('HMSP.JK', '1289', '2025-01-07 03:15:35'),
    ('HMSP.JK', '8051', '2025-01-24 03:12:18'),
    ('HMSP.JK', '7285', '2025-03-29 09:41:25'),
    ('HMSP.JK', '6153', '2025-03-15 01:51:19'),
    ('HMSP.JK', '8250', '2025-03-31 06:09:12'),
    ('HMSP.JK', '1589', '2025-01-07 09:08:15'),
    ('HMSP.JK', '3897', '2025-04-19 02:15:14'),
    ('HMSP.JK', '5965', '2025-05-18 02:28:27'),
    ('HMSP.JK', '3689', '2025-04-06 10:27:39'),
    ('HMSP.JK', '8056', '2025-01-27 02:45:38'),
    ('HMSP.JK', '6119', '2025-05-19 23:30:42'),
    ('HMSP.JK', '7374', '2025-04-05 15:42:16'),
    ('HMSP.JK', '2792', '2025-04-21 11:03:26'),
    ('HMSP.JK', '9037', '2025-05-09 04:11:21'),
    ('HMSP.JK', '9837', '2025-04-22 02:41:34'),
    ('HMSP.JK', '8697', '2025-04-03 09:54:22'),
    ('HMSP.JK', '3560', '2025-04-09 09:19:24'),
    ('HMSP.JK', '1913', '2025-03-17 23:59:07'),
    ('HMSP.JK', '5315', '2025-04-07 01:25:39'),
    ('HMSP.JK', '7189', '2025-04-30 19:08:50'),
    ('HMSP.JK', '6779', '2025-02-25 05:34:30'),
    ('HMSP.JK', '6250', '2025-01-12 22:15:23'),
    ('HMSP.JK', '1461', '2025-04-25 15:45:32'),
    ('HMSP.JK', '1739', '2025-01-25 21:26:46'),
    ('HMSP.JK', '7003', '2025-03-09 17:53:01'),
    ('ITMG.JK', '1440', '2025-05-02 09:25:26'),
    ('ITMG.JK', '6591', '2025-03-15 21:36:01'),
    ('ITMG.JK', '2594', '2025-03-25 03:18:54'),
    ('ITMG.JK', '6654', '2025-03-11 09:26:47'),
    ('ITMG.JK', '7749', '2025-03-10 05:02:00'),
    ('ITMG.JK', '1924', '2025-05-09 09:36:06'),
    ('ITMG.JK', '5001', '2025-02-18 01:57:52'),
    ('ITMG.JK', '4844', '2025-05-06 20:17:05'),
    ('ITMG.JK', '6113', '2025-04-26 01:23:51'),
    ('ITMG.JK', '2391', '2025-05-14 14:16:18'),
    ('ITMG.JK', '2073', '2025-03-01 04:59:42'),
    ('ITMG.JK', '2875', '2025-03-07 13:18:11'),
    ('ITMG.JK', '3781', '2025-01-04 19:51:52'),
    ('ITMG.JK', '9821', '2025-03-05 07:48:52'),
    ('ITMG.JK', '1612', '2025-03-31 11:59:36'),
    ('ITMG.JK', '7921', '2025-04-21 07:18:07'),
    ('ITMG.JK', '9433', '2025-03-23 18:48:24'),
    ('ITMG.JK', '5368', '2025-01-04 23:04:53'),
    ('ITMG.JK', '8695', '2025-04-25 04:13:42'),
    ('ITMG.JK', '1364', '2025-03-03 11:03:49'),
    ('ITMG.JK', '7188', '2025-04-21 18:02:24'),
    ('ITMG.JK', '7394', '2025-03-04 14:35:32'),
    ('ITMG.JK', '2601', '2025-04-05 19:54:58'),
    ('ITMG.JK', '2639', '2025-05-15 03:39:33'),
    ('ITMG.JK', '4373', '2025-03-07 05:43:18'),
    ('ITMG.JK', '9138', '2025-04-08 15:04:16'),
    ('ITMG.JK', '6563', '2025-02-02 08:32:20'),
    ('ITMG.JK', '5907', '2025-03-12 13:15:38'),
    ('ITMG.JK', '8143', '2025-02-09 04:15:48'),
    ('ITMG.JK', '9142', '2025-05-04 09:23:04'),
    ('ITMG.JK', '2234', '2025-04-15 01:10:03'),
    ('ITMG.JK', '4507', '2025-02-25 19:10:26'),
    ('ITMG.JK', '5344', '2025-01-10 05:30:43'),
    ('ITMG.JK', '5871', '2025-04-22 08:48:00'),
    ('ITMG.JK', '7586', '2025-02-13 20:42:17'),
    ('ITMG.JK', '2506', '2025-05-20 08:45:22'),
    ('ITMG.JK', '2552', '2025-04-25 22:17:21'),
    ('ITMG.JK', '6518', '2025-02-23 01:58:22'),
    ('ITMG.JK', '2102', '2025-04-20 23:44:49'),
    ('ITMG.JK', '9700', '2025-04-03 06:54:40'),
    ('ITMG.JK', '7997', '2025-02-10 17:27:19'),
    ('ITMG.JK', '6690', '2025-01-15 21:16:08'),
    ('ITMG.JK', '5945', '2025-04-08 23:47:26'),
    ('ITMG.JK', '5913', '2025-03-26 01:30:32'),
    ('ITMG.JK', '9846', '2025-03-02 20:19:50'),
    ('ITMG.JK', '4278', '2025-03-22 10:50:39'),
    ('ITMG.JK', '7591', '2025-02-18 18:58:43'),
    ('ITMG.JK', '9443', '2025-03-30 00:11:54'),
    ('ITMG.JK', '9971', '2025-02-05 01:39:39'),
    ('ITMG.JK', '1304', '2025-05-02 21:57:53'),
    ('ITMG.JK', '9457', '2025-02-06 05:20:04'),
    ('ITMG.JK', '9178', '2025-02-11 08:25:55'),
    ('ITMG.JK', '8656', '2025-02-22 00:40:19'),
    ('ITMG.JK', '9728', '2025-04-30 07:24:55'),
    ('ITMG.JK', '8106', '2025-04-20 22:17:37'),
    ('ITMG.JK', '1981', '2025-04-12 09:57:09'),
    ('ITMG.JK', '4287', '2025-03-12 17:38:34'),
    ('ITMG.JK', '8577', '2025-01-29 16:32:07'),
    ('ITMG.JK', '4938', '2025-01-30 05:15:12'),
    ('ITMG.JK', '5919', '2025-03-26 13:03:31'),
    ('ITMG.JK', '7721', '2025-03-03 21:01:53'),
    ('ITMG.JK', '2055', '2025-05-04 02:18:58'),
    ('ITMG.JK', '4335', '2025-03-22 02:06:07'),
    ('ITMG.JK', '5373', '2025-02-25 17:43:29'),
    ('ITMG.JK', '3631', '2025-02-19 19:07:40'),
    ('ITMG.JK', '4868', '2025-03-20 19:28:20'),
    ('ITMG.JK', '4907', '2025-01-23 01:13:16'),
    ('ITMG.JK', '3456', '2025-02-07 06:23:36'),
    ('ITMG.JK', '1453', '2025-02-17 16:30:59'),
    ('ITMG.JK', '6087', '2025-04-01 03:08:27'),
    ('ITMG.JK', '8952', '2025-04-19 16:58:25'),
    ('ITMG.JK', '8145', '2025-03-23 22:45:06'),
    ('ITMG.JK', '1606', '2025-02-09 05:20:38'),
    ('ITMG.JK', '3610', '2025-02-22 22:55:47'),
    ('ITMG.JK', '3235', '2025-01-06 15:48:39'),
    ('ITMG.JK', '5233', '2025-02-23 22:30:40'),
    ('ITMG.JK', '3883', '2025-05-06 02:37:36'),
    ('ITMG.JK', '1691', '2025-05-21 06:58:22'),
    ('ITMG.JK', '8960', '2025-01-04 20:46:53'),
    ('ITMG.JK', '1906', '2025-01-17 07:08:24'),
    ('ITMG.JK', '6143', '2025-04-27 19:39:28'),
    ('ITMG.JK', '5882', '2025-01-13 08:18:43'),
    ('ITMG.JK', '7668', '2025-03-12 13:43:34'),
    ('ITMG.JK', '2479', '2025-03-19 01:39:53'),
    ('ITMG.JK', '3302', '2025-02-15 20:01:53'),
    ('ITMG.JK', '2833', '2025-04-21 20:55:43'),
    ('ITMG.JK', '9196', '2025-01-24 10:14:07'),
    ('ITMG.JK', '9551', '2025-05-09 23:28:34'),
    ('ITMG.JK', '9605', '2025-02-18 21:30:38'),
    ('ITMG.JK', '9133', '2025-01-18 12:35:23'),
    ('ITMG.JK', '4900', '2025-04-27 11:22:11'),
    ('ITMG.JK', '3003', '2025-03-02 20:35:52'),
    ('ITMG.JK', '6395', '2025-04-24 11:09:27'),
    ('ITMG.JK', '7388', '2025-05-25 11:06:00'),
    ('ITMG.JK', '4865', '2025-03-24 02:42:44'),
    ('ITMG.JK', '4571', '2025-01-29 00:23:01'),
    ('ITMG.JK', '2750', '2025-02-04 00:16:40'),
    ('ITMG.JK', '4507', '2025-02-23 07:28:59'),
    ('ITMG.JK', '8200', '2025-03-21 07:10:04'),
    ('ITMG.JK', '5166', '2025-04-25 11:10:49'),
    ('ITMG.JK', '1916', '2025-04-06 05:14:11'),
    ('ITMG.JK', '9740', '2025-03-14 18:15:06'),
    ('ITMG.JK', '2850', '2025-03-03 10:57:00'),
    ('ITMG.JK', '9941', '2025-03-24 06:57:50'),
    ('ITMG.JK', '8780', '2025-05-13 13:47:30'),
    ('ITMG.JK', '5036', '2025-02-23 22:19:59'),
    ('ITMG.JK', '3374', '2025-03-12 11:41:36'),
    ('ITMG.JK', '8786', '2025-05-19 23:16:10'),
    ('ITMG.JK', '7025', '2025-03-01 20:10:58'),
    ('ITMG.JK', '1345', '2025-05-06 07:46:14'),
    ('ITMG.JK', '1570', '2025-05-24 14:05:07'),
    ('ITMG.JK', '1895', '2025-05-15 02:48:48'),
    ('ITMG.JK', '4926', '2025-02-19 02:59:08'),
    ('ITMG.JK', '7302', '2025-03-02 01:17:44'),
    ('ITMG.JK', '6945', '2025-05-14 01:29:19'),
    ('ITMG.JK', '2999', '2025-04-14 20:51:52'),
    ('ITMG.JK', '4872', '2025-03-27 21:44:47'),
    ('ITMG.JK', '7364', '2025-01-02 12:39:31'),
    ('ITMG.JK', '7438', '2025-02-19 14:52:23'),
    ('ITMG.JK', '5929', '2025-01-18 12:35:49'),
    ('ITMG.JK', '4857', '2025-02-27 18:05:28'),
    ('ITMG.JK', '4446', '2025-02-01 02:42:46'),
    ('ITMG.JK', '8190', '2025-05-03 14:19:00'),
    ('ITMG.JK', '6196', '2025-05-06 03:15:32'),
    ('ITMG.JK', '7656', '2025-01-07 13:54:00'),
    ('ITMG.JK', '5489', '2025-01-16 13:16:03'),
    ('ITMG.JK', '9055', '2025-04-02 11:26:40'),
    ('ITMG.JK', '7765', '2025-03-06 14:35:52'),
    ('ITMG.JK', '7920', '2025-01-20 11:52:38'),
    ('ITMG.JK', '3627', '2025-05-16 15:09:46'),
    ('ITMG.JK', '5275', '2025-04-09 07:41:23'),
    ('ITMG.JK', '2087', '2025-03-10 07:46:09'),
    ('ITMG.JK', '7895', '2025-04-27 22:03:49'),
    ('ITMG.JK', '9973', '2025-05-24 06:19:47'),
    ('ITMG.JK', '6353', '2025-03-30 00:21:10'),
    ('ITMG.JK', '1448', '2025-01-11 02:47:53'),
    ('ITMG.JK', '4010', '2025-05-03 08:44:29'),
    ('ITMG.JK', '8264', '2025-05-05 11:44:13'),
    ('ITMG.JK', '3229', '2025-01-01 14:20:03'),
    ('ITMG.JK', '7564', '2025-02-08 20:25:06'),
    ('ITMG.JK', '6006', '2025-03-02 22:02:58'),
    ('ITMG.JK', '2347', '2025-01-22 12:29:48'),
    ('ITMG.JK', '3585', '2025-02-18 11:14:12'),
    ('ITMG.JK', '9460', '2025-05-19 13:26:56'),
    ('ITMG.JK', '3131', '2025-04-26 08:18:56'),
    ('ITMG.JK', '7722', '2025-03-04 00:30:28'),
    ('ITMG.JK', '8397', '2025-04-03 21:20:40'),
    ('ITMG.JK', '3187', '2025-02-20 14:51:22'),
    ('ITMG.JK', '3842', '2025-05-14 11:49:40'),
    ('ITMG.JK', '6367', '2025-02-24 17:16:14'),
    ('ITMG.JK', '4254', '2025-01-17 09:19:39'),
    ('ITMG.JK', '7791', '2025-03-13 09:08:17'),
    ('ITMG.JK', '3980', '2025-03-18 09:48:56'),
    ('ITMG.JK', '7182', '2025-04-21 18:12:45'),
    ('ITMG.JK', '4677', '2025-01-05 00:37:49'),
    ('ITMG.JK', '1376', '2025-04-19 10:56:18'),
    ('ITMG.JK', '4747', '2025-01-18 06:39:39'),
    ('ITMG.JK', '8576', '2025-02-08 11:59:14'),
    ('ITMG.JK', '5289', '2025-05-17 04:06:49'),
    ('ITMG.JK', '3764', '2025-01-10 16:00:19'),
    ('ITMG.JK', '7570', '2025-05-01 00:06:27'),
    ('ITMG.JK', '8027', '2025-04-27 14:01:58'),
    ('ITMG.JK', '5262', '2025-01-29 23:33:39'),
    ('ITMG.JK', '2459', '2025-03-13 10:37:55'),
    ('ITMG.JK', '3787', '2025-04-21 03:32:36'),
    ('ITMG.JK', '2922', '2025-01-03 17:46:48'),
    ('ITMG.JK', '9615', '2025-03-26 11:59:12'),
    ('ITMG.JK', '8433', '2025-05-11 19:15:01'),
    ('ITMG.JK', '9096', '2025-01-24 00:18:27'),
    ('ITMG.JK', '4677', '2025-05-19 13:26:52'),
    ('ITMG.JK', '4328', '2025-02-07 00:00:00'),
    ('ITMG.JK', '5361', '2025-02-25 22:00:00'),
    ('ITMG.JK', '9096', '2025-03-16 04:35:29'),
    ('ITMG.JK', '3133', '2025-03-25 18:02:37'),
    ('ITMG.JK', '4385', '2025-04-27 12:35:18'),
    ('ITMG.JK', '4531', '2025-02-24 22:43:22'),
    ('ITMG.JK', '4102', '2025-03-23 05:33:49'),
    ('ITMG.JK', '3955', '2025-03-21 07:51:37'),
    ('ITMG.JK', '3391', '2025-01-06 14:05:32'),
    ('ITMG.JK', '5754', '2025-02-20 20:04:26'),
    ('ITMG.JK', '4858', '2025-04-30 22:35:54'),
    ('ITMG.JK', '8388', '2025-02-18 05:14:44'),
    ('ITMG.JK', '7056', '2025-04-24 04:31:30'),
    ('ITMG.JK', '8506', '2025-01-17 15:34:16'),
    ('ITMG.JK', '1169', '2025-04-02 01:08:48'),
    ('ITMG.JK', '3182', '2025-03-04 18:26:07'),
    ('ITMG.JK', '7513', '2025-05-14 08:57:51'),
    ('ITMG.JK', '4476', '2025-05-19 12:23:11'),
    ('ITMG.JK', '7283', '2025-05-18 13:37:51'),
    ('ITMG.JK', '7935', '2025-05-23 22:29:37'),
    ('ITMG.JK', '5198', '2025-01-15 04:27:49'),
    ('ITMG.JK', '2561', '2025-04-19 03:48:28'),
    ('ITMG.JK', '1962', '2025-01-11 02:51:44'),
    ('ITMG.JK', '6453', '2025-02-15 14:26:25'),
    ('ITMG.JK', '8715', '2025-03-10 19:09:55'),
    ('ITMG.JK', '1745', '2025-01-02 00:59:02'),
    ('ITMG.JK', '5155', '2025-04-08 23:20:10'),
    ('ITMG.JK', '7241', '2025-02-28 17:47:11'),
    ('ITMG.JK', '7466', '2025-05-11 08:18:27'),
    ('ITMG.JK', '7076', '2025-01-26 16:16:29'),
    ('ITMG.JK', '1673', '2025-04-23 17:15:54'),
    ('ITMG.JK', '3938', '2025-02-20 13:02:49'),
    ('ITMG.JK', '3783', '2025-04-08 19:37:47'),
    ('ITMG.JK', '9074', '2025-03-07 20:40:41'),
    ('ITMG.JK', '8669', '2025-01-26 14:47:22'),
    ('ITMG.JK', '2468', '2025-03-03 14:48:22'),
    ('ITMG.JK', '9690', '2025-03-26 01:35:54'),
    ('ITMG.JK', '3323', '2025-02-20 13:34:47'),
    ('ITMG.JK', '2914', '2025-03-02 19:56:31'),
    ('ITMG.JK', '1723', '2025-01-25 19:55:27'),
    ('ITMG.JK', '9179', '2025-02-24 13:33:28'),
    ('ITMG.JK', '6907', '2025-03-25 12:20:46'),
    ('ITMG.JK', '5635', '2025-02-21 02:40:38'),
    ('ITMG.JK', '5321', '2025-04-11 09:16:02'),
    ('ITMG.JK', '6128', '2025-03-26 14:51:37'),
    ('ITMG.JK', '3703', '2025-03-03 06:32:11'),
    ('ITMG.JK', '9049', '2025-01-30 08:56:41'),
    ('ITMG.JK', '8208', '2025-01-11 08:02:00'),
    ('ITMG.JK', '4095', '2025-01-29 20:37:23'),
    ('ITMG.JK', '1894', '2025-02-14 15:13:40'),
    ('ITMG.JK', '4000', '2025-01-07 23:07:48'),
    ('ITMG.JK', '8704', '2025-02-20 12:43:53'),
    ('ITMG.JK', '3679', '2025-05-18 02:01:31'),
    ('ITMG.JK', '8653', '2025-03-26 17:54:38'),
    ('ITMG.JK', '2900', '2025-04-07 02:27:05'),
    ('ITMG.JK', '1668', '2025-03-27 17:37:51'),
    ('ITMG.JK', '6841', '2025-05-18 16:18:55'),
    ('ITMG.JK', '8949', '2025-03-30 21:18:53'),
    ('ITMG.JK', '9077', '2025-01-22 20:14:43'),
    ('ITMG.JK', '3425', '2025-01-25 00:16:13'),
    ('ITMG.JK', '6727', '2025-01-19 04:06:16'),
    ('ITMG.JK', '4337', '2025-02-25 04:04:43'),
    ('ITMG.JK', '3959', '2025-02-02 16:18:41'),
    ('ITMG.JK', '9335', '2025-02-22 23:18:02'),
    ('ITMG.JK', '4479', '2025-04-24 07:31:40'),
    ('ITMG.JK', '1067', '2025-04-13 03:24:34'),
    ('ITMG.JK', '3958', '2025-03-22 20:39:11'),
    ('ITMG.JK', '2258', '2025-02-17 19:10:36'),
    ('JPFA.JK', '9161', '2025-05-12 10:37:20'),
    ('JPFA.JK', '2545', '2025-03-05 19:39:22'),
    ('JPFA.JK', '1425', '2025-02-25 04:50:47'),
    ('JPFA.JK', '2998', '2025-03-18 12:57:51'),
    ('JPFA.JK', '7120', '2025-04-25 15:10:36'),
    ('JPFA.JK', '2737', '2025-03-04 19:47:52'),
    ('JPFA.JK', '3519', '2025-01-06 14:33:53'),
    ('JPFA.JK', '2328', '2025-03-31 08:50:31'),
    ('JPFA.JK', '8861', '2025-03-30 04:03:07'),
    ('JPFA.JK', '5412', '2025-04-26 09:11:33'),
    ('JPFA.JK', '1095', '2025-03-05 23:14:26'),
    ('JPFA.JK', '1718', '2025-05-08 09:59:12'),
    ('JPFA.JK', '8423', '2025-03-05 02:12:56'),
    ('JPFA.JK', '3118', '2025-02-11 01:02:27'),
    ('JPFA.JK', '1797', '2025-05-05 23:35:54'),
    ('JPFA.JK', '5635', '2025-03-04 18:05:07'),
    ('JPFA.JK', '1909', '2025-05-25 10:21:33'),
    ('JPFA.JK', '2158', '2025-04-17 05:55:58'),
    ('JPFA.JK', '7248', '2025-01-18 23:19:08'),
    ('JPFA.JK', '7534', '2025-02-19 13:08:59'),
    ('JPFA.JK', '3916', '2025-02-16 14:51:16'),
    ('JPFA.JK', '7535', '2025-01-18 07:38:51'),
    ('JPFA.JK', '1336', '2025-02-10 10:23:17'),
    ('JPFA.JK', '3669', '2025-03-17 10:33:17'),
    ('JPFA.JK', '7592', '2025-02-25 07:53:50'),
    ('JPFA.JK', '3525', '2025-01-24 10:02:45'),
    ('JPFA.JK', '5891', '2025-04-06 07:30:14'),
    ('JPFA.JK', '8083', '2025-05-23 21:29:33'),
    ('JPFA.JK', '6080', '2025-05-14 00:09:14'),
    ('JPFA.JK', '3151', '2025-03-11 17:16:03'),
    ('JPFA.JK', '2574', '2025-03-13 08:28:22'),
    ('JPFA.JK', '9399', '2025-02-08 19:28:03'),
    ('JPFA.JK', '9021', '2025-03-28 11:54:43'),
    ('JPFA.JK', '7358', '2025-04-03 12:22:11'),
    ('JPFA.JK', '5398', '2025-04-20 08:02:10'),
    ('JPFA.JK', '7931', '2025-01-18 12:27:59'),
    ('JPFA.JK', '7922', '2025-03-13 12:06:15'),
    ('JPFA.JK', '4053', '2025-03-26 07:04:48'),
    ('JPFA.JK', '7979', '2025-01-19 01:09:59'),
    ('JPFA.JK', '1662', '2025-04-10 16:20:40'),
    ('JPFA.JK', '6599', '2025-04-01 00:10:56'),
    ('JPFA.JK', '4673', '2025-05-06 18:05:03'),
    ('JPFA.JK', '3540', '2025-04-07 04:22:08'),
    ('JPFA.JK', '9638', '2025-05-03 05:57:37'),
    ('JPFA.JK', '9596', '2025-01-17 07:19:44'),
    ('JPFA.JK', '5762', '2025-04-01 22:03:34'),
    ('JPFA.JK', '8165', '2025-01-16 09:01:12'),
    ('JPFA.JK', '8825', '2025-02-28 07:56:02'),
    ('JPFA.JK', '3434', '2025-01-25 19:32:36'),
    ('JPFA.JK', '5921', '2025-02-18 06:48:33'),
    ('JPFA.JK', '9570', '2025-03-25 01:22:28'),
    ('JPFA.JK', '5841', '2025-04-21 09:34:06'),
    ('JPFA.JK', '1781', '2025-04-17 23:49:10'),
    ('JPFA.JK', '2253', '2025-01-09 18:09:26'),
    ('JPFA.JK', '9411', '2025-01-21 21:36:08'),
    ('JPFA.JK', '9366', '2025-03-24 12:14:25'),
    ('JPFA.JK', '7766', '2025-01-19 08:19:44'),
    ('JPFA.JK', '8612', '2025-05-09 07:48:31'),
    ('JPFA.JK', '5151', '2025-03-11 00:33:09'),
    ('JPFA.JK', '5175', '2025-04-24 16:56:38'),
    ('JPFA.JK', '2339', '2025-04-08 18:13:18'),
    ('JPFA.JK', '1266', '2025-01-23 02:58:40'),
    ('JPFA.JK', '8583', '2025-02-04 20:46:25'),
    ('JPFA.JK', '3985', '2025-03-18 07:18:50'),
    ('JPFA.JK', '1741', '2025-01-17 04:09:43'),
    ('JPFA.JK', '7819', '2025-05-17 18:38:31'),
    ('JPFA.JK', '5876', '2025-03-02 23:05:45'),
    ('JPFA.JK', '8454', '2025-05-11 03:38:14'),
    ('JPFA.JK', '8371', '2025-05-02 03:10:01'),
    ('JPFA.JK', '5342', '2025-03-08 06:44:00'),
    ('JPFA.JK', '4066', '2025-02-10 23:38:59'),
    ('JPFA.JK', '4032', '2025-01-16 04:32:02'),
    ('JPFA.JK', '5248', '2025-05-11 18:18:44'),
    ('JPFA.JK', '2742', '2025-03-26 05:38:58'),
    ('JPFA.JK', '9755', '2025-01-04 11:29:27'),
    ('JPFA.JK', '1095', '2025-03-18 16:31:30'),
    ('JPFA.JK', '2911', '2025-01-03 14:00:14'),
    ('JPFA.JK', '3813', '2025-05-08 08:15:14'),
    ('JPFA.JK', '8817', '2025-03-31 08:30:54'),
    ('JPFA.JK', '7637', '2025-05-08 17:11:01'),
    ('JPFA.JK', '8974', '2025-02-28 19:09:00'),
    ('JPFA.JK', '6910', '2025-05-15 02:43:10'),
    ('JPFA.JK', '7471', '2025-02-28 18:28:56'),
    ('JPFA.JK', '2435', '2025-01-25 06:57:33'),
    ('JPFA.JK', '3213', '2025-01-03 16:39:59'),
    ('JPFA.JK', '4126', '2025-01-22 17:33:00'),
    ('JPFA.JK', '1260', '2025-05-16 03:44:46'),
    ('JPFA.JK', '4083', '2025-01-06 04:58:06'),
    ('JPFA.JK', '4428', '2025-04-04 10:10:07'),
    ('JPFA.JK', '3378', '2025-05-07 04:00:25'),
    ('JPFA.JK', '4961', '2025-03-26 14:55:17'),
    ('JPFA.JK', '9824', '2025-02-07 01:43:33'),
    ('JPFA.JK', '2410', '2025-02-28 10:22:44'),
    ('JPFA.JK', '8592', '2025-01-29 18:30:07'),
    ('JPFA.JK', '8765', '2025-03-23 22:05:58'),
    ('JPFA.JK', '1357', '2025-01-23 14:44:14'),
    ('JPFA.JK', '3721', '2025-01-30 14:20:20'),
    ('JPFA.JK', '8295', '2025-04-05 04:28:55'),
    ('JPFA.JK', '8724', '2025-01-04 19:28:19'),
    ('JPFA.JK', '8364', '2025-04-24 15:21:07'),
    ('JPFA.JK', '4975', '2025-02-09 02:18:18'),
    ('JPFA.JK', '5830', '2025-04-21 13:44:17'),
    ('JPFA.JK', '7418', '2025-01-10 21:18:52'),
    ('JPFA.JK', '6469', '2025-01-02 12:41:48'),
    ('JPFA.JK', '2682', '2025-05-03 09:55:22'),
    ('JPFA.JK', '8074', '2025-03-22 17:14:12'),
    ('JPFA.JK', '9121', '2025-05-24 03:02:02'),
    ('JPFA.JK', '5764', '2025-01-08 04:30:45'),
    ('JPFA.JK', '8987', '2025-03-19 14:38:43'),
    ('JPFA.JK', '8964', '2025-04-10 16:24:39'),
    ('JPFA.JK', '8993', '2025-02-15 00:45:33'),
    ('JPFA.JK', '1994', '2025-04-13 14:05:51'),
    ('JPFA.JK', '1311', '2025-03-23 22:41:01'),
    ('JPFA.JK', '6174', '2025-04-18 10:21:30'),
    ('JPFA.JK', '2040', '2025-02-22 00:15:58'),
    ('JPFA.JK', '7834', '2025-04-02 21:54:53'),
    ('JPFA.JK', '2915', '2025-04-07 01:52:58'),
    ('JPFA.JK', '6681', '2025-03-29 01:20:51'),
    ('JPFA.JK', '8147', '2025-01-05 00:58:02'),
    ('JPFA.JK', '3643', '2025-02-25 22:13:39'),
    ('JPFA.JK', '4149', '2025-04-02 02:49:08'),
    ('JPFA.JK', '6633', '2025-03-27 01:44:37'),
    ('JPFA.JK', '4802', '2025-04-09 13:45:17'),
    ('JPFA.JK', '4599', '2025-04-25 02:41:17'),
    ('JPFA.JK', '6556', '2025-04-27 21:59:23'),
    ('JPFA.JK', '8675', '2025-01-26 11:14:35'),
    ('JPFA.JK', '5806', '2025-05-21 09:24:03'),
    ('JPFA.JK', '7395', '2025-03-22 22:42:48'),
    ('JPFA.JK', '6902', '2025-04-02 17:11:35'),
    ('JPFA.JK', '3654', '2025-05-01 17:59:43'),
    ('JPFA.JK', '4394', '2025-02-24 20:20:45'),
    ('JPFA.JK', '2412', '2025-05-10 12:42:30'),
    ('JPFA.JK', '8911', '2025-01-26 01:38:00'),
    ('JPFA.JK', '3839', '2025-02-08 17:39:49'),
    ('JPFA.JK', '3561', '2025-04-28 14:59:41'),
    ('JPFA.JK', '9063', '2025-01-20 14:14:43'),
    ('JPFA.JK', '7815', '2025-04-06 20:55:32'),
    ('JPFA.JK', '5975', '2025-02-15 13:52:09'),
    ('JPFA.JK', '4431', '2025-04-19 03:01:05'),
    ('JPFA.JK', '1770', '2025-01-04 12:29:40'),
    ('JPFA.JK', '6878', '2025-02-20 15:27:12'),
    ('JPFA.JK', '6849', '2025-05-12 10:42:44'),
    ('JPFA.JK', '3598', '2025-02-03 22:13:47'),
    ('JPFA.JK', '9248', '2025-01-07 04:59:27'),
    ('JPFA.JK', '2043', '2025-03-07 13:57:28'),
    ('JPFA.JK', '8055', '2025-01-23 03:08:07'),
    ('JPFA.JK', '4714', '2025-01-24 10:26:49'),
    ('JPFA.JK', '4671', '2025-04-05 10:37:35'),
    ('JPFA.JK', '5224', '2025-03-08 02:01:32'),
    ('JPFA.JK', '6820', '2025-01-10 01:31:39'),
    ('JPFA.JK', '5382', '2025-01-30 08:32:32'),
    ('JPFA.JK', '9444', '2025-04-28 08:11:35'),
    ('JPFA.JK', '2706', '2025-05-18 04:05:07'),
    ('JPFA.JK', '1826', '2025-03-27 00:25:13'),
    ('JPFA.JK', '8489', '2025-01-22 12:58:30'),
    ('JPFA.JK', '2734', '2025-04-29 13:28:27'),
    ('JPFA.JK', '2669', '2025-04-20 05:18:48'),
    ('JPFA.JK', '1687', '2025-04-09 12:12:57'),
    ('JPFA.JK', '2727', '2025-02-02 10:29:31'),
    ('JPFA.JK', '2934', '2025-02-09 21:10:09'),
    ('JPFA.JK', '6925', '2025-01-31 11:49:28'),
    ('JPFA.JK', '5786', '2025-05-18 12:16:49'),
    ('JPFA.JK', '8233', '2025-04-09 05:38:56'),
    ('JPFA.JK', '9165', '2025-05-23 05:56:21'),
    ('JPFA.JK', '2626', '2025-01-30 23:04:12'),
    ('JPFA.JK', '6959', '2025-03-06 23:23:02'),
    ('JPFA.JK', '3257', '2025-01-24 21:08:40'),
    ('JPFA.JK', '4307', '2025-03-27 06:23:37'),
    ('JPFA.JK', '7811', '2025-01-02 06:42:01'),
    ('JPFA.JK', '5019', '2025-04-02 23:25:52'),
    ('JPFA.JK', '6592', '2025-02-25 16:23:25'),
    ('JPFA.JK', '9274', '2025-02-03 06:08:16'),
    ('JPFA.JK', '2396', '2025-02-21 15:43:21'),
    ('JPFA.JK', '7101', '2025-05-19 21:04:20'),
    ('JPFA.JK', '7799', '2025-03-12 00:43:12'),
    ('JPFA.JK', '5021', '2025-01-30 10:33:34'),
    ('JPFA.JK', '9677', '2025-03-23 21:22:04'),
    ('JPFA.JK', '4738', '2025-01-27 19:06:00'),
    ('JPFA.JK', '8025', '2025-03-22 06:37:39'),
    ('JPFA.JK', '7706', '2025-03-31 01:56:39'),
    ('JPFA.JK', '9456', '2025-05-13 11:16:33'),
    ('JPFA.JK', '6927', '2025-01-06 18:42:19'),
    ('JPFA.JK', '8251', '2025-01-29 06:28:19'),
    ('JPFA.JK', '1162', '2025-05-20 08:22:41'),
    ('JPFA.JK', '9476', '2025-01-14 12:16:18'),
    ('JPFA.JK', '2389', '2025-03-07 16:36:33'),
    ('JPFA.JK', '6157', '2025-03-19 23:49:43'),
    ('JPFA.JK', '3692', '2025-03-26 06:55:24'),
    ('JPFA.JK', '2007', '2025-03-18 08:45:13'),
    ('JPFA.JK', '1607', '2025-05-09 04:38:38'),
    ('JPFA.JK', '3473', '2025-04-22 13:37:51'),
    ('JPFA.JK', '1947', '2025-05-03 15:30:16'),
    ('JPFA.JK', '9516', '2025-02-27 10:10:32'),
    ('JPFA.JK', '7869', '2025-03-20 01:28:08'),
    ('JPFA.JK', '5986', '2025-05-21 02:40:17'),
    ('JPFA.JK', '6139', '2025-03-08 19:53:22'),
    ('JPFA.JK', '1129', '2025-02-24 07:52:21'),
    ('JPFA.JK', '9647', '2025-04-29 12:40:30'),
    ('JPFA.JK', '3406', '2025-05-16 23:36:41'),
    ('JPFA.JK', '7618', '2025-03-28 15:23:30'),
    ('JPFA.JK', '4360', '2025-04-16 17:12:20'),
    ('JPFA.JK', '8244', '2025-05-16 10:27:01'),
    ('JPFA.JK', '6656', '2025-05-06 23:25:36'),
    ('JPFA.JK', '7627', '2025-02-08 07:27:53'),
    ('JPFA.JK', '5940', '2025-01-17 08:46:39'),
    ('JPFA.JK', '1605', '2025-04-15 08:37:17'),
    ('JPFA.JK', '6480', '2025-03-17 17:30:05'),
    ('JPFA.JK', '3064', '2025-04-12 01:33:52'),
    ('JPFA.JK', '9860', '2025-02-25 03:11:59'),
    ('JPFA.JK', '4501', '2025-01-19 00:34:13'),
    ('JPFA.JK', '9383', '2025-04-18 03:30:30'),
    ('JPFA.JK', '6115', '2025-04-12 05:36:04'),
    ('JPFA.JK', '6582', '2025-05-04 10:30:33'),
    ('JPFA.JK', '3621', '2025-01-05 13:09:11'),
    ('JPFA.JK', '1456', '2025-04-15 20:16:06'),
    ('JPFA.JK', '5238', '2025-02-16 20:43:29'),
    ('JPFA.JK', '5979', '2025-05-22 01:46:42'),
    ('JPFA.JK', '7926', '2025-04-09 02:45:00'),
    ('JPFA.JK', '2809', '2025-05-23 03:18:10'),
    ('JPFA.JK', '1982', '2025-03-14 10:12:27'),
    ('JPFA.JK', '5255', '2025-05-02 17:58:58'),
    ('JPFA.JK', '9314', '2025-03-10 19:57:55'),
    ('JPFA.JK', '3028', '2025-01-10 06:27:04'),
    ('JPFA.JK', '3043', '2025-03-29 03:15:55'),
    ('JPFA.JK', '5881', '2025-04-22 03:44:30'),
    ('JPFA.JK', '1085', '2025-03-29 23:49:07'),
    ('JPFA.JK', '6553', '2025-02-15 20:17:35'),
    ('JPFA.JK', '9737', '2025-04-26 15:27:32'),
    ('JPFA.JK', '4831', '2025-03-10 00:41:21'),
    ('JPFA.JK', '5902', '2025-02-25 06:01:53'),
    ('JPFA.JK', '3293', '2025-05-19 17:07:00'),
    ('JPFA.JK', '7187', '2025-04-11 21:49:19'),
    ('JPFA.JK', '5057', '2025-01-21 10:23:34'),
    ('JPFA.JK', '6371', '2025-04-11 06:50:23'),
    ('JPFA.JK', '4154', '2025-03-12 03:37:43'),
    ('JPFA.JK', '8443', '2025-01-20 00:39:23'),
    ('JPFA.JK', '3401', '2025-05-19 04:29:05'),
    ('JPFA.JK', '7974', '2025-03-22 00:18:21'),
    ('MDKA.JK', '2342', '2025-01-18 21:54:34'),
    ('MDKA.JK', '2018', '2025-03-24 12:06:56'),
    ('MDKA.JK', '3130', '2025-04-03 11:30:00'),
    ('MDKA.JK', '4519', '2025-03-28 15:16:31'),
    ('MDKA.JK', '2279', '2025-03-13 17:02:08'),
    ('MDKA.JK', '9622', '2025-03-20 04:58:05'),
    ('MDKA.JK', '9502', '2025-03-18 15:49:10'),
    ('MDKA.JK', '5320', '2025-04-24 11:03:10'),
    ('MDKA.JK', '9172', '2025-05-04 14:07:26'),
    ('MDKA.JK', '7937', '2025-03-27 10:55:16'),
    ('MDKA.JK', '9020', '2025-05-23 02:02:53'),
    ('MDKA.JK', '7830', '2025-02-01 14:54:08'),
    ('MDKA.JK', '3364', '2025-04-09 05:07:59'),
    ('MDKA.JK', '3082', '2025-04-05 03:09:57'),
    ('MDKA.JK', '8499', '2025-01-26 02:58:43'),
    ('MDKA.JK', '9408', '2025-04-13 17:58:34'),
    ('MDKA.JK', '2934', '2025-05-15 20:28:05'),
    ('MDKA.JK', '4483', '2025-03-30 10:28:07'),
    ('MDKA.JK', '8755', '2025-01-07 07:57:41'),
    ('MDKA.JK', '3569', '2025-04-19 13:15:11'),
    ('MDKA.JK', '7051', '2025-01-24 01:29:23'),
    ('MDKA.JK', '7694', '2025-01-22 10:12:13'),
    ('MDKA.JK', '2980', '2025-03-13 18:23:43'),
    ('MDKA.JK', '5744', '2025-01-08 19:43:42'),
    ('MDKA.JK', '9565', '2025-01-30 18:27:02'),
    ('MDKA.JK', '2929', '2025-03-14 03:09:48'),
    ('MDKA.JK', '5995', '2025-03-14 17:06:32'),
    ('MDKA.JK', '5968', '2025-02-27 02:03:07'),
    ('MDKA.JK', '8961', '2025-01-06 10:23:09'),
    ('MDKA.JK', '3340', '2025-01-28 14:25:10'),
    ('MDKA.JK', '7910', '2025-01-10 10:43:49'),
    ('MDKA.JK', '5999', '2025-02-25 01:07:23'),
    ('MDKA.JK', '4532', '2025-02-05 13:12:04'),
    ('MDKA.JK', '9008', '2025-01-01 09:43:13'),
    ('MDKA.JK', '3004', '2025-04-17 07:42:31'),
    ('MDKA.JK', '6712', '2025-01-14 02:52:24'),
    ('MDKA.JK', '1732', '2025-03-23 02:02:28'),
    ('MDKA.JK', '8883', '2025-04-22 06:38:56'),
    ('MDKA.JK', '6074', '2025-04-20 20:39:04'),
    ('MDKA.JK', '8411', '2025-03-07 14:22:13'),
    ('MDKA.JK', '7181', '2025-04-03 06:43:15'),
    ('MDKA.JK', '3175', '2025-01-27 21:33:38'),
    ('MDKA.JK', '9270', '2025-05-04 14:07:11'),
    ('MDKA.JK', '8551', '2025-03-29 08:49:22'),
    ('MDKA.JK', '8357', '2025-01-29 22:18:33'),
    ('MDKA.JK', '6328', '2025-01-18 08:14:16'),
    ('MDKA.JK', '7711', '2025-03-17 04:38:47'),
    ('MDKA.JK', '4814', '2025-03-18 18:41:03'),
    ('MDKA.JK', '6554', '2025-04-16 01:13:00'),
    ('MDKA.JK', '1750', '2025-05-11 04:29:41'),
    ('MDKA.JK', '8259', '2025-05-23 21:36:07'),
    ('MDKA.JK', '5544', '2025-05-06 10:11:21'),
    ('MDKA.JK', '2450', '2025-02-02 03:49:14'),
    ('MDKA.JK', '1406', '2025-04-22 01:41:20'),
    ('MDKA.JK', '6060', '2025-04-19 22:39:22'),
    ('MDKA.JK', '3028', '2025-05-06 00:51:27'),
    ('MDKA.JK', '2395', '2025-02-07 08:46:24'),
    ('MDKA.JK', '9877', '2025-04-23 00:20:30'),
    ('MDKA.JK', '1866', '2025-04-21 17:31:53'),
    ('MDKA.JK', '9548', '2025-02-06 18:38:55'),
    ('MDKA.JK', '8796', '2025-04-08 14:27:59'),
    ('MDKA.JK', '1305', '2025-01-24 08:33:36'),
    ('MDKA.JK', '9713', '2025-02-04 21:39:53'),
    ('MDKA.JK', '1310', '2025-02-23 09:25:05'),
    ('MDKA.JK', '4371', '2025-02-17 15:07:07'),
    ('MDKA.JK', '8278', '2025-01-17 10:29:16'),
    ('MDKA.JK', '9741', '2025-04-28 20:08:54'),
    ('MDKA.JK', '6249', '2025-03-20 00:30:49'),
    ('MDKA.JK', '1737', '2025-04-06 10:25:49'),
    ('MDKA.JK', '1381', '2025-03-08 00:18:44'),
    ('MDKA.JK', '8160', '2025-02-05 01:13:41'),
    ('MDKA.JK', '7798', '2025-01-05 16:06:48'),
    ('MDKA.JK', '9649', '2025-03-03 15:06:33'),
    ('MDKA.JK', '7258', '2025-02-19 22:32:07'),
    ('MDKA.JK', '2491', '2025-01-23 06:16:57'),
    ('MDKA.JK', '2627', '2025-04-16 04:52:27'),
    ('MDKA.JK', '3755', '2025-02-25 09:50:07'),
    ('MDKA.JK', '3359', '2025-02-05 11:17:56'),
    ('MDKA.JK', '5187', '2025-01-18 09:41:57'),
    ('MDKA.JK', '3526', '2025-03-01 13:45:52'),
    ('MDKA.JK', '7672', '2025-05-12 18:32:42'),
    ('MDKA.JK', '3772', '2025-01-12 10:33:28'),
    ('MDKA.JK', '6329', '2025-02-05 05:39:17'),
    ('MDKA.JK', '1445', '2025-05-19 12:13:18'),
    ('MDKA.JK', '1958', '2025-02-27 20:53:38'),
    ('MDKA.JK', '7388', '2025-01-20 04:10:53'),
    ('MDKA.JK', '6243', '2025-01-28 15:54:51'),
    ('MDKA.JK', '7763', '2025-03-04 22:57:51'),
    ('MDKA.JK', '5225', '2025-03-14 22:01:05'),
    ('MDKA.JK', '2981', '2025-01-11 01:46:10'),
    ('MDKA.JK', '4318', '2025-02-16 12:43:26'),
    ('MDKA.JK', '4874', '2025-04-06 17:27:02'),
    ('MDKA.JK', '9333', '2025-04-08 22:46:24'),
    ('MDKA.JK', '7308', '2025-01-23 08:19:05'),
    ('MDKA.JK', '5412', '2025-01-12 18:33:55'),
    ('MDKA.JK', '6215', '2025-04-01 06:14:04'),
    ('MDKA.JK', '7669', '2025-01-13 17:03:26'),
    ('MDKA.JK', '8932', '2025-01-06 14:42:49'),
    ('MDKA.JK', '7676', '2025-05-04 00:30:59'),
    ('MDKA.JK', '4829', '2025-01-04 14:47:19'),
    ('MDKA.JK', '5409', '2025-04-18 14:10:40'),
    ('MDKA.JK', '2663', '2025-02-17 19:54:58'),
    ('MDKA.JK', '3057', '2025-03-01 03:35:55'),
    ('MDKA.JK', '7664', '2025-03-28 14:25:40'),
    ('MDKA.JK', '2374', '2025-05-04 11:02:17'),
    ('MDKA.JK', '9199', '2025-02-09 12:10:40'),
    ('MDKA.JK', '3332', '2025-03-14 11:43:42'),
    ('MDKA.JK', '9854', '2025-02-02 15:48:51'),
    ('MDKA.JK', '5016', '2025-04-15 09:05:51'),
    ('MDKA.JK', '7942', '2025-04-18 19:11:49'),
    ('MDKA.JK', '8401', '2025-01-09 02:45:54'),
    ('MDKA.JK', '1016', '2025-04-01 05:26:07'),
    ('MDKA.JK', '5739', '2025-05-07 19:28:29'),
    ('MDKA.JK', '3742', '2025-01-01 02:31:48'),
    ('MDKA.JK', '1985', '2025-04-04 15:09:03'),
    ('MDKA.JK', '5477', '2025-04-27 02:15:56'),
    ('MDKA.JK', '5110', '2025-05-13 01:01:09'),
    ('MDKA.JK', '7228', '2025-03-10 05:43:34'),
    ('MDKA.JK', '4485', '2025-04-24 15:02:21'),
    ('MDKA.JK', '9361', '2025-02-24 15:00:20'),
    ('MDKA.JK', '1745', '2025-02-01 08:15:16'),
    ('MDKA.JK', '9750', '2025-04-20 08:09:01'),
    ('MDKA.JK', '2145', '2025-02-28 09:04:34'),
    ('MDKA.JK', '2469', '2025-03-18 18:15:15'),
    ('MDKA.JK', '3014', '2025-01-28 02:49:02'),
    ('MDKA.JK', '5578', '2025-03-25 21:05:27'),
    ('MDKA.JK', '4454', '2025-04-29 12:52:52'),
    ('MDKA.JK', '9270', '2025-03-03 19:24:13'),
    ('MDKA.JK', '6613', '2025-05-04 08:06:22'),
    ('MDKA.JK', '5282', '2025-05-18 10:22:23'),
    ('MDKA.JK', '8417', '2025-02-23 00:20:00'),
    ('MDKA.JK', '5029', '2025-05-09 14:26:04'),
    ('MDKA.JK', '6269', '2025-03-08 08:06:37'),
    ('MDKA.JK', '4450', '2025-03-31 06:49:12'),
    ('MDKA.JK', '6381', '2025-01-04 01:58:51'),
    ('MDKA.JK', '3190', '2025-05-06 12:38:38'),
    ('MDKA.JK', '1033', '2025-04-29 05:09:06'),
    ('MDKA.JK', '8807', '2025-01-01 19:56:33'),
    ('MDKA.JK', '1156', '2025-05-11 15:02:20'),
    ('MDKA.JK', '3843', '2025-03-22 05:28:45'),
    ('MDKA.JK', '9011', '2025-03-18 06:32:20'),
    ('MDKA.JK', '9816', '2025-01-16 18:10:50'),
    ('MDKA.JK', '2270', '2025-04-15 14:17:16'),
    ('MDKA.JK', '1507', '2025-05-11 09:56:37'),
    ('MDKA.JK', '8293', '2025-05-11 12:53:34'),
    ('MDKA.JK', '3022', '2025-03-10 13:04:28'),
    ('MDKA.JK', '7166', '2025-04-27 18:18:42'),
    ('MDKA.JK', '6864', '2025-03-17 02:23:25'),
    ('MDKA.JK', '3903', '2025-05-16 08:23:45'),
    ('MDKA.JK', '1138', '2025-01-25 05:26:30'),
    ('MDKA.JK', '8580', '2025-03-13 22:33:53'),
    ('MDKA.JK', '4161', '2025-03-28 07:52:55'),
    ('MDKA.JK', '1153', '2025-02-13 00:21:41'),
    ('MDKA.JK', '1324', '2025-02-24 14:10:53'),
    ('MDKA.JK', '6862', '2025-02-07 04:30:32'),
    ('MDKA.JK', '2474', '2025-04-30 02:51:00'),
    ('MDKA.JK', '5967', '2025-05-20 09:14:05'),
    ('MDKA.JK', '4623', '2025-02-15 11:43:16'),
    ('MDKA.JK', '9090', '2025-03-12 11:41:55'),
    ('MDKA.JK', '1602', '2025-02-24 12:25:10'),
    ('MDKA.JK', '9074', '2025-05-17 17:06:00'),
    ('MDKA.JK', '4425', '2025-01-02 09:15:12'),
    ('MDKA.JK', '4212', '2025-05-04 23:19:40'),
    ('MDKA.JK', '7489', '2025-01-22 13:02:53'),
    ('MDKA.JK', '5544', '2025-04-21 12:12:31'),
    ('MDKA.JK', '9197', '2025-04-06 22:15:34'),
    ('MDKA.JK', '3793', '2025-04-18 03:30:19'),
    ('MDKA.JK', '4174', '2025-05-09 03:04:11'),
    ('MDKA.JK', '3875', '2025-01-13 16:36:09'),
    ('MDKA.JK', '3101', '2025-05-25 20:29:17'),
    ('MDKA.JK', '2065', '2025-01-25 17:52:15'),
    ('MDKA.JK', '5253', '2025-04-21 15:56:30'),
    ('MDKA.JK', '4734', '2025-04-12 13:43:45'),
    ('MDKA.JK', '5494', '2025-02-07 06:05:34'),
    ('MDKA.JK', '1378', '2025-05-15 13:32:52'),
    ('MDKA.JK', '9731', '2025-04-30 07:34:30'),
    ('MDKA.JK', '5143', '2025-05-13 04:12:01'),
    ('MDKA.JK', '8437', '2025-01-01 09:06:38'),
    ('MDKA.JK', '7997', '2025-05-05 11:07:09'),
    ('MDKA.JK', '1849', '2025-03-04 17:17:08'),
    ('MDKA.JK', '8086', '2025-03-21 00:10:44'),
    ('MDKA.JK', '5489', '2025-01-24 15:14:44'),
    ('MDKA.JK', '9491', '2025-04-01 14:27:06'),
    ('MDKA.JK', '9119', '2025-03-12 04:34:51'),
    ('MDKA.JK', '9474', '2025-01-09 10:33:36'),
    ('MDKA.JK', '4678', '2025-01-10 02:52:16'),
    ('MDKA.JK', '5553', '2025-03-23 13:37:52'),
    ('MDKA.JK', '9723', '2025-03-29 03:50:46'),
    ('MDKA.JK', '6181', '2025-01-02 00:02:38'),
    ('MDKA.JK', '7420', '2025-02-07 18:56:22'),
    ('MDKA.JK', '6483', '2025-01-16 21:15:25'),
    ('MDKA.JK', '1415', '2025-05-24 04:44:20'),
    ('MDKA.JK', '4696', '2025-05-14 21:31:51'),
    ('MDKA.JK', '7943', '2025-01-15 10:55:02'),
    ('MDKA.JK', '5095', '2025-02-08 05:30:44'),
    ('MDKA.JK', '3694', '2025-03-05 22:17:52'),
    ('MDKA.JK', '6092', '2025-01-13 04:52:29'),
    ('MDKA.JK', '2584', '2025-01-06 09:53:47'),
    ('MDKA.JK', '8863', '2025-03-25 21:01:40'),
    ('MDKA.JK', '1393', '2025-04-26 01:23:36'),
    ('MDKA.JK', '6477', '2025-02-18 14:59:33'),
    ('MDKA.JK', '5049', '2025-01-21 22:34:25'),
    ('MDKA.JK', '8759', '2025-02-16 06:50:03'),
    ('MDKA.JK', '6583', '2025-01-11 13:40:31'),
    ('MDKA.JK', '6465', '2025-04-11 21:51:40'),
    ('MDKA.JK', '4878', '2025-01-15 03:47:20'),
    ('MDKA.JK', '8184', '2025-01-19 13:51:28'),
    ('MDKA.JK', '8314', '2025-04-23 10:01:48'),
    ('MDKA.JK', '3045', '2025-01-17 14:37:14'),
    ('MDKA.JK', '1994', '2025-01-07 11:23:34'),
    ('MDKA.JK', '7183', '2025-03-02 19:59:16'),
    ('MDKA.JK', '2065', '2025-01-25 18:21:35'),
    ('MDKA.JK', '2015', '2025-03-27 19:29:20'),
    ('MDKA.JK', '1897', '2025-02-28 12:57:25'),
    ('MDKA.JK', '8075', '2025-01-13 18:36:17'),
    ('MDKA.JK', '2668', '2025-05-12 13:40:45'),
    ('MDKA.JK', '1914', '2025-04-19 14:19:53'),
    ('MDKA.JK', '1855', '2025-02-27 06:24:42'),
    ('MDKA.JK', '7249', '2025-03-19 23:58:43'),
    ('MDKA.JK', '2570', '2025-04-30 20:50:08'),
    ('MDKA.JK', '7735', '2025-02-15 06:22:50'),
    ('MDKA.JK', '1173', '2025-03-30 01:02:58'),
    ('MDKA.JK', '7290', '2025-04-01 03:22:16'),
    ('MDKA.JK', '8014', '2025-05-01 10:23:28'),
    ('MDKA.JK', '2659', '2025-03-07 22:43:38'),
    ('MDKA.JK', '1425', '2025-03-30 04:09:03'),
    ('MDKA.JK', '9474', '2025-03-05 17:29:36'),
    ('MDKA.JK', '4153', '2025-01-21 23:20:49'),
    ('MDKA.JK', '2682', '2025-01-03 09:16:08'),
    ('MDKA.JK', '2106', '2025-04-26 03:03:04'),
    ('MDKA.JK', '4172', '2025-04-22 07:21:43'),
    ('MDKA.JK', '3064', '2025-05-04 18:19:49'),
    ('MDKA.JK', '9337', '2025-02-19 18:22:47'),
    ('MDKA.JK', '6822', '2025-03-23 18:02:05'),
    ('MDKA.JK', '8887', '2025-05-21 16:59:17'),
    ('MDKA.JK', '8284', '2025-02-06 02:27:57'),
    ('MDKA.JK', '4983', '2025-01-27 17:36:04'),
    ('MDKA.JK', '1722', '2025-01-12 17:54:33'),
    ('PTBA.JK', '3091', '2025-03-02 12:28:22'),
    ('PTBA.JK', '8140', '2025-04-10 15:20:21'),
    ('PTBA.JK', '6861', '2025-03-02 10:14:32'),
    ('PTBA.JK', '9866', '2025-01-29 06:39:36'),
    ('PTBA.JK', '3415', '2025-04-02 04:08:21'),
    ('PTBA.JK', '6057', '2025-04-28 03:43:09'),
    ('PTBA.JK', '6618', '2025-02-26 12:27:22'),
    ('PTBA.JK', '7042', '2025-01-02 13:39:50'),
    ('PTBA.JK', '9481', '2025-04-24 21:00:29'),
    ('PTBA.JK', '3369', '2025-01-12 03:07:10'),
    ('PTBA.JK', '4889', '2025-04-09 11:17:38'),
    ('PTBA.JK', '1894', '2025-03-23 22:56:50'),
    ('PTBA.JK', '6633', '2025-02-07 22:39:47'),
    ('PTBA.JK', '4282', '2025-05-05 09:12:06'),
    ('PTBA.JK', '4297', '2025-01-14 06:47:04'),
    ('PTBA.JK', '6595', '2025-02-06 18:27:39'),
    ('PTBA.JK', '8794', '2025-05-15 21:55:00'),
    ('PTBA.JK', '8657', '2025-04-27 11:05:41'),
    ('PTBA.JK', '6425', '2025-04-23 07:35:22'),
    ('PTBA.JK', '6499', '2025-04-30 15:14:55'),
    ('PTBA.JK', '5909', '2025-03-23 07:15:41'),
    ('PTBA.JK', '6384', '2025-02-01 12:16:46'),
    ('PTBA.JK', '2717', '2025-03-30 05:12:04'),
    ('PTBA.JK', '1691', '2025-04-07 07:12:16'),
    ('PTBA.JK', '4594', '2025-01-01 17:13:46'),
    ('PTBA.JK', '4654', '2025-05-15 14:38:31'),
    ('PTBA.JK', '4772', '2025-04-01 14:13:07'),
    ('PTBA.JK', '4492', '2025-02-16 09:54:34'),
    ('PTBA.JK', '8876', '2025-05-23 15:25:10'),
    ('PTBA.JK', '6431', '2025-05-24 17:01:45'),
    ('PTBA.JK', '7158', '2025-02-09 20:50:36'),
    ('PTBA.JK', '7558', '2025-02-05 18:38:29'),
    ('PTBA.JK', '1110', '2025-03-12 10:51:01'),
    ('PTBA.JK', '1162', '2025-01-15 07:36:43'),
    ('PTBA.JK', '6863', '2025-01-06 19:53:31'),
    ('PTBA.JK', '2887', '2025-01-28 15:38:28'),
    ('PTBA.JK', '5760', '2025-03-27 12:27:02'),
    ('PTBA.JK', '4185', '2025-05-03 14:13:56'),
    ('PTBA.JK', '6896', '2025-01-09 12:36:40'),
    ('PTBA.JK', '1486', '2025-02-08 15:58:47'),
    ('PTBA.JK', '4241', '2025-02-25 04:00:21'),
    ('PTBA.JK', '3853', '2025-02-12 12:21:28'),
    ('PTBA.JK', '5292', '2025-05-20 14:01:18'),
    ('PTBA.JK', '3855', '2025-03-07 23:39:51'),
    ('PTBA.JK', '5029', '2025-02-04 16:03:48'),
    ('PTBA.JK', '4211', '2025-01-05 04:09:36'),
    ('PTBA.JK', '3884', '2025-02-20 20:01:23'),
    ('PTBA.JK', '2657', '2025-01-05 01:50:16'),
    ('PTBA.JK', '3248', '2025-03-15 13:54:28'),
    ('PTBA.JK', '2818', '2025-03-07 16:58:49'),
    ('PTBA.JK', '4444', '2025-03-01 05:44:25'),
    ('PTBA.JK', '8474', '2025-02-16 15:10:47'),
    ('PTBA.JK', '7056', '2025-03-14 07:16:40'),
    ('PTBA.JK', '3807', '2025-04-13 07:39:23'),
    ('PTBA.JK', '8106', '2025-05-19 01:13:49'),
    ('PTBA.JK', '2071', '2025-01-24 00:13:08'),
    ('PTBA.JK', '3366', '2025-01-26 09:32:50'),
    ('PTBA.JK', '4107', '2025-02-07 05:17:58'),
    ('PTBA.JK', '9725', '2025-03-15 10:31:08'),
    ('PTBA.JK', '7131', '2025-03-03 17:45:42'),
    ('PTBA.JK', '8037', '2025-05-04 12:38:27'),
    ('PTBA.JK', '5006', '2025-01-09 23:17:06'),
    ('PTBA.JK', '4098', '2025-04-14 23:27:48'),
    ('PTBA.JK', '5819', '2025-01-29 20:22:19'),
    ('PTBA.JK', '6368', '2025-02-17 23:54:12'),
    ('PTBA.JK', '1872', '2025-05-03 05:29:31'),
    ('PTBA.JK', '5588', '2025-01-25 13:20:22'),
    ('PTBA.JK', '9327', '2025-04-24 10:01:13'),
    ('PTBA.JK', '9011', '2025-02-10 15:07:03'),
    ('PTBA.JK', '2333', '2025-04-02 09:28:06'),
    ('PTBA.JK', '2062', '2025-02-02 12:17:48'),
    ('PTBA.JK', '9333', '2025-03-17 08:45:03'),
    ('PTBA.JK', '9342', '2025-03-14 16:12:23'),
    ('PTBA.JK', '9168', '2025-04-11 18:12:49'),
    ('PTBA.JK', '8606', '2025-02-04 18:11:36'),
    ('PTBA.JK', '6272', '2025-05-19 08:25:46'),
    ('PTBA.JK', '7125', '2025-04-13 00:53:38'),
    ('PTBA.JK', '8918', '2025-05-19 23:10:12'),
    ('PTBA.JK', '9106', '2025-04-02 23:52:22'),
    ('PTBA.JK', '5396', '2025-04-23 20:31:34'),
    ('PTBA.JK', '7569', '2025-05-04 21:47:15'),
    ('PTBA.JK', '1599', '2025-02-10 05:37:12'),
    ('PTBA.JK', '4596', '2025-02-09 10:03:03'),
    ('PTBA.JK', '8406', '2025-02-15 12:18:40'),
    ('PTBA.JK', '7486', '2025-02-12 10:43:14'),
    ('PTBA.JK', '6013', '2025-03-24 12:45:00'),
    ('PTBA.JK', '7178', '2025-04-21 22:46:44'),
    ('PTBA.JK', '3575', '2025-03-14 15:27:59'),
    ('PTBA.JK', '5170', '2025-04-17 21:45:29'),
    ('PTBA.JK', '2388', '2025-01-27 02:01:28'),
    ('PTBA.JK', '2376', '2025-02-27 07:01:24'),
    ('PTBA.JK', '8282', '2025-04-11 17:52:47'),
    ('PTBA.JK', '6760', '2025-02-14 16:42:18'),
    ('PTBA.JK', '1674', '2025-04-01 08:14:11'),
    ('PTBA.JK', '9392', '2025-05-01 14:39:22'),
    ('PTBA.JK', '6511', '2025-03-24 17:46:51'),
    ('PTBA.JK', '8391', '2025-04-01 18:56:43'),
    ('PTBA.JK', '8086', '2025-03-21 09:51:29'),
    ('PTBA.JK', '7021', '2025-04-07 14:43:07'),
    ('PTBA.JK', '6194', '2025-02-23 00:21:46'),
    ('PTBA.JK', '7264', '2025-01-05 19:11:42'),
    ('PTBA.JK', '3942', '2025-03-27 18:25:03'),
    ('PTBA.JK', '4830', '2025-02-21 13:54:05'),
    ('PTBA.JK', '2243', '2025-03-11 17:29:39'),
    ('PTBA.JK', '2350', '2025-02-27 04:33:09'),
    ('PTBA.JK', '9220', '2025-04-10 13:46:45'),
    ('PTBA.JK', '9956', '2025-05-05 23:38:48'),
    ('PTBA.JK', '2280', '2025-02-23 16:14:01'),
    ('PTBA.JK', '4731', '2025-01-20 02:37:10'),
    ('PTBA.JK', '2942', '2025-01-14 20:30:32'),
    ('PTBA.JK', '6902', '2025-01-08 10:24:15'),
    ('PTBA.JK', '9946', '2025-02-08 21:29:47'),
    ('PTBA.JK', '6468', '2025-02-08 04:26:17'),
    ('PTBA.JK', '6394', '2025-02-18 13:11:40'),
    ('PTBA.JK', '5959', '2025-05-25 16:56:11'),
    ('PTBA.JK', '5496', '2025-02-07 00:27:29'),
    ('PTBA.JK', '3258', '2025-05-20 01:39:56'),
    ('PTBA.JK', '9898', '2025-02-20 16:58:45'),
    ('PTBA.JK', '1139', '2025-02-28 03:39:02'),
    ('PTBA.JK', '5617', '2025-03-09 07:25:25'),
    ('PTBA.JK', '7616', '2025-03-20 18:58:17'),
    ('PTBA.JK', '1194', '2025-04-02 15:41:52'),
    ('PTBA.JK', '9399', '2025-01-29 23:42:01'),
    ('PTBA.JK', '7512', '2025-02-14 04:35:33'),
    ('PTBA.JK', '4717', '2025-05-21 10:59:22'),
    ('PTBA.JK', '4438', '2025-04-03 03:02:33'),
    ('PTBA.JK', '4829', '2025-04-11 03:55:13'),
    ('PTBA.JK', '8679', '2025-05-21 07:08:32'),
    ('PTBA.JK', '8559', '2025-03-08 03:35:19'),
    ('PTBA.JK', '2406', '2025-03-02 19:02:04'),
    ('PTBA.JK', '4077', '2025-03-25 06:19:12'),
    ('PTBA.JK', '7843', '2025-02-10 16:44:08'),
    ('PTBA.JK', '8187', '2025-03-29 09:01:16'),
    ('PTBA.JK', '1493', '2025-03-14 18:13:45'),
    ('PTBA.JK', '3276', '2025-04-23 03:23:03'),
    ('PTBA.JK', '3102', '2025-03-01 08:04:06'),
    ('PTBA.JK', '1158', '2025-04-08 01:14:16'),
    ('PTBA.JK', '6810', '2025-03-07 23:41:11'),
    ('PTBA.JK', '4694', '2025-03-23 09:22:05'),
    ('PTBA.JK', '7974', '2025-05-14 03:53:10'),
    ('PTBA.JK', '7608', '2025-05-15 02:02:59'),
    ('PTBA.JK', '9808', '2025-02-28 04:24:38'),
    ('PTBA.JK', '6342', '2025-04-24 23:24:32'),
    ('PTBA.JK', '1380', '2025-04-21 05:06:09'),
    ('PTBA.JK', '1527', '2025-01-28 00:24:53'),
    ('PTBA.JK', '3518', '2025-03-06 03:04:44'),
    ('PTBA.JK', '7404', '2025-03-16 01:04:23'),
    ('PTBA.JK', '4345', '2025-03-17 20:29:47'),
    ('PTBA.JK', '2043', '2025-04-14 18:54:23'),
    ('PTBA.JK', '7331', '2025-02-06 13:43:18'),
    ('PTBA.JK', '8778', '2025-01-22 02:17:29'),
    ('PTBA.JK', '6387', '2025-04-21 14:07:56'),
    ('PTBA.JK', '8397', '2025-05-05 01:58:16'),
    ('PTBA.JK', '5991', '2025-01-19 02:32:12'),
    ('PTBA.JK', '3808', '2025-01-21 06:08:04'),
    ('PTBA.JK', '3910', '2025-01-07 05:24:23'),
    ('PTBA.JK', '9005', '2025-01-06 05:04:35'),
    ('PTBA.JK', '4058', '2025-02-08 15:24:04'),
    ('PTBA.JK', '2138', '2025-03-16 22:23:48'),
    ('PTBA.JK', '5650', '2025-02-09 23:31:39'),
    ('PTBA.JK', '4818', '2025-02-26 12:39:00'),
    ('PTBA.JK', '9591', '2025-01-14 14:07:40'),
    ('PTBA.JK', '8449', '2025-01-12 03:45:04'),
    ('PTBA.JK', '7039', '2025-04-11 16:31:58'),
    ('PTBA.JK', '1180', '2025-02-03 08:45:57'),
    ('PTBA.JK', '6353', '2025-03-21 18:45:07'),
    ('PTBA.JK', '7407', '2025-01-31 11:50:17'),
    ('PTBA.JK', '2814', '2025-01-26 01:49:30'),
    ('PTBA.JK', '9789', '2025-03-23 05:56:48'),
    ('PTBA.JK', '8835', '2025-05-25 07:17:46'),
    ('PTBA.JK', '2126', '2025-03-17 12:50:17'),
    ('PTBA.JK', '4382', '2025-01-26 05:31:41'),
    ('PTBA.JK', '4369', '2025-03-02 03:34:23'),
    ('PTBA.JK', '8081', '2025-05-18 19:18:33'),
    ('PTBA.JK', '8778', '2025-01-31 19:58:27'),
    ('PTBA.JK', '6084', '2025-04-25 01:54:39'),
    ('PTBA.JK', '4325', '2025-04-08 13:42:11'),
    ('PTBA.JK', '8519', '2025-02-23 11:38:52'),
    ('PTBA.JK', '4304', '2025-01-02 10:41:17'),
    ('PTBA.JK', '3337', '2025-03-28 13:15:35'),
    ('PTBA.JK', '2048', '2025-03-19 12:34:43'),
    ('PTBA.JK', '5044', '2025-04-13 02:40:08'),
    ('PTBA.JK', '6388', '2025-04-21 12:47:59'),
    ('PTBA.JK', '9043', '2025-03-31 08:42:31'),
    ('PTBA.JK', '8580', '2025-04-22 20:58:23'),
    ('PTBA.JK', '1640', '2025-05-24 04:01:25'),
    ('PTBA.JK', '2492', '2025-02-25 21:45:58'),
    ('PTBA.JK', '8476', '2025-03-09 08:07:13'),
    ('PTBA.JK', '5873', '2025-03-17 22:36:47'),
    ('PTBA.JK', '3869', '2025-03-22 14:17:09'),
    ('PTBA.JK', '5081', '2025-02-04 20:53:40'),
    ('PTBA.JK', '8079', '2025-03-30 21:38:01'),
    ('PTBA.JK', '7302', '2025-05-08 23:32:08'),
    ('PTBA.JK', '4005', '2025-05-16 15:20:55'),
    ('PTBA.JK', '2565', '2025-03-18 10:04:55'),
    ('PTBA.JK', '1715', '2025-02-16 13:03:39'),
    ('PTBA.JK', '3587', '2025-02-23 03:53:23'),
    ('PTBA.JK', '9810', '2025-02-26 16:18:14'),
    ('PTBA.JK', '2093', '2025-05-16 13:07:14'),
    ('PTBA.JK', '4559', '2025-04-06 19:49:07'),
    ('PTBA.JK', '7738', '2025-04-18 08:20:45'),
    ('PTBA.JK', '2986', '2025-03-13 14:24:57'),
    ('PTBA.JK', '2253', '2025-01-21 10:22:55'),
    ('PTBA.JK', '9264', '2025-03-05 07:19:52'),
    ('PTBA.JK', '7719', '2025-03-29 13:30:50'),
    ('PTBA.JK', '3700', '2025-02-19 01:58:40'),
    ('PTBA.JK', '4397', '2025-04-09 06:25:54'),
    ('PTBA.JK', '1731', '2025-03-31 17:51:23'),
    ('PTBA.JK', '1437', '2025-01-15 05:06:56'),
    ('PTBA.JK', '8567', '2025-03-16 00:18:49'),
    ('PTBA.JK', '6630', '2025-05-25 20:24:49'),
    ('PTBA.JK', '7542', '2025-02-07 17:59:10'),
    ('PTBA.JK', '7499', '2025-01-08 08:02:33'),
    ('PTBA.JK', '1175', '2025-02-18 15:54:26'),
    ('PTBA.JK', '2878', '2025-05-18 16:38:37'),
    ('PTBA.JK', '3236', '2025-03-05 12:26:41'),
    ('PTBA.JK', '8606', '2025-04-05 03:08:30'),
    ('PTBA.JK', '8558', '2025-01-14 06:00:29'),
    ('PTBA.JK', '2352', '2025-04-17 11:51:44'),
    ('PTBA.JK', '4969', '2025-05-19 13:31:51'),
    ('PTBA.JK', '8171', '2025-01-28 05:38:21'),
    ('PTBA.JK', '8713', '2025-02-24 04:53:43'),
    ('PTBA.JK', '3643', '2025-02-03 03:00:10'),
    ('PTBA.JK', '1295', '2025-04-28 20:46:18'),
    ('PTBA.JK', '2646', '2025-02-04 09:58:56'),
    ('PTBA.JK', '5819', '2025-01-25 02:35:14'),
    ('PTBA.JK', '9759', '2025-05-24 23:23:27'),
    ('PTBA.JK', '7403', '2025-02-02 17:02:58'),
    ('PTBA.JK', '2271', '2025-05-11 08:54:51'),
    ('PTBA.JK', '1183', '2025-05-12 12:50:03'),
    ('PTBA.JK', '5476', '2025-01-30 19:20:43'),
    ('PTBA.JK', '8219', '2025-03-11 12:48:22'),
    ('PTBA.JK', '3915', '2025-02-12 01:46:00'),
    ('PTBA.JK', '1564', '2025-05-12 01:56:01'),
    ('PTBA.JK', '9721', '2025-02-11 23:24:32'),
    ('PTBA.JK', '8242', '2025-05-16 07:03:17'),
    ('PTBA.JK', '1782', '2025-05-04 06:20:15'),
    ('PTBA.JK', '9566', '2025-05-05 11:19:59'),
    ('SMGR.JK', '2684', '2025-03-17 20:24:49'),
    ('SMGR.JK', '6051', '2025-03-28 05:07:40'),
    ('SMGR.JK', '1858', '2025-04-27 03:50:20'),
    ('SMGR.JK', '1076', '2025-01-10 10:47:38'),
    ('SMGR.JK', '7183', '2025-02-09 04:10:02'),
    ('SMGR.JK', '5091', '2025-03-14 17:58:15'),
    ('SMGR.JK', '4908', '2025-02-08 20:00:03'),
    ('SMGR.JK', '2497', '2025-01-04 02:44:40'),
    ('SMGR.JK', '7908', '2025-01-06 10:13:45'),
    ('SMGR.JK', '1238', '2025-03-07 11:04:38'),
    ('SMGR.JK', '4148', '2025-05-13 00:50:27'),
    ('SMGR.JK', '2035', '2025-02-12 19:55:14'),
    ('SMGR.JK', '2582', '2025-05-09 22:58:16'),
    ('SMGR.JK', '3750', '2025-05-21 14:08:17'),
    ('SMGR.JK', '3736', '2025-01-09 13:06:47'),
    ('SMGR.JK', '7810', '2025-04-10 12:25:24'),
    ('SMGR.JK', '2764', '2025-03-05 12:35:23'),
    ('SMGR.JK', '6286', '2025-04-20 03:21:43'),
    ('SMGR.JK', '4105', '2025-05-02 07:11:19'),
    ('SMGR.JK', '4393', '2025-04-16 04:31:02'),
    ('SMGR.JK', '7472', '2025-03-25 02:04:00'),
    ('SMGR.JK', '2979', '2025-02-15 03:06:01'),
    ('SMGR.JK', '4502', '2025-01-21 13:27:40'),
    ('SMGR.JK', '6842', '2025-03-04 19:00:11'),
    ('SMGR.JK', '3844', '2025-01-03 21:52:47'),
    ('SMGR.JK', '7588', '2025-05-07 23:49:37'),
    ('SMGR.JK', '6181', '2025-01-03 07:50:14'),
    ('SMGR.JK', '7376', '2025-02-11 07:34:13'),
    ('SMGR.JK', '8516', '2025-02-12 17:43:21'),
    ('SMGR.JK', '2081', '2025-05-08 18:19:25'),
    ('SMGR.JK', '5562', '2025-05-07 04:57:47'),
    ('SMGR.JK', '7045', '2025-01-09 12:46:13'),
    ('SMGR.JK', '2103', '2025-02-12 10:34:02'),
    ('SMGR.JK', '7735', '2025-02-28 13:15:05'),
    ('SMGR.JK', '9185', '2025-01-20 18:29:08'),
    ('SMGR.JK', '9784', '2025-04-21 12:41:16'),
    ('SMGR.JK', '3809', '2025-02-18 22:07:34'),
    ('SMGR.JK', '2552', '2025-04-27 11:35:00'),
    ('SMGR.JK', '6314', '2025-05-03 12:05:08'),
    ('SMGR.JK', '7366', '2025-05-12 15:14:43'),
    ('SMGR.JK', '3177', '2025-03-06 11:26:56'),
    ('SMGR.JK', '3872', '2025-05-04 08:57:42'),
    ('SMGR.JK', '6209', '2025-05-10 09:30:43'),
    ('SMGR.JK', '8899', '2025-01-14 02:38:08'),
    ('SMGR.JK', '6490', '2025-01-04 10:14:57'),
    ('SMGR.JK', '8354', '2025-03-16 05:58:47'),
    ('SMGR.JK', '9372', '2025-05-05 09:22:29'),
    ('SMGR.JK', '4808', '2025-04-08 18:06:26'),
    ('SMGR.JK', '1217', '2025-02-15 04:01:19'),
    ('SMGR.JK', '1347', '2025-04-30 16:23:34'),
    ('SMGR.JK', '3032', '2025-03-01 23:20:20'),
    ('SMGR.JK', '4873', '2025-05-24 06:55:30'),
    ('SMGR.JK', '8020', '2025-02-17 07:00:19'),
    ('SMGR.JK', '2300', '2025-01-12 15:15:41'),
    ('SMGR.JK', '3253', '2025-03-14 17:24:23'),
    ('SMGR.JK', '9171', '2025-02-27 14:19:29'),
    ('SMGR.JK', '4309', '2025-01-30 10:50:10'),
    ('SMGR.JK', '7156', '2025-02-09 16:30:16'),
    ('SMGR.JK', '1621', '2025-02-16 05:27:30'),
    ('SMGR.JK', '8270', '2025-05-24 13:10:51'),
    ('SMGR.JK', '6385', '2025-01-27 01:43:46'),
    ('SMGR.JK', '5556', '2025-03-03 15:50:14'),
    ('SMGR.JK', '1648', '2025-04-12 03:26:36'),
    ('SMGR.JK', '7797', '2025-05-06 20:06:54'),
    ('SMGR.JK', '5726', '2025-01-05 14:25:08'),
    ('SMGR.JK', '4752', '2025-05-23 07:26:10'),
    ('SMGR.JK', '6427', '2025-03-08 13:13:48'),
    ('SMGR.JK', '4969', '2025-02-09 23:10:43'),
    ('SMGR.JK', '9836', '2025-01-11 12:00:10'),
    ('SMGR.JK', '5068', '2025-05-14 11:16:56'),
    ('SMGR.JK', '4644', '2025-04-29 01:46:47'),
    ('SMGR.JK', '7250', '2025-04-12 06:14:07'),
    ('SMGR.JK', '6269', '2025-02-05 15:23:02'),
    ('SMGR.JK', '8247', '2025-05-03 06:59:57'),
    ('SMGR.JK', '1099', '2025-01-13 13:08:11'),
    ('SMGR.JK', '9055', '2025-01-14 14:09:12'),
    ('SMGR.JK', '4153', '2025-01-11 02:50:08'),
    ('SMGR.JK', '3318', '2025-02-09 15:44:03'),
    ('SMGR.JK', '3057', '2025-01-18 19:37:47'),
    ('SMGR.JK', '3845', '2025-04-26 01:51:32'),
    ('SMGR.JK', '9992', '2025-02-09 16:26:55'),
    ('SMGR.JK', '4871', '2025-04-09 12:46:11'),
    ('SMGR.JK', '2280', '2025-03-24 18:25:17'),
    ('SMGR.JK', '8652', '2025-03-02 11:31:21'),
    ('SMGR.JK', '3689', '2025-05-21 03:14:36'),
    ('SMGR.JK', '4236', '2025-02-17 13:25:58'),
    ('SMGR.JK', '7947', '2025-02-04 06:14:56'),
    ('SMGR.JK', '5079', '2025-02-28 20:33:06'),
    ('SMGR.JK', '5675', '2025-04-22 22:19:13'),
    ('SMGR.JK', '8344', '2025-05-04 10:07:41'),
    ('SMGR.JK', '4299', '2025-02-22 18:57:47'),
    ('SMGR.JK', '8883', '2025-01-16 12:54:05'),
    ('SMGR.JK', '6891', '2025-03-19 07:57:13'),
    ('SMGR.JK', '7188', '2025-02-02 13:50:47'),
    ('SMGR.JK', '8712', '2025-03-27 16:57:41'),
    ('SMGR.JK', '7925', '2025-04-09 02:50:02'),
    ('SMGR.JK', '8101', '2025-01-31 06:26:46'),
    ('SMGR.JK', '8897', '2025-01-04 20:19:34'),
    ('SMGR.JK', '7249', '2025-03-24 23:48:56'),
    ('SMGR.JK', '2363', '2025-02-28 07:10:49'),
    ('SMGR.JK', '9801', '2025-01-30 16:05:36'),
    ('SMGR.JK', '3878', '2025-02-19 23:03:58'),
    ('SMGR.JK', '7233', '2025-04-01 00:46:16'),
    ('SMGR.JK', '6011', '2025-03-30 01:56:37'),
    ('SMGR.JK', '5640', '2025-03-14 20:18:40'),
    ('SMGR.JK', '8878', '2025-01-14 23:15:47'),
    ('SMGR.JK', '6459', '2025-01-27 12:51:53'),
    ('SMGR.JK', '8688', '2025-02-08 00:06:05'),
    ('SMGR.JK', '3535', '2025-02-06 19:43:13'),
    ('SMGR.JK', '1068', '2025-01-03 11:48:43'),
    ('SMGR.JK', '9203', '2025-05-22 19:45:52'),
    ('SMGR.JK', '7131', '2025-04-06 10:20:25'),
    ('SMGR.JK', '7628', '2025-03-22 17:51:44'),
    ('SMGR.JK', '7465', '2025-05-25 02:52:28'),
    ('SMGR.JK', '7113', '2025-03-16 13:44:38'),
    ('SMGR.JK', '9020', '2025-03-01 18:30:08'),
    ('SMGR.JK', '2167', '2025-03-21 09:05:17'),
    ('SMGR.JK', '1636', '2025-01-25 04:06:26'),
    ('SMGR.JK', '7304', '2025-04-20 19:55:37'),
    ('SMGR.JK', '3660', '2025-02-07 17:10:08'),
    ('SMGR.JK', '8148', '2025-02-19 13:35:25'),
    ('SMGR.JK', '6711', '2025-04-09 22:56:49'),
    ('SMGR.JK', '9005', '2025-05-04 07:13:12'),
    ('SMGR.JK', '7032', '2025-05-16 05:43:02'),
    ('SMGR.JK', '1945', '2025-05-07 09:26:36'),
    ('SMGR.JK', '7313', '2025-03-24 08:10:16'),
    ('SMGR.JK', '5043', '2025-02-17 01:26:46'),
    ('SMGR.JK', '8827', '2025-01-07 16:49:00'),
    ('SMGR.JK', '6921', '2025-05-03 12:27:09'),
    ('SMGR.JK', '1462', '2025-05-16 10:27:08'),
    ('SMGR.JK', '3422', '2025-02-20 17:53:21'),
    ('SMGR.JK', '8462', '2025-05-13 05:59:59'),
    ('SMGR.JK', '3414', '2025-02-19 09:04:05'),
    ('SMGR.JK', '5053', '2025-04-27 22:13:09'),
    ('SMGR.JK', '3644', '2025-01-03 09:29:47'),
    ('SMGR.JK', '2912', '2025-01-18 22:10:34'),
    ('SMGR.JK', '7297', '2025-03-19 05:15:43'),
    ('SMGR.JK', '2316', '2025-04-11 16:33:27'),
    ('SMGR.JK', '4093', '2025-03-24 03:03:57'),
    ('SMGR.JK', '3716', '2025-03-24 21:21:54'),
    ('SMGR.JK', '5143', '2025-05-15 08:11:35'),
    ('SMGR.JK', '5951', '2025-04-08 05:10:59'),
    ('SMGR.JK', '9735', '2025-05-08 20:46:02'),
    ('SMGR.JK', '7271', '2025-04-24 19:19:46'),
    ('SMGR.JK', '6045', '2025-05-23 12:22:39'),
    ('SMGR.JK', '7743', '2025-05-22 07:06:16'),
    ('SMGR.JK', '2456', '2025-01-22 05:15:14'),
    ('SMGR.JK', '6642', '2025-01-28 17:05:34'),
    ('SMGR.JK', '5407', '2025-02-10 16:27:35'),
    ('SMGR.JK', '7520', '2025-05-16 17:37:04'),
    ('SMGR.JK', '6047', '2025-01-02 05:55:14'),
    ('SMGR.JK', '3759', '2025-04-06 11:35:47'),
    ('SMGR.JK', '1025', '2025-01-19 19:27:00'),
    ('SMGR.JK', '2144', '2025-05-16 05:04:15'),
    ('SMGR.JK', '7845', '2025-04-12 22:30:00'),
    ('SMGR.JK', '7829', '2025-05-08 02:17:23'),
    ('SMGR.JK', '5724', '2025-05-23 08:13:27'),
    ('SMGR.JK', '8060', '2025-02-03 03:12:47'),
    ('SMGR.JK', '3890', '2025-03-14 18:00:07'),
    ('SMGR.JK', '4053', '2025-05-17 17:05:51'),
    ('SMGR.JK', '3200', '2025-02-08 10:50:33'),
    ('SMGR.JK', '8970', '2025-02-05 08:06:30'),
    ('SMGR.JK', '9234', '2025-01-22 09:44:50'),
    ('SMGR.JK', '8383', '2025-04-21 02:50:27'),
    ('SMGR.JK', '4482', '2025-02-06 01:08:09'),
    ('SMGR.JK', '4292', '2025-01-12 10:52:34'),
    ('SMGR.JK', '3993', '2025-02-07 06:14:53'),
    ('SMGR.JK', '5249', '2025-03-21 09:06:38'),
    ('SMGR.JK', '8220', '2025-05-02 17:16:26'),
    ('SMGR.JK', '2789', '2025-05-04 13:59:44'),
    ('SMGR.JK', '3721', '2025-01-16 11:56:26'),
    ('SMGR.JK', '5802', '2025-01-17 15:25:25'),
    ('SMGR.JK', '7188', '2025-01-25 05:03:29'),
    ('SMGR.JK', '5534', '2025-01-13 11:29:04'),
    ('SMGR.JK', '6605', '2025-01-06 18:15:23'),
    ('SMGR.JK', '4846', '2025-04-03 19:09:43'),
    ('SMGR.JK', '8949', '2025-05-11 15:29:47'),
    ('SMGR.JK', '2651', '2025-01-02 20:18:13'),
    ('SMGR.JK', '2000', '2025-02-21 16:01:34'),
    ('SMGR.JK', '1118', '2025-05-10 04:37:35'),
    ('SMGR.JK', '1685', '2025-01-19 19:18:56'),
    ('SMGR.JK', '4458', '2025-04-12 10:15:19'),
    ('SMGR.JK', '1118', '2025-03-14 22:43:46'),
    ('SMGR.JK', '9520', '2025-02-21 14:53:04'),
    ('SMGR.JK', '8961', '2025-04-02 21:25:11'),
    ('SMGR.JK', '6521', '2025-04-28 08:34:32'),
    ('SMGR.JK', '8036', '2025-03-07 08:26:15'),
    ('SMGR.JK', '7074', '2025-05-13 09:41:52'),
    ('SMGR.JK', '6620', '2025-03-03 05:02:57'),
    ('SMGR.JK', '4925', '2025-03-12 03:21:48'),
    ('SMGR.JK', '7528', '2025-03-15 11:38:17'),
    ('SMGR.JK', '1937', '2025-03-11 03:12:59'),
    ('SMGR.JK', '6410', '2025-01-20 10:51:37'),
    ('SMGR.JK', '1050', '2025-03-30 17:23:53'),
    ('SMGR.JK', '7583', '2025-05-21 19:46:15'),
    ('SMGR.JK', '3275', '2025-01-05 23:40:46'),
    ('SMGR.JK', '3013', '2025-04-14 00:54:43'),
    ('SMGR.JK', '5578', '2025-05-16 18:48:33'),
    ('SMGR.JK', '5072', '2025-03-13 13:00:27'),
    ('SMGR.JK', '8404', '2025-05-01 01:43:39'),
    ('SMGR.JK', '8785', '2025-04-10 23:40:23'),
    ('SMGR.JK', '7768', '2025-05-09 04:53:14'),
    ('SMGR.JK', '4079', '2025-01-01 14:34:57'),
    ('SMGR.JK', '6278', '2025-01-04 05:30:10'),
    ('SMGR.JK', '6901', '2025-01-09 21:13:49'),
    ('SMGR.JK', '6333', '2025-05-12 15:22:48'),
    ('SMGR.JK', '8279', '2025-02-15 08:27:43'),
    ('SMGR.JK', '8938', '2025-03-19 16:54:17'),
    ('SMGR.JK', '2333', '2025-03-09 15:21:14'),
    ('SMGR.JK', '8010', '2025-04-03 10:53:20'),
    ('SMGR.JK', '2645', '2025-05-23 13:58:56'),
    ('SMGR.JK', '7305', '2025-02-27 01:30:02'),
    ('SMGR.JK', '4196', '2025-05-19 05:53:24'),
    ('SMGR.JK', '3345', '2025-04-11 23:37:45'),
    ('SMGR.JK', '9267', '2025-01-07 03:56:45'),
    ('SMGR.JK', '3094', '2025-04-07 16:29:56'),
    ('SMGR.JK', '2426', '2025-02-28 12:23:05'),
    ('SMGR.JK', '9990', '2025-04-01 15:27:35'),
    ('SMGR.JK', '3753', '2025-03-28 15:50:48'),
    ('SMGR.JK', '2895', '2025-04-04 15:04:05'),
    ('SMGR.JK', '9858', '2025-02-16 18:40:58'),
    ('SMGR.JK', '4987', '2025-02-11 02:19:03'),
    ('SMGR.JK', '3792', '2025-05-09 02:38:06'),
    ('SMGR.JK', '2465', '2025-01-21 11:31:27'),
    ('SMGR.JK', '8125', '2025-05-19 23:42:26'),
    ('SMGR.JK', '1478', '2025-02-01 02:45:01'),
    ('SMGR.JK', '6349', '2025-03-16 11:11:31'),
    ('SMGR.JK', '5593', '2025-02-12 19:01:36'),
    ('SMGR.JK', '5220', '2025-05-10 07:28:16'),
    ('SMGR.JK', '8803', '2025-05-11 05:13:42'),
    ('SMGR.JK', '3016', '2025-05-10 05:20:40'),
    ('SMGR.JK', '3224', '2025-04-14 19:09:08'),
    ('SMGR.JK', '9060', '2025-01-18 13:29:20'),
    ('SMGR.JK', '6452', '2025-02-13 11:00:45'),
    ('SMGR.JK', '2059', '2025-05-06 01:11:41'),
    ('SMGR.JK', '6623', '2025-03-15 04:59:43'),
    ('SMGR.JK', '7252', '2025-05-07 23:29:11'),
    ('SMGR.JK', '8159', '2025-02-15 07:34:16'),
    ('TINS.JK', '4662', '2025-02-20 07:27:55'),
    ('TINS.JK', '2895', '2025-02-26 12:02:55'),
    ('TINS.JK', '2436', '2025-01-22 15:04:48'),
    ('TINS.JK', '2460', '2025-03-08 01:37:23'),
    ('TINS.JK', '4082', '2025-05-25 14:10:12'),
    ('TINS.JK', '2902', '2025-04-22 05:37:23'),
    ('TINS.JK', '7025', '2025-01-25 17:48:30'),
    ('TINS.JK', '6134', '2025-03-15 19:50:15'),
    ('TINS.JK', '1027', '2025-03-02 08:25:40'),
    ('TINS.JK', '2013', '2025-04-25 13:52:40'),
    ('TINS.JK', '9775', '2025-02-06 20:48:03'),
    ('TINS.JK', '7359', '2025-03-24 06:34:41'),
    ('TINS.JK', '6237', '2025-03-12 21:08:03'),
    ('TINS.JK', '3069', '2025-04-11 22:13:01'),
    ('TINS.JK', '4639', '2025-01-21 16:43:35'),
    ('TINS.JK', '7476', '2025-01-02 18:49:17'),
    ('TINS.JK', '9819', '2025-03-31 10:33:52'),
    ('TINS.JK', '6176', '2025-01-29 02:21:16'),
    ('TINS.JK', '5863', '2025-02-12 12:10:03'),
    ('TINS.JK', '9189', '2025-05-13 00:56:26'),
    ('TINS.JK', '8467', '2025-01-29 15:03:07'),
    ('TINS.JK', '5643', '2025-01-29 07:48:24'),
    ('TINS.JK', '1562', '2025-04-27 06:59:04'),
    ('TINS.JK', '6245', '2025-03-01 23:32:18'),
    ('TINS.JK', '9230', '2025-05-14 17:06:30'),
    ('TINS.JK', '3022', '2025-02-23 02:22:52'),
    ('TINS.JK', '8836', '2025-05-03 13:01:56'),
    ('TINS.JK', '4534', '2025-04-07 02:59:10'),
    ('TINS.JK', '5775', '2025-05-17 17:31:56'),
    ('TINS.JK', '7171', '2025-01-12 10:05:11'),
    ('TINS.JK', '6458', '2025-01-30 15:38:38'),
    ('TINS.JK', '4450', '2025-05-23 06:26:03'),
    ('TINS.JK', '4687', '2025-05-17 00:08:06'),
    ('TINS.JK', '1861', '2025-02-04 18:17:41'),
    ('TINS.JK', '8987', '2025-05-22 05:54:30'),
    ('TINS.JK', '7419', '2025-02-28 01:54:55'),
    ('TINS.JK', '3608', '2025-01-05 04:30:14'),
    ('TINS.JK', '9977', '2025-03-18 04:10:59'),
    ('TINS.JK', '6528', '2025-03-24 00:42:04'),
    ('TINS.JK', '8756', '2025-03-09 15:13:44'),
    ('TINS.JK', '7412', '2025-03-17 22:29:10'),
    ('TINS.JK', '2176', '2025-04-13 11:56:00'),
    ('TINS.JK', '5637', '2025-02-24 19:54:43'),
    ('TINS.JK', '4196', '2025-05-17 03:24:11'),
    ('TINS.JK', '9978', '2025-03-18 11:06:45'),
    ('TINS.JK', '2594', '2025-01-26 10:02:29'),
    ('TINS.JK', '6298', '2025-04-23 16:47:02'),
    ('TINS.JK', '1886', '2025-05-18 18:55:03'),
    ('TINS.JK', '5981', '2025-03-30 20:15:21'),
    ('TINS.JK', '3681', '2025-04-23 01:44:54'),
    ('TINS.JK', '3253', '2025-03-27 19:19:38'),
    ('TINS.JK', '8904', '2025-02-26 12:32:18'),
    ('TINS.JK', '3372', '2025-02-10 17:34:55'),
    ('TINS.JK', '4573', '2025-02-07 23:49:07'),
    ('TINS.JK', '1149', '2025-03-12 08:05:40'),
    ('TINS.JK', '2670', '2025-05-12 17:11:24'),
    ('TINS.JK', '3418', '2025-03-15 02:52:37'),
    ('TINS.JK', '7997', '2025-05-12 22:26:39'),
    ('TINS.JK', '3756', '2025-01-11 22:31:25'),
    ('TINS.JK', '2573', '2025-03-11 01:08:27'),
    ('TINS.JK', '8763', '2025-02-04 21:08:59'),
    ('TINS.JK', '1859', '2025-01-23 18:52:33'),
    ('TINS.JK', '9444', '2025-05-07 05:40:31'),
    ('TINS.JK', '6545', '2025-04-26 05:24:32'),
    ('TINS.JK', '8107', '2025-01-29 20:22:42'),
    ('TINS.JK', '7619', '2025-02-17 13:47:14'),
    ('TINS.JK', '1556', '2025-01-24 01:39:35'),
    ('TINS.JK', '4946', '2025-03-19 00:29:55'),
    ('TINS.JK', '9005', '2025-02-28 18:38:08'),
    ('TINS.JK', '3826', '2025-05-07 18:15:15'),
    ('TINS.JK', '7150', '2025-05-15 07:59:51'),
    ('TINS.JK', '2468', '2025-04-01 00:52:35'),
    ('TINS.JK', '7260', '2025-02-23 10:35:58'),
    ('TINS.JK', '8292', '2025-03-13 07:50:58'),
    ('TINS.JK', '1190', '2025-01-24 07:14:32'),
    ('TINS.JK', '2910', '2025-01-17 01:06:58'),
    ('TINS.JK', '2999', '2025-04-05 23:55:23'),
    ('TINS.JK', '9351', '2025-02-13 16:16:23'),
    ('TINS.JK', '1377', '2025-04-24 22:55:17'),
    ('TINS.JK', '8856', '2025-02-23 03:39:00'),
    ('TINS.JK', '2549', '2025-04-26 03:00:59'),
    ('TINS.JK', '3967', '2025-03-16 13:22:57'),
    ('TINS.JK', '8932', '2025-05-06 04:02:17'),
    ('TINS.JK', '8105', '2025-02-27 22:28:26'),
    ('TINS.JK', '3051', '2025-01-20 07:25:47'),
    ('TINS.JK', '6328', '2025-01-13 07:55:24'),
    ('TINS.JK', '9806', '2025-02-05 21:38:56'),
    ('TINS.JK', '7640', '2025-05-17 01:41:38'),
    ('TINS.JK', '1323', '2025-03-18 11:13:29'),
    ('TINS.JK', '9788', '2025-04-13 22:23:15'),
    ('TINS.JK', '9004', '2025-01-13 09:56:35'),
    ('TINS.JK', '9501', '2025-04-24 12:59:59'),
    ('TINS.JK', '9830', '2025-05-19 14:18:43'),
    ('TINS.JK', '3033', '2025-02-10 06:51:04'),
    ('TINS.JK', '2922', '2025-02-05 01:57:21'),
    ('TINS.JK', '3948', '2025-01-02 00:48:41'),
    ('TINS.JK', '8327', '2025-03-03 00:43:33'),
    ('TINS.JK', '3015', '2025-01-08 14:25:13'),
    ('TINS.JK', '3110', '2025-04-22 16:04:18'),
    ('TINS.JK', '4378', '2025-05-07 17:31:30'),
    ('TINS.JK', '3641', '2025-01-18 01:16:30'),
    ('TINS.JK', '5206', '2025-01-07 19:08:11'),
    ('TINS.JK', '2386', '2025-01-25 05:13:26'),
    ('TINS.JK', '9292', '2025-02-27 23:28:26'),
    ('TINS.JK', '6956', '2025-04-16 17:12:51'),
    ('TINS.JK', '3811', '2025-03-24 03:33:43'),
    ('TINS.JK', '1001', '2025-02-18 05:20:04'),
    ('TINS.JK', '5925', '2025-01-09 23:09:01'),
    ('TINS.JK', '9510', '2025-02-26 23:19:41'),
    ('TINS.JK', '9750', '2025-03-28 09:28:43'),
    ('TINS.JK', '3291', '2025-04-23 01:20:52'),
    ('TINS.JK', '9035', '2025-05-15 23:24:27'),
    ('TINS.JK', '6127', '2025-04-12 11:48:04'),
    ('TINS.JK', '6769', '2025-04-28 16:58:00'),
    ('TINS.JK', '9818', '2025-04-10 03:31:24'),
    ('TINS.JK', '4438', '2025-05-14 13:59:15'),
    ('TINS.JK', '2622', '2025-05-09 16:01:08'),
    ('TINS.JK', '1732', '2025-02-16 00:58:03'),
    ('TINS.JK', '1601', '2025-02-06 12:29:12'),
    ('TINS.JK', '3321', '2025-02-28 04:44:46'),
    ('TINS.JK', '4526', '2025-01-27 01:27:16'),
    ('TINS.JK', '4539', '2025-04-25 21:54:33'),
    ('TINS.JK', '6882', '2025-02-23 20:45:27'),
    ('TINS.JK', '3105', '2025-05-22 13:52:22'),
    ('TINS.JK', '7914', '2025-01-15 10:32:28'),
    ('TINS.JK', '5177', '2025-02-20 14:49:51'),
    ('TINS.JK', '7255', '2025-05-07 04:08:33'),
    ('TINS.JK', '3675', '2025-03-19 16:24:42'),
    ('TINS.JK', '8472', '2025-01-17 03:59:31'),
    ('TINS.JK', '5164', '2025-05-12 08:50:17'),
    ('TINS.JK', '7968', '2025-05-15 20:40:34'),
    ('TINS.JK', '3346', '2025-04-15 01:29:42'),
    ('TINS.JK', '4338', '2025-01-14 16:49:27'),
    ('TINS.JK', '5413', '2025-05-03 22:33:08'),
    ('TINS.JK', '4156', '2025-05-19 17:33:17'),
    ('TINS.JK', '7097', '2025-04-20 10:45:46'),
    ('TINS.JK', '9379', '2025-04-28 11:14:47'),
    ('TINS.JK', '3687', '2025-03-23 11:52:50'),
    ('TINS.JK', '3514', '2025-03-03 10:20:45'),
    ('TINS.JK', '8104', '2025-03-15 13:59:50'),
    ('TINS.JK', '1424', '2025-04-28 05:00:49'),
    ('TINS.JK', '5055', '2025-01-16 01:17:26'),
    ('TINS.JK', '5425', '2025-01-25 04:46:37'),
    ('TINS.JK', '9707', '2025-01-22 08:35:28'),
    ('TINS.JK', '9984', '2025-03-20 23:44:17'),
    ('TINS.JK', '2080', '2025-03-05 22:55:02'),
    ('TINS.JK', '2457', '2025-03-12 10:51:40'),
    ('TINS.JK', '6464', '2025-02-23 01:27:04'),
    ('TINS.JK', '3397', '2025-02-13 20:08:36'),
    ('TINS.JK', '5483', '2025-01-02 21:57:59'),
    ('TINS.JK', '2604', '2025-03-15 05:40:27'),
    ('TINS.JK', '4640', '2025-03-15 12:33:16'),
    ('TINS.JK', '2720', '2025-01-24 23:34:04'),
    ('TINS.JK', '3879', '2025-04-13 05:33:16'),
    ('TINS.JK', '6022', '2025-04-25 08:07:58'),
    ('TINS.JK', '9021', '2025-01-19 13:15:04'),
    ('TINS.JK', '9666', '2025-03-09 17:59:34'),
    ('TINS.JK', '5620', '2025-04-18 02:22:23'),
    ('TINS.JK', '5440', '2025-04-28 23:00:04'),
    ('TINS.JK', '2623', '2025-01-10 07:31:30'),
    ('TINS.JK', '3797', '2025-03-03 17:58:14'),
    ('TINS.JK', '7382', '2025-02-05 01:59:41'),
    ('TINS.JK', '6655', '2025-05-24 22:41:42'),
    ('TINS.JK', '9711', '2025-04-18 02:58:35'),
    ('TINS.JK', '7597', '2025-04-03 14:20:14'),
    ('TINS.JK', '3090', '2025-02-20 07:18:42'),
    ('TINS.JK', '1155', '2025-05-14 08:03:35'),
    ('TINS.JK', '9414', '2025-05-19 11:51:30'),
    ('TINS.JK', '3547', '2025-05-08 16:27:55'),
    ('TINS.JK', '3070', '2025-01-28 16:53:27'),
    ('TINS.JK', '7206', '2025-04-21 05:01:29'),
    ('TINS.JK', '5380', '2025-01-11 06:22:01'),
    ('TINS.JK', '7064', '2025-05-18 09:12:00'),
    ('TINS.JK', '5081', '2025-05-12 16:42:43'),
    ('TINS.JK', '7852', '2025-05-18 05:51:54'),
    ('TINS.JK', '8500', '2025-02-05 13:19:44'),
    ('TINS.JK', '8191', '2025-03-10 17:45:58'),
    ('TINS.JK', '8678', '2025-04-08 12:33:28'),
    ('TINS.JK', '5699', '2025-02-23 13:25:41'),
    ('TINS.JK', '8008', '2025-04-12 02:08:49'),
    ('TINS.JK', '4748', '2025-03-01 06:16:35'),
    ('TINS.JK', '2424', '2025-03-01 08:29:09'),
    ('TINS.JK', '7660', '2025-03-02 17:27:34'),
    ('TINS.JK', '2476', '2025-05-04 05:48:27'),
    ('TINS.JK', '2302', '2025-01-15 21:24:58'),
    ('TINS.JK', '4932', '2025-01-19 04:21:51'),
    ('TINS.JK', '3705', '2025-04-22 17:10:12'),
    ('TINS.JK', '1940', '2025-01-17 10:11:42'),
    ('TINS.JK', '5683', '2025-04-18 14:34:18'),
    ('TINS.JK', '9074', '2025-01-03 01:50:26'),
    ('TINS.JK', '7946', '2025-05-12 11:12:09'),
    ('TINS.JK', '9334', '2025-05-22 21:45:45'),
    ('TINS.JK', '3235', '2025-04-04 03:21:31'),
    ('TINS.JK', '9156', '2025-04-11 00:07:38'),
    ('TINS.JK', '9722', '2025-05-16 12:21:56'),
    ('TINS.JK', '3042', '2025-03-20 17:38:02'),
    ('TINS.JK', '1227', '2025-04-30 16:06:13'),
    ('TINS.JK', '4115', '2025-05-25 20:13:35'),
    ('TINS.JK', '1119', '2025-05-19 16:13:37'),
    ('TINS.JK', '7962', '2025-05-17 10:18:52'),
    ('TINS.JK', '9754', '2025-03-09 00:05:56'),
    ('TINS.JK', '5001', '2025-05-24 11:54:39'),
    ('TINS.JK', '9652', '2025-05-13 20:02:06'),
    ('TINS.JK', '1693', '2025-04-28 22:33:57'),
    ('TINS.JK', '8350', '2025-02-02 17:25:03'),
    ('TINS.JK', '9577', '2025-02-13 16:53:44'),
    ('TINS.JK', '3864', '2025-01-15 14:05:44'),
    ('TINS.JK', '7013', '2025-01-26 21:18:38'),
    ('TINS.JK', '9416', '2025-03-10 14:27:28'),
    ('TINS.JK', '1834', '2025-03-24 02:01:42'),
    ('TINS.JK', '9118', '2025-03-15 14:42:34'),
    ('TINS.JK', '3793', '2025-03-14 11:37:41'),
    ('TINS.JK', '2855', '2025-03-07 15:00:04'),
    ('TINS.JK', '5092', '2025-04-15 16:28:46'),
    ('TINS.JK', '2931', '2025-02-26 07:47:58'),
    ('TINS.JK', '5901', '2025-04-04 19:31:27'),
    ('TINS.JK', '5809', '2025-02-21 09:49:41'),
    ('TINS.JK', '4490', '2025-01-01 10:24:45'),
    ('TINS.JK', '7449', '2025-02-12 05:27:06'),
    ('TINS.JK', '5994', '2025-05-05 20:28:27'),
    ('TINS.JK', '9446', '2025-01-07 21:06:42'),
    ('TINS.JK', '8586', '2025-04-30 22:55:03'),
    ('TINS.JK', '8999', '2025-01-12 03:57:15'),
    ('TINS.JK', '6828', '2025-01-02 03:27:16'),
    ('TINS.JK', '8542', '2025-03-05 19:09:44'),
    ('TINS.JK', '5888', '2025-03-10 17:15:35'),
    ('TINS.JK', '2755', '2025-01-02 00:01:16'),
    ('TINS.JK', '6729', '2025-05-21 06:47:04'),
    ('TINS.JK', '4050', '2025-03-20 01:46:23'),
    ('TINS.JK', '6808', '2025-01-02 17:18:28'),
    ('TINS.JK', '2660', '2025-03-25 15:41:28'),
    ('TINS.JK', '9061', '2025-02-08 08:37:25'),
    ('TINS.JK', '2388', '2025-04-13 17:46:07'),
    ('TINS.JK', '9426', '2025-01-30 20:20:37'),
    ('TINS.JK', '7729', '2025-01-25 01:08:54'),
    ('TINS.JK', '8985', '2025-01-02 08:12:18'),
    ('TINS.JK', '3549', '2025-05-08 12:08:01'),
    ('TINS.JK', '5098', '2025-02-13 21:40:48');
CREATE TABLE stock_daily_price (
    ticker VARCHAR(100),
    date DATE,
    open DOUBLE,
    close DOUBLE,
    highest DOUBLE,
    lowest DOUBLE,
    PRIMARY KEY (ticker, date)
,
    FOREIGN KEY (ticker) REFERENCES stocks(ticker) ON DELETE CASCADE ON UPDATE CASCADE  
);
INSERT INTO stock_daily_price (ticker, date, open, close, highest, lowest) VALUES
    ('BBCA.JK', '2024-05-27', '8977.611328125', '8977.611328125', '9050.011419480847', '8953.477964339718'),
    ('BBCA.JK', '2024-05-28', '8977.611328125', '8977.611328125', '9074.144783266129', '8977.611328125'),
    ('BBCA.JK', '2024-05-29', '8953.479337431694', '8832.8125', '9001.746072404372', '8832.8125'),
    ('BBCA.JK', '2024-05-30', '8688.01171875', '8688.01171875', '8929.345377604166', '8470.81142578125'),
    ('BBCA.JK', '2024-05-31', '8784.544541807432', '8929.3447265625', '8929.3447265625', '8712.1444494299'),
    ('BBCA.JK', '2024-06-03', '9025.878611438678', '8953.478515625', '9025.878611438678', '8905.211785082547'),
    ('BBCA.JK', '2024-06-04', '9194.812468666443', '9025.87890625', '9194.812468666443', '9025.87890625'),
    ('BBCA.JK', '2024-06-05', '9170.678840112434', '9122.412109375', '9170.678840112434', '8977.611917162698'),
    ('BBCA.JK', '2024-06-06', '9194.812631410785', '9146.5458984375', '9194.812631410785', '9122.412531950857'),
    ('BBCA.JK', '2024-06-07', '9170.67867166555', '9001.7451171875', '9170.67867166555', '9001.7451171875'),
    ('BBCA.JK', '2024-06-10', '9170.679133858268', '9194.8125', '9194.8125', '9122.412401574804'),
    ('BBCA.JK', '2024-06-11', '9218.944965977822', '8977.611328125', '9218.944965977822', '8977.611328125'),
    ('BBCA.JK', '2024-06-12', '8977.611454814189', '8929.3447265625', '9001.744818940033', '8929.3447265625'),
    ('BBCA.JK', '2024-06-13', '9146.545134171196', '8881.078125', '9146.545134171196', '8881.078125'),
    ('BBCA.JK', '2024-06-14', '8881.078125', '8881.078125', '8929.344853940218', '8784.544667119566'),
    ('BBCA.JK', '2024-06-19', '8929.345244518301', '8736.2783203125', '8929.345244518301', '8736.2783203125'),
    ('BBCA.JK', '2024-06-20', '8832.811313619031', '9098.2783203125', '9098.2783203125', '8784.54458512931'),
    ('BBCA.JK', '2024-06-21', '9146.546056111654', '9267.212890625', '9339.612991333008', '9074.145955403646'),
    ('BBCA.JK', '2024-06-24', '9267.212890625', '9267.212890625', '9412.013092041016', '9243.07952372233'),
    ('BBCA.JK', '2024-06-25', '9267.212890625', '9267.212890625', '9267.212890625', '9122.412689208984'),
    ('BBCA.JK', '2024-06-26', '9194.812075966283', '9170.6787109375', '9315.478901110197', '9122.411980879933'),
    ('BBCA.JK', '2024-06-27', '9243.078175080127', '9412.01171875', '9412.01171875', '9218.944811698717'),
    ('BBCA.JK', '2024-06-28', '9460.279459225441', '9580.9462890625', '9629.213020997324', '9436.146093258028'),
    ('BBCA.JK', '2024-07-01', '9508.546321202532', '9532.6796875', '9556.813053797468', '9484.412954905063'),
    ('BBCA.JK', '2024-07-02', '9653.34595959596', '9556.8125', '9653.34595959596', '9508.54577020202'),
    ('BBCA.JK', '2024-07-03', '9629.21331298828', '9653.3466796875', '9653.3466796875', '9580.946579589843'),
    ('BBCA.JK', '2024-07-04', '9629.212294250954', '9484.412109375', '9653.345658396947', '9484.412109375'),
    ('BBCA.JK', '2024-07-05', '9580.94573698571', '9605.0791015625', '9629.21246613929', '9532.67900783213'),
    ('BBCA.JK', '2024-07-08', '9653.346548507463', '9701.61328125', '9701.61328125', '9605.079815764926'),
    ('BBCA.JK', '2024-07-09', '9749.879458746898', '9725.74609375', '9798.146188740695', '9725.74609375'),
    ('BBCA.JK', '2024-07-10', '9822.279980952197', '9749.8798828125', '9870.546713045327', '9701.61315071937'),
    ('BBCA.JK', '2024-07-11', '9653.345998759305', '9725.74609375', '9774.012823743797', '9653.345998759305'),
    ('BBCA.JK', '2024-07-12', '9701.612728753102', '9725.74609375', '9749.879458746898', '9677.479363756203'),
    ('BBCA.JK', '2024-07-15', '9701.61328125', '9701.61328125', '9725.746647621268', '9605.079815764926'),
    ('BBCA.JK', '2024-07-16', '9629.21246613929', '9605.0791015625', '9677.47919529287', '9605.0791015625'),
    ('BBCA.JK', '2024-07-17', '9556.81275908801', '9460.279296875', '9605.079490194516', '9460.279296875'),
    ('BBCA.JK', '2024-07-18', '9460.279490253713', '9749.8798828125', '9749.8798828125', '9460.279490253713'),
    ('BBCA.JK', '2024-07-19', '9701.613570601852', '9774.013671875', '9774.013671875', '9629.213469328703'),
    ('BBCA.JK', '2024-07-22', '9774.013248859066', '9749.8798828125', '9798.14661490563', '9749.8798828125'),
    ('BBCA.JK', '2024-07-23', '9846.413640202702', '9822.2802734375', '9846.413640202702', '9774.013539907095'),
    ('BBCA.JK', '2024-07-24', '9774.012823743797', '9725.74609375', '9822.279553737593', '9725.74609375'),
    ('BBCA.JK', '2024-07-25', '9870.546194724666', '9942.9462890625', '9942.9462890625', '9846.412829945388'),
    ('BBCA.JK', '2024-07-26', '10015.346809738196', '9967.080078125', '10039.480175544793', '9942.946712318402'),
    ('BBCA.JK', '2024-07-29', '10039.479878048782', '9894.6796875', '10063.613243140244', '9822.27959222561'),
    ('BBCA.JK', '2024-07-30', '9942.947107263513', '9822.2802734375', '9942.947107263513', '9822.2802734375'),
    ('BBCA.JK', '2024-07-31', '9991.212591240876', '9918.8125', '9991.212591240876', '9870.545772506082'),
    ('BBCA.JK', '2024-08-01', '9846.41312123494', '10015.3466796875', '10015.3466796875', '9846.41312123494'),
    ('BBCA.JK', '2024-08-02', '9918.813182157628', '9846.4130859375', '9991.213278377758', '9846.4130859375'),
    ('BBCA.JK', '2024-08-05', '9653.34651898734', '9532.6796875', '9798.146716772151', '9532.6796875'),
    ('BBCA.JK', '2024-08-06', '9725.746779785157', '9653.3466796875', '9725.746779785157', '9605.079946289063'),
    ('BBCA.JK', '2024-08-07', '9653.346418626237', '9749.8798828125', '9749.8798828125', '9653.346418626237'),
    ('BBCA.JK', '2024-08-08', '9798.145806272922', '9870.5458984375', '9870.5458984375', '9725.745714108343'),
    ('BBCA.JK', '2024-08-09', '9870.546581550185', '9798.146484375', '9894.679947275246', '9749.879752924877'),
    ('BBCA.JK', '2024-08-12', '9749.879624310663', '9846.4130859375', '9846.4130859375', '9725.746258903951'),
    ('BBCA.JK', '2024-08-13', '9894.679559503944', '9942.9462890625', '9942.9462890625', '9822.279465166112'),
    ('BBCA.JK', '2024-08-14', '9942.946547564337', '9846.4130859375', '9942.946547564337', '9846.4130859375'),
    ('BBCA.JK', '2024-08-15', '9846.41253438264', '9870.5458984375', '9942.945990602078', '9822.279170327782'),
    ('BBCA.JK', '2024-08-16', '9942.946712318402', '9967.080078125', '9967.080078125', '9894.679980705205'),
    ('BBCA.JK', '2024-08-19', '9967.079948701054', '10015.3466796875', '10063.613410673946', '9918.813217714609'),
    ('BBCA.JK', '2024-08-20', '9967.079820518586', '10063.61328125', '10087.746646432854', '9942.946455335732'),
    ('BBCA.JK', '2024-08-21', '10136.01337679856', '10063.61328125', '10136.01337679856', '10063.61328125'),
    ('BBCA.JK', '2024-08-22', '9991.213443931598', '9967.080078125', '10039.480175544793', '9870.546614898607'),
    ('BBCA.JK', '2024-08-23', '9967.080078125', '9967.080078125', '10015.346809738196', '9942.946712318402'),
    ('BBCA.JK', '2024-08-26', '9918.813346511803', '9967.080078125', '10015.346809738196', '9894.679980705205'),
    ('BBCA.JK', '2024-08-27', '9918.813182157628', '9846.4130859375', '9942.946547564337', '9822.27972053079'),
    ('BBCA.JK', '2024-08-28', '9942.946161684782', '9991.212890625', '9991.212890625', '9894.679432744566'),
    ('BBCA.JK', '2024-08-29', '10136.012903040953', '9870.5458984375', '10136.012903040953', '9870.5458984375'),
    ('BBCA.JK', '2024-08-30', '9967.080078125', '9967.080078125', '9967.080078125', '9846.41324909201'),
    ('BBCA.JK', '2024-09-02', '10015.345954987835', '9918.8125', '10015.345954987835', '9846.412408759124'),
    ('BBCA.JK', '2024-09-03', '9967.080474028717', '9822.2802734375', '9967.080474028717', '9798.146906672297'),
    ('BBCA.JK', '2024-09-04', '9798.146100386833', '9942.9462890625', '9942.9462890625', '9774.012735607555'),
    ('BBCA.JK', '2024-09-05', '9991.213147865854', '9894.6796875', '9991.213147865854', '9894.6796875'),
    ('BBCA.JK', '2024-09-06', '9870.546194724666', '9942.9462890625', '9942.9462890625', '9870.546194724666'),
    ('BBCA.JK', '2024-09-09', '9942.94586374696', '9918.8125', '9991.212591240876', '9846.412408759124'),
    ('BBCA.JK', '2024-09-10', '9991.212890625', '9991.212890625', '9991.212890625', '9918.812797214674'),
    ('BBCA.JK', '2024-09-11', '10063.61328125', '10063.61328125', '10063.61328125', '9991.21318570144'),
    ('BBCA.JK', '2024-09-12', '10087.746517937052', '10111.8798828125', '10136.013247687948', '10015.34642331071'),
    ('BBCA.JK', '2024-09-13', '10039.479916067146', '10063.61328125', '10063.61328125', '9967.079820518586'),
    ('BBCA.JK', '2024-09-17', '10087.746940104167', '10136.013671875', '10136.013671875', '9991.2134765625'),
    ('BBCA.JK', '2024-09-18', '10136.013832720588', '10256.6806640625', '10256.6806640625', '10087.747100183824'),
    ('BBCA.JK', '2024-09-19', '10329.080535048739', '10522.1474609375', '10522.1474609375', '10280.813803576548'),
    ('BBCA.JK', '2024-09-20', '10522.147295533643', '10401.48046875', '10522.147295533643', '10401.48046875'),
    ('BBCA.JK', '2024-09-23', '10353.213773544521', '10570.4140625', '10570.4140625', '10353.213773544521'),
    ('BBCA.JK', '2024-09-24', '10401.479917173032', '10425.61328125', '10570.413465711805', '10401.479917173032'),
    ('BBCA.JK', '2024-09-25', '10304.946336315525', '10473.8798828125', '10473.8798828125', '10160.146153603831'),
    ('BBCA.JK', '2024-09-26', '10498.01462333893', '10329.0810546875', '10498.01462333893', '10304.947687737294'),
    ('BBCA.JK', '2024-09-27', '10136.01424955986', '10280.814453125', '10377.347922168428', '10039.480780516433'),
    ('BBCA.JK', '2024-09-30', '10111.880272964589', '9967.080078125', '10184.280370384382', '9967.080078125'),
    ('BBCA.JK', '2024-10-01', '10039.480079976303', '10184.2802734375', '10184.2802734375', '10015.346714399437'),
    ('BBCA.JK', '2024-10-02', '9967.080110677083', '10136.013671875', '10184.280403645833', '9967.080110677083'),
    ('BBCA.JK', '2024-10-03', '10087.7470703125', '10087.7470703125', '10160.147168903259', '10039.48033791866'),
    ('BBCA.JK', '2024-10-04', '10039.479788186158', '10111.8798828125', '10111.8798828125', '9991.213058435262'),
    ('BBCA.JK', '2024-10-07', '9991.213018621056', '9942.9462890625', '10015.346383400334', '9894.679559503944'),
    ('BBCA.JK', '2024-10-08', '9846.412578876203', '10039.4794921875', '10136.012948843148', '9798.145850548377'),
    ('BBCA.JK', '2024-10-09', '10039.479916067146', '10063.61328125', '10160.146741981414', '10039.479916067146'),
    ('BBCA.JK', '2024-10-10', '10063.613574218749', '10136.013671875', '10136.013671875', '10039.480208333332'),
    ('BBCA.JK', '2024-10-11', '10208.413603633284', '10015.3466796875', '10208.413603633284', '10015.3466796875'),
    ('BBCA.JK', '2024-10-14', '10015.346842447916', '10136.013671875', '10136.013671875', '10015.346842447916'),
    ('BBCA.JK', '2024-10-15', '10184.280565257353', '10256.6806640625', '10256.6806640625', '10087.747100183824'),
    ('BBCA.JK', '2024-10-16', '10329.080166691527', '10111.8798828125', '10353.213531566975', '10111.8798828125'),
    ('BBCA.JK', '2024-10-17', '10184.280307583042', '10353.2138671875', '10425.613964160839', '10136.013576267482'),
    ('BBCA.JK', '2024-10-18', '10498.01350154433', '10377.3466796875', '10498.01350154433', '10353.213315316134'),
    ('BBCA.JK', '2024-10-21', '10473.880827356557', '10304.947265625', '10473.880827356557', '10304.947265625'),
    ('BBCA.JK', '2024-10-22', '10111.880305989584', '10136.013671875', '10232.547135416666', '10111.880305989584'),
    ('BBCA.JK', '2024-10-23', '10111.880882299003', '10280.814453125', '10280.814453125', '10111.880882299003'),
    ('BBCA.JK', '2024-10-24', '10353.214421637704', '10329.0810546875', '10473.881256388726', '10329.0810546875'),
    ('BBCA.JK', '2024-10-25', '10280.813222202034', '10377.3466796875', '10377.3466796875', '10256.679857830668'),
    ('BBCA.JK', '2024-10-28', '10449.747162441037', '10232.546875', '10449.747162441037', '10232.546875'),
    ('BBCA.JK', '2024-10-29', '10160.147037760416', '10136.013671875', '10208.41376953125', '10136.013671875'),
    ('BBCA.JK', '2024-10-30', '9918.812797214674', '9991.212890625', '10039.479619565218', '9918.812797214674'),
    ('BBCA.JK', '2024-10-31', '9967.07978277439', '9894.6796875', '10111.879973323172', '9894.6796875'),
    ('BBCA.JK', '2024-11-01', '9918.813090152877', '10063.61328125', '10063.61328125', '9918.813090152877'),
    ('BBCA.JK', '2024-11-04', '10063.613410673946', '10015.3466796875', '10136.013507153615', '9942.946583207831'),
    ('BBCA.JK', '2024-11-05', '9942.946744791667', '10136.013671875', '10208.41376953125', '9942.946744791667'),
    ('BBCA.JK', '2024-11-06', '10111.88043650942', '10087.7470703125', '10136.01380270634', '10015.34697172174'),
    ('BBCA.JK', '2024-11-07', '9967.080474028717', '9822.2802734375', '10087.74730785473', '9822.2802734375'),
    ('BBCA.JK', '2024-11-08', '9846.412918734492', '9725.74609375', '9870.54628373139', '9701.612728753102'),
    ('BBCA.JK', '2024-11-11', '9460.279617537313', '9701.61328125', '9701.61328125', '9460.279617537313'),
    ('BBCA.JK', '2024-11-12', '9749.879752924877', '9798.146484375', '9870.546581550185', '9653.34629002463'),
    ('BBCA.JK', '2024-11-13', '9870.546581550185', '9798.146484375', '9894.679947275246', '9798.146484375'),
    ('BBCA.JK', '2024-11-14', '9774.013248859066', '9749.8798828125', '9822.279980952197', '9701.61315071937'),
    ('BBCA.JK', '2024-11-15', '9701.613439611487', '9822.2802734375', '9918.81374049831', '9701.613439611487'),
    ('BBCA.JK', '2024-11-18', '9725.746779785157', '9653.3466796875', '9774.013513183594', '9653.3466796875'),
    ('BBCA.JK', '2024-11-19', '9556.812923095087', '9580.9462890625', '9677.479752932148', '9556.812923095087'),
    ('BBCA.JK', '2024-11-20', '9677.479363756203', '9725.74609375', '9798.146188740695', '9653.345998759305'),
    ('BBCA.JK', '2024-11-21', '9701.493099619289', '9555.970703125', '9701.493099619289', '9555.970703125'),
    ('BBCA.JK', '2024-11-22', '9628.731901372144', '9555.970703125', '9652.985634121193', '9555.970703125'),
    ('BBCA.JK', '2024-11-25', '9652.984974854115', '9871.2685546875', '9895.522285780098', '9604.477512668918'),
    ('BBCA.JK', '2024-11-26', '9944.030493164062', '9701.4931640625', '9944.030493164062', '9701.4931640625'),
    ('BBCA.JK', '2024-11-28', '9677.239431152344', '9701.4931640625', '9774.254362792968', '9628.731965332032'),
    ('BBCA.JK', '2024-11-29', '9701.4931640625', '9701.4931640625', '9798.508095703126', '9652.985698242188'),
    ('BBCA.JK', '2024-12-02', '9701.492387820514', '9458.955078125', '9749.999849759615', '9458.955078125'),
    ('BBCA.JK', '2024-12-03', '9725.74634028416', '9895.5224609375', '9919.776192459405', '9604.477682674631'),
    ('BBCA.JK', '2024-12-04', '9871.268729415593', '9895.5224609375', '9944.02992398131', '9750.000071806066'),
    ('BBCA.JK', '2024-12-05', '9944.0302734375', '9944.0302734375', '10041.04520293445', '9919.776541063262'),
    ('BBCA.JK', '2024-12-06', '9798.507638027295', '9774.25390625', '9871.268833359181', '9750.000174472705'),
    ('BBCA.JK', '2024-12-09', '9725.746409835447', '10041.044921875', '10041.044921875', '9701.492678140097'),
    ('BBCA.JK', '2024-12-10', '10016.79119017965', '10041.044921875', '10041.044921875', '9968.28372678895'),
    ('BBCA.JK', '2024-12-11', '9919.776777015888', '10113.806640625', '10113.806640625', '9919.776777015888'),
    ('BBCA.JK', '2024-12-12', '9992.53721015049', '9871.2685546875', '10065.298403428285', '9871.2685546875'),
    ('BBCA.JK', '2024-12-13', '9822.76119402985', '9750.0', '9919.776119402984', '9725.746268656716'),
    ('BBCA.JK', '2024-12-16', '9701.492883663366', '9798.5078125', '9822.761544709158', '9701.492883663366'),
    ('BBCA.JK', '2024-12-17', '9652.985001380997', '9604.4775390625', '9749.999926017992', '9604.4775390625'),
    ('BBCA.JK', '2024-12-18', '9604.477818080357', '9507.462890625', '9725.746477399554', '9507.462890625'),
    ('BBCA.JK', '2024-12-19', '9410.448068071706', '9386.1943359375', '9483.209264474322', '9264.925675266473'),
    ('BBCA.JK', '2024-12-20', '9361.9404296875', '9361.9404296875', '9458.955356420012', '9337.686698004372'),
    ('BBCA.JK', '2024-12-23', '9410.447790121483', '9483.208984375', '9555.970178628517', '9410.447790121483'),
    ('BBCA.JK', '2024-12-24', '9555.970002003205', '9458.955078125', '9604.477463942309', '9458.955078125'),
    ('BBCA.JK', '2024-12-27', '9507.462890625', '9507.462890625', '9531.71662248884', '9434.701695033482'),
    ('BBCA.JK', '2024-12-30', '9507.462996608527', '9386.1943359375', '9531.716728742733', '9386.1943359375'),
    ('BBCA.JK', '2025-01-02', '9361.940227470013', '9604.4775390625', '9604.4775390625', '9361.940227470013'),
    ('BBCA.JK', '2025-01-03', '9555.970703125', '9555.970703125', '9628.731901372144', '9531.716970375952'),
    ('BBCA.JK', '2025-01-06', '9555.970460876939', '9386.1943359375', '9580.224193011143', '9361.940603803296'),
    ('BBCA.JK', '2025-01-07', '9386.194266732284', '9240.671875', '9434.701730643044', '9240.671875'),
    ('BBCA.JK', '2025-01-08', '9386.1943359375', '9386.1943359375', '9483.209264474322', '9289.17940740068'),
    ('BBCA.JK', '2025-01-09', '9458.955772128807', '9555.970703125', '9580.224435874048', '9434.70203937976'),
    ('BBCA.JK', '2025-01-10', '9507.463347525707', '9434.7021484375', '9628.732012672719', '9434.7021484375'),
    ('BBCA.JK', '2025-01-13', '9337.68687166909', '9386.1943359375', '9434.701800205912', '9337.68687166909'),
    ('BBCA.JK', '2025-01-14', '9313.433070866142', '9240.671875', '9434.701730643044', '9240.671875'),
    ('BBCA.JK', '2025-01-15', '9289.179303850447', '9507.462890625', '9507.462890625', '9264.925571986607'),
    ('BBCA.JK', '2025-01-16', '9555.970002003205', '9458.955078125', '9628.73119491186', '9458.955078125'),
    ('BBCA.JK', '2025-01-17', '9458.955152107008', '9604.4775390625', '9604.4775390625', '9361.940227470013'),
    ('BBCA.JK', '2025-01-20', '9555.97010450487', '9337.6865234375', '9580.223835734578', '9337.6865234375'),
    ('BBCA.JK', '2025-01-21', '9313.433420365536', '9289.1796875', '9386.194618962141', '9264.925954634466'),
    ('BBCA.JK', '2025-01-22', '9361.940078735352', '9313.4326171875', '9386.193809509277', '9289.178886413574'),
    ('BBCA.JK', '2025-01-23', '9313.4326171875', '9313.4326171875', '9458.955001831055', '9313.4326171875'),
    ('BBCA.JK', '2025-01-24', '9337.686552159927', '9070.8955078125', '9361.940283464237', '9070.8955078125'),
    ('BBCA.JK', '2025-01-30', '8876.8662109375', '8876.8662109375', '8998.134875021346', '8876.8662109375'),
    ('BBCA.JK', '2025-01-31', '8973.881267567791', '9167.9111328125', '9216.418599123677', '8949.627534412202'),
    ('BBCA.JK', '2025-02-03', '9119.402970421123', '9070.8955078125', '9119.402970421123', '8949.626851290943'),
    ('BBCA.JK', '2025-02-04', '9070.896250212874', '8901.1201171875', '9119.403716791554', '8901.1201171875'),
    ('BBCA.JK', '2025-02-05', '8828.35857234589', '8852.6123046875', '8901.119769370718', '8828.35857234589'),
    ('BBCA.JK', '2025-02-06', '8804.104595844972', '8682.8359375', '8828.358327513966', '8585.821010824022'),
    ('BBCA.JK', '2025-02-07', '8682.835806943516', '9070.8955078125', '9070.8955078125', '8561.567150421957'),
    ('BBCA.JK', '2025-02-10', '8755.597546853654', '8876.8662109375', '8973.881142204576', '8755.597546853654'),
    ('BBCA.JK', '2025-02-11', '8755.597029420627', '8804.1044921875', '8828.358223570936', '8731.343298037189'),
    ('BBCA.JK', '2025-02-12', '8682.836348403347', '8876.8662109375', '8876.8662109375', '8682.836348403347'),
    ('BBCA.JK', '2025-02-13', '8828.358680555555', '8731.34375', '8876.866145833334', '8731.34375'),
    ('BBCA.JK', '2025-02-14', '8731.343575905292', '8707.08984375', '8804.104772371169', '8682.836111594708'),
    ('BBCA.JK', '2025-02-17', '8707.089369868465', '9046.6416015625', '9046.6416015625', '8707.089369868465'),
    ('BBCA.JK', '2025-02-18', '9046.642404863911', '9022.388671875', '9289.179734753025', '8973.881205897176'),
    ('BBCA.JK', '2025-02-19', '8949.626985858938', '8682.8359375', '8973.880717527933', '8682.8359375'),
    ('BBCA.JK', '2025-02-20', '8707.090017361112', '8731.34375', '8755.597482638888', '8682.836284722222'),
    ('BBCA.JK', '2025-02-21', '8682.836284722222', '8731.34375', '8731.34375', '8658.582552083333'),
    ('BBCA.JK', '2025-02-24', '8658.58203125', '8658.58203125', '8707.089493609943', '8610.074568890055'),
    ('BBCA.JK', '2025-02-25', '8634.328578700424', '8561.5673828125', '8731.343506550991', '8561.5673828125'),
    ('BBCA.JK', '2025-02-26', '8537.31330128205', '8513.0595703125', '8634.328225160256', '8464.552108373397'),
    ('BBCA.JK', '2025-02-27', '8537.313508064515', '8270.5224609375', '8537.313508064515', '8246.268729380497'),
    ('BBCA.JK', '2025-02-28', '8270.522742025223', '8173.5078125', '8416.045136313056', '8173.5078125'),
    ('BBCA.JK', '2025-03-03', '8343.283624822443', '8537.3134765625', '8634.32840243253', '8294.77616188743'),
    ('BBCA.JK', '2025-03-04', '8634.328753972457', '8585.8212890625', '8658.582486427436', '8416.045161877648'),
    ('BBCA.JK', '2025-03-05', '8561.567621527778', '8731.34375', '8901.119878472222', '8561.567621527778'),
    ('BBCA.JK', '2025-03-06', '8925.373433147632', '8707.08984375', '8925.373433147632', '8707.08984375'),
    ('BBCA.JK', '2025-03-07', '8731.343224789916', '8658.58203125', '8731.343224789916', '8658.58203125'),
    ('BBCA.JK', '2025-03-10', '8488.805912990196', '8658.58203125', '8707.089493609943', '8464.552181810224'),
    ('BBCA.JK', '2025-03-11', '8682.835762429972', '8658.58203125', '8779.85068714986', '8610.074568890055'),
    ('BBCA.JK', '2025-03-12', '8755.597375321062', '8852.6123046875', '8852.6123046875', '8707.089910637842'),
    ('BBCA.JK', '2025-03-13', '8876.865968837048', '8707.08984375', '8901.11970099234', '8707.08984375'),
    ('BBCA.JK', '2025-03-14', '8537.314107142858', '8488.806640625', '8658.5827734375', '8488.806640625'),
    ('BBCA.JK', '2025-03-17', '8488.806578170423', '8343.2841796875', '8513.060311250909', '8294.776713526526'),
    ('BBCA.JK', '2025-03-18', '8246.268619399472', '8052.23876953125', '8294.776081866528', '7833.9551884295'),
    ('BBCA.JK', '2025-03-19', '8052.238944022148', '8076.49267578125', '8149.253871058559', '7979.477748744839'),
    ('BBCA.JK', '2025-03-20', '8197.76119402985', '8125.0', '8222.014925373134', '8100.746268656717'),
    ('BBCA.JK', '2025-03-21', '8275.0', '7900.0', '8275.0', '7900.0'),
    ('BBCA.JK', '2025-03-24', '7825.0', '7950.0', '8100.0', '7625.0'),
    ('BBCA.JK', '2025-03-25', '8075.0', '8050.0', '8150.0', '8000.0'),
    ('BBCA.JK', '2025-03-26', '8300.0', '8525.0', '8650.0', '8275.0'),
    ('BBCA.JK', '2025-03-27', '8425.0', '8500.0', '8575.0', '8375.0'),
    ('BBCA.JK', '2025-04-08', '7400.0', '7775.0', '8000.0', '7275.0'),
    ('BBCA.JK', '2025-04-09', '7700.0', '7925.0', '7950.0', '7675.0'),
    ('BBCA.JK', '2025-04-10', '8500.0', '8225.0', '8650.0', '8175.0'),
    ('BBCA.JK', '2025-04-11', '8200.0', '8275.0', '8325.0', '8050.0'),
    ('BBCA.JK', '2025-04-14', '8250.0', '8400.0', '8400.0', '8250.0'),
    ('BBCA.JK', '2025-04-15', '8575.0', '8575.0', '8600.0', '8450.0'),
    ('BBCA.JK', '2025-04-16', '8500.0', '8475.0', '8550.0', '8425.0'),
    ('BBCA.JK', '2025-04-17', '8450.0', '8500.0', '8500.0', '8350.0'),
    ('BBCA.JK', '2025-04-21', '8500.0', '8300.0', '8500.0', '8300.0'),
    ('BBCA.JK', '2025-04-22', '8325.0', '8500.0', '8500.0', '8325.0'),
    ('BBCA.JK', '2025-04-23', '8550.0', '8725.0', '8725.0', '8550.0'),
    ('BBCA.JK', '2025-04-24', '8850.0', '8475.0', '8850.0', '8475.0'),
    ('BBCA.JK', '2025-04-25', '8650.0', '8600.0', '8650.0', '8575.0'),
    ('BBCA.JK', '2025-04-28', '8750.0', '8775.0', '8775.0', '8650.0'),
    ('BBCA.JK', '2025-04-29', '8800.0', '8725.0', '8825.0', '8700.0'),
    ('BBCA.JK', '2025-04-30', '8800.0', '8825.0', '8925.0', '8675.0'),
    ('BBCA.JK', '2025-05-02', '9000.0', '8975.0', '9000.0', '8850.0'),
    ('BBCA.JK', '2025-05-05', '9000.0', '8975.0', '9050.0', '8975.0'),
    ('BBCA.JK', '2025-05-06', '9050.0', '9025.0', '9050.0', '8975.0'),
    ('BBCA.JK', '2025-05-07', '9075.0', '9075.0', '9100.0', '9000.0'),
    ('BBCA.JK', '2025-05-08', '9075.0', '8975.0', '9200.0', '8925.0'),
    ('BBCA.JK', '2025-05-09', '9050.0', '9000.0', '9050.0', '8975.0'),
    ('BBCA.JK', '2025-05-14', '9250.0', '9275.0', '9300.0', '9150.0'),
    ('BBCA.JK', '2025-05-15', '9275.0', '9275.0', '9400.0', '9250.0'),
    ('BBCA.JK', '2025-05-16', '9300.0', '9300.0', '9325.0', '9225.0'),
    ('BBCA.JK', '2025-05-19', '9275.0', '9500.0', '9500.0', '9250.0'),
    ('BBCA.JK', '2025-05-20', '9500.0', '9475.0', '9675.0', '9475.0'),
    ('BBCA.JK', '2025-05-21', '9700.0', '9700.0', '9725.0', '9550.0'),
    ('BBCA.JK', '2025-05-22', '9800.0', '9650.0', '9800.0', '9650.0'),
    ('BBCA.JK', '2025-05-23', '9675.0', '9675.0', '9700.0', '9625.0'),
    ('TLKM.JK', '2024-05-27', '2900.0', '2810.0', '2920.0', '2780.0'),
    ('TLKM.JK', '2024-05-28', '2810.0', '2860.0', '2880.0', '2810.0'),
    ('TLKM.JK', '2024-05-29', '2850.0', '2810.0', '2860.0', '2810.0'),
    ('TLKM.JK', '2024-05-30', '2810.0', '2810.0', '2870.0', '2720.0'),
    ('TLKM.JK', '2024-05-31', '2840.0', '2900.0', '2920.0', '2810.0'),
    ('TLKM.JK', '2024-06-03', '2930.0', '2930.0', '2970.0', '2900.0'),
    ('TLKM.JK', '2024-06-04', '2980.0', '3000.0', '3060.0', '2940.0'),
    ('TLKM.JK', '2024-06-05', '3000.0', '3060.0', '3080.0', '3000.0'),
    ('TLKM.JK', '2024-06-06', '3100.0', '3050.0', '3100.0', '3030.0'),
    ('TLKM.JK', '2024-06-07', '3050.0', '3050.0', '3090.0', '3050.0'),
    ('TLKM.JK', '2024-06-10', '3050.0', '3010.0', '3050.0', '2980.0'),
    ('TLKM.JK', '2024-06-11', '2960.0', '2880.0', '2980.0', '2880.0'),
    ('TLKM.JK', '2024-06-12', '2890.0', '2920.0', '2970.0', '2890.0'),
    ('TLKM.JK', '2024-06-13', '2940.0', '2840.0', '2940.0', '2830.0'),
    ('TLKM.JK', '2024-06-14', '2820.0', '2720.0', '2830.0', '2700.0'),
    ('TLKM.JK', '2024-06-19', '2780.0', '2830.0', '2850.0', '2760.0'),
    ('TLKM.JK', '2024-06-20', '2850.0', '2840.0', '2850.0', '2800.0'),
    ('TLKM.JK', '2024-06-21', '2850.0', '2950.0', '2960.0', '2840.0'),
    ('TLKM.JK', '2024-06-24', '2930.0', '2950.0', '2980.0', '2910.0'),
    ('TLKM.JK', '2024-06-25', '2950.0', '2990.0', '2990.0', '2930.0'),
    ('TLKM.JK', '2024-06-26', '2990.0', '3000.0', '3020.0', '2980.0'),
    ('TLKM.JK', '2024-06-27', '3030.0', '3030.0', '3030.0', '2990.0'),
    ('TLKM.JK', '2024-06-28', '3030.0', '3130.0', '3140.0', '3030.0'),
    ('TLKM.JK', '2024-07-01', '3130.0', '3090.0', '3130.0', '3080.0'),
    ('TLKM.JK', '2024-07-02', '3070.0', '3040.0', '3090.0', '3030.0'),
    ('TLKM.JK', '2024-07-03', '3040.0', '3030.0', '3050.0', '3020.0'),
    ('TLKM.JK', '2024-07-04', '3000.0', '2960.0', '3050.0', '2960.0'),
    ('TLKM.JK', '2024-07-05', '2970.0', '3020.0', '3020.0', '2960.0'),
    ('TLKM.JK', '2024-07-08', '3040.0', '3080.0', '3090.0', '3000.0'),
    ('TLKM.JK', '2024-07-09', '3050.0', '3080.0', '3120.0', '3040.0'),
    ('TLKM.JK', '2024-07-10', '3090.0', '3160.0', '3180.0', '3090.0'),
    ('TLKM.JK', '2024-07-11', '3200.0', '3180.0', '3200.0', '3160.0'),
    ('TLKM.JK', '2024-07-12', '3230.0', '3220.0', '3270.0', '3210.0'),
    ('TLKM.JK', '2024-07-15', '3220.0', '3160.0', '3220.0', '3130.0'),
    ('TLKM.JK', '2024-07-16', '3180.0', '3100.0', '3180.0', '3090.0'),
    ('TLKM.JK', '2024-07-17', '3190.0', '3250.0', '3270.0', '3160.0'),
    ('TLKM.JK', '2024-07-18', '3260.0', '3210.0', '3280.0', '3190.0'),
    ('TLKM.JK', '2024-07-19', '3200.0', '3140.0', '3210.0', '3120.0'),
    ('TLKM.JK', '2024-07-22', '3180.0', '3100.0', '3210.0', '3090.0'),
    ('TLKM.JK', '2024-07-23', '3140.0', '3160.0', '3160.0', '3100.0'),
    ('TLKM.JK', '2024-07-24', '3140.0', '3060.0', '3150.0', '3040.0'),
    ('TLKM.JK', '2024-07-25', '3080.0', '3090.0', '3090.0', '3030.0'),
    ('TLKM.JK', '2024-07-26', '3110.0', '3100.0', '3110.0', '3060.0'),
    ('TLKM.JK', '2024-07-29', '3090.0', '3050.0', '3120.0', '3040.0'),
    ('TLKM.JK', '2024-07-30', '3000.0', '2880.0', '3000.0', '2880.0'),
    ('TLKM.JK', '2024-07-31', '2880.0', '2880.0', '2920.0', '2840.0'),
    ('TLKM.JK', '2024-08-01', '2890.0', '2880.0', '2930.0', '2880.0'),
    ('TLKM.JK', '2024-08-02', '2880.0', '2850.0', '2880.0', '2820.0'),
    ('TLKM.JK', '2024-08-05', '2820.0', '2790.0', '2830.0', '2760.0'),
    ('TLKM.JK', '2024-08-06', '2800.0', '2790.0', '2840.0', '2790.0'),
    ('TLKM.JK', '2024-08-07', '2800.0', '2820.0', '2840.0', '2790.0'),
    ('TLKM.JK', '2024-08-08', '2800.0', '2850.0', '2880.0', '2800.0'),
    ('TLKM.JK', '2024-08-09', '2860.0', '2830.0', '2880.0', '2830.0'),
    ('TLKM.JK', '2024-08-12', '2850.0', '2870.0', '2910.0', '2840.0'),
    ('TLKM.JK', '2024-08-13', '2900.0', '2850.0', '2900.0', '2840.0'),
    ('TLKM.JK', '2024-08-14', '2850.0', '2860.0', '2890.0', '2850.0'),
    ('TLKM.JK', '2024-08-15', '2870.0', '2870.0', '2880.0', '2820.0'),
    ('TLKM.JK', '2024-08-16', '2910.0', '2960.0', '2990.0', '2900.0'),
    ('TLKM.JK', '2024-08-19', '2960.0', '2930.0', '2970.0', '2910.0'),
    ('TLKM.JK', '2024-08-20', '2990.0', '2980.0', '3000.0', '2960.0'),
    ('TLKM.JK', '2024-08-21', '2980.0', '2970.0', '3010.0', '2960.0'),
    ('TLKM.JK', '2024-08-22', '2940.0', '2920.0', '2970.0', '2920.0'),
    ('TLKM.JK', '2024-08-23', '2970.0', '2950.0', '3010.0', '2950.0'),
    ('TLKM.JK', '2024-08-26', '2940.0', '2980.0', '2990.0', '2930.0'),
    ('TLKM.JK', '2024-08-27', '2990.0', '2990.0', '3000.0', '2950.0'),
    ('TLKM.JK', '2024-08-28', '3000.0', '2980.0', '3000.0', '2960.0'),
    ('TLKM.JK', '2024-08-29', '2980.0', '3030.0', '3080.0', '2980.0'),
    ('TLKM.JK', '2024-08-30', '3030.0', '3060.0', '3070.0', '3010.0'),
    ('TLKM.JK', '2024-09-02', '3090.0', '3140.0', '3150.0', '3080.0'),
    ('TLKM.JK', '2024-09-03', '3140.0', '3080.0', '3150.0', '3080.0'),
    ('TLKM.JK', '2024-09-04', '3060.0', '3080.0', '3100.0', '3040.0'),
    ('TLKM.JK', '2024-09-05', '3080.0', '3020.0', '3090.0', '3020.0'),
    ('TLKM.JK', '2024-09-06', '3010.0', '3040.0', '3050.0', '3010.0'),
    ('TLKM.JK', '2024-09-09', '3050.0', '3030.0', '3080.0', '3000.0'),
    ('TLKM.JK', '2024-09-10', '3060.0', '3030.0', '3060.0', '3020.0'),
    ('TLKM.JK', '2024-09-11', '3030.0', '3040.0', '3050.0', '3020.0'),
    ('TLKM.JK', '2024-09-12', '3060.0', '3050.0', '3070.0', '3050.0'),
    ('TLKM.JK', '2024-09-13', '3080.0', '3110.0', '3120.0', '3070.0'),
    ('TLKM.JK', '2024-09-17', '3120.0', '3090.0', '3130.0', '3080.0'),
    ('TLKM.JK', '2024-09-18', '3120.0', '3120.0', '3130.0', '3100.0'),
    ('TLKM.JK', '2024-09-19', '3140.0', '3140.0', '3150.0', '3120.0'),
    ('TLKM.JK', '2024-09-20', '3150.0', '3150.0', '3170.0', '3120.0'),
    ('TLKM.JK', '2024-09-23', '3150.0', '3170.0', '3180.0', '3130.0'),
    ('TLKM.JK', '2024-09-24', '3180.0', '3160.0', '3180.0', '3150.0'),
    ('TLKM.JK', '2024-09-25', '3100.0', '3190.0', '3190.0', '3060.0'),
    ('TLKM.JK', '2024-09-26', '3170.0', '3170.0', '3180.0', '3120.0'),
    ('TLKM.JK', '2024-09-27', '3130.0', '3050.0', '3140.0', '3010.0'),
    ('TLKM.JK', '2024-09-30', '3030.0', '2990.0', '3030.0', '2990.0'),
    ('TLKM.JK', '2024-10-01', '2990.0', '3020.0', '3040.0', '2990.0'),
    ('TLKM.JK', '2024-10-02', '2950.0', '2920.0', '2980.0', '2920.0'),
    ('TLKM.JK', '2024-10-03', '2950.0', '2890.0', '2950.0', '2890.0'),
    ('TLKM.JK', '2024-10-04', '2900.0', '2880.0', '2930.0', '2860.0'),
    ('TLKM.JK', '2024-10-07', '2910.0', '2900.0', '2910.0', '2870.0'),
    ('TLKM.JK', '2024-10-08', '2890.0', '2990.0', '2990.0', '2870.0'),
    ('TLKM.JK', '2024-10-09', '2980.0', '2960.0', '3010.0', '2960.0'),
    ('TLKM.JK', '2024-10-10', '2960.0', '2950.0', '2980.0', '2940.0'),
    ('TLKM.JK', '2024-10-11', '3000.0', '2940.0', '3000.0', '2920.0'),
    ('TLKM.JK', '2024-10-14', '2930.0', '2900.0', '2970.0', '2900.0'),
    ('TLKM.JK', '2024-10-15', '2920.0', '2940.0', '2970.0', '2910.0'),
    ('TLKM.JK', '2024-10-16', '2970.0', '3000.0', '3000.0', '2930.0'),
    ('TLKM.JK', '2024-10-17', '3000.0', '3040.0', '3060.0', '2980.0'),
    ('TLKM.JK', '2024-10-18', '3050.0', '3100.0', '3130.0', '3040.0'),
    ('TLKM.JK', '2024-10-21', '3100.0', '3100.0', '3130.0', '3060.0'),
    ('TLKM.JK', '2024-10-22', '3060.0', '3010.0', '3070.0', '3010.0'),
    ('TLKM.JK', '2024-10-23', '2940.0', '2940.0', '2980.0', '2930.0'),
    ('TLKM.JK', '2024-10-24', '2940.0', '2900.0', '2960.0', '2900.0'),
    ('TLKM.JK', '2024-10-25', '2900.0', '2910.0', '2950.0', '2900.0'),
    ('TLKM.JK', '2024-10-28', '2920.0', '2920.0', '2940.0', '2900.0'),
    ('TLKM.JK', '2024-10-29', '2910.0', '2900.0', '2930.0', '2880.0'),
    ('TLKM.JK', '2024-10-30', '2880.0', '2900.0', '2900.0', '2850.0'),
    ('TLKM.JK', '2024-10-31', '2860.0', '2820.0', '2870.0', '2820.0'),
    ('TLKM.JK', '2024-11-01', '2820.0', '2780.0', '2840.0', '2760.0'),
    ('TLKM.JK', '2024-11-04', '2780.0', '2800.0', '2810.0', '2750.0'),
    ('TLKM.JK', '2024-11-05', '2800.0', '2770.0', '2810.0', '2730.0'),
    ('TLKM.JK', '2024-11-06', '2780.0', '2740.0', '2800.0', '2740.0'),
    ('TLKM.JK', '2024-11-07', '2760.0', '2760.0', '2790.0', '2740.0'),
    ('TLKM.JK', '2024-11-08', '2760.0', '2750.0', '2780.0', '2750.0'),
    ('TLKM.JK', '2024-11-11', '2720.0', '2690.0', '2730.0', '2650.0'),
    ('TLKM.JK', '2024-11-12', '2660.0', '2600.0', '2670.0', '2600.0'),
    ('TLKM.JK', '2024-11-13', '2610.0', '2580.0', '2630.0', '2570.0'),
    ('TLKM.JK', '2024-11-14', '2550.0', '2530.0', '2590.0', '2530.0'),
    ('TLKM.JK', '2024-11-15', '2500.0', '2540.0', '2580.0', '2500.0'),
    ('TLKM.JK', '2024-11-18', '2540.0', '2590.0', '2610.0', '2520.0'),
    ('TLKM.JK', '2024-11-19', '2610.0', '2780.0', '2850.0', '2590.0'),
    ('TLKM.JK', '2024-11-20', '2740.0', '2680.0', '2750.0', '2640.0'),
    ('TLKM.JK', '2024-11-21', '2680.0', '2770.0', '2810.0', '2680.0'),
    ('TLKM.JK', '2024-11-22', '2750.0', '2750.0', '2790.0', '2720.0'),
    ('TLKM.JK', '2024-11-25', '2740.0', '2740.0', '2780.0', '2720.0'),
    ('TLKM.JK', '2024-11-26', '2770.0', '2710.0', '2800.0', '2680.0'),
    ('TLKM.JK', '2024-11-28', '2680.0', '2720.0', '2750.0', '2680.0'),
    ('TLKM.JK', '2024-11-29', '2700.0', '2710.0', '2760.0', '2700.0'),
    ('TLKM.JK', '2024-12-02', '2720.0', '2680.0', '2730.0', '2680.0'),
    ('TLKM.JK', '2024-12-03', '2760.0', '2820.0', '2830.0', '2710.0'),
    ('TLKM.JK', '2024-12-04', '2820.0', '2840.0', '2850.0', '2800.0'),
    ('TLKM.JK', '2024-12-05', '2840.0', '2770.0', '2840.0', '2730.0'),
    ('TLKM.JK', '2024-12-06', '2740.0', '2760.0', '2780.0', '2740.0'),
    ('TLKM.JK', '2024-12-09', '2760.0', '2740.0', '2770.0', '2730.0'),
    ('TLKM.JK', '2024-12-10', '2770.0', '2770.0', '2830.0', '2750.0'),
    ('TLKM.JK', '2024-12-11', '2770.0', '2860.0', '2880.0', '2770.0'),
    ('TLKM.JK', '2024-12-12', '2830.0', '2820.0', '2850.0', '2780.0'),
    ('TLKM.JK', '2024-12-13', '2770.0', '2790.0', '2790.0', '2750.0'),
    ('TLKM.JK', '2024-12-16', '2760.0', '2660.0', '2760.0', '2650.0'),
    ('TLKM.JK', '2024-12-17', '2630.0', '2620.0', '2650.0', '2600.0'),
    ('TLKM.JK', '2024-12-18', '2620.0', '2570.0', '2660.0', '2570.0'),
    ('TLKM.JK', '2024-12-19', '2510.0', '2530.0', '2560.0', '2500.0'),
    ('TLKM.JK', '2024-12-20', '2530.0', '2550.0', '2570.0', '2520.0'),
    ('TLKM.JK', '2024-12-23', '2580.0', '2650.0', '2670.0', '2580.0'),
    ('TLKM.JK', '2024-12-24', '2680.0', '2740.0', '2750.0', '2620.0'),
    ('TLKM.JK', '2024-12-27', '2770.0', '2750.0', '2800.0', '2710.0'),
    ('TLKM.JK', '2024-12-30', '2720.0', '2710.0', '2760.0', '2700.0'),
    ('TLKM.JK', '2025-01-02', '2710.0', '2700.0', '2740.0', '2680.0'),
    ('TLKM.JK', '2025-01-03', '2740.0', '2750.0', '2770.0', '2730.0'),
    ('TLKM.JK', '2025-01-06', '2760.0', '2690.0', '2770.0', '2660.0'),
    ('TLKM.JK', '2025-01-07', '2670.0', '2570.0', '2680.0', '2570.0'),
    ('TLKM.JK', '2025-01-08', '2590.0', '2650.0', '2700.0', '2590.0'),
    ('TLKM.JK', '2025-01-09', '2690.0', '2620.0', '2700.0', '2620.0'),
    ('TLKM.JK', '2025-01-10', '2640.0', '2680.0', '2690.0', '2630.0'),
    ('TLKM.JK', '2025-01-13', '2670.0', '2670.0', '2740.0', '2650.0'),
    ('TLKM.JK', '2025-01-14', '2670.0', '2620.0', '2690.0', '2610.0'),
    ('TLKM.JK', '2025-01-15', '2640.0', '2630.0', '2670.0', '2620.0'),
    ('TLKM.JK', '2025-01-16', '2660.0', '2590.0', '2660.0', '2590.0'),
    ('TLKM.JK', '2025-01-17', '2630.0', '2660.0', '2680.0', '2610.0'),
    ('TLKM.JK', '2025-01-20', '2670.0', '2610.0', '2690.0', '2610.0'),
    ('TLKM.JK', '2025-01-21', '2630.0', '2630.0', '2660.0', '2600.0'),
    ('TLKM.JK', '2025-01-22', '2680.0', '2730.0', '2750.0', '2650.0'),
    ('TLKM.JK', '2025-01-23', '2730.0', '2710.0', '2750.0', '2710.0'),
    ('TLKM.JK', '2025-01-24', '2740.0', '2690.0', '2750.0', '2690.0'),
    ('TLKM.JK', '2025-01-30', '2690.0', '2640.0', '2710.0', '2610.0'),
    ('TLKM.JK', '2025-01-31', '2660.0', '2660.0', '2710.0', '2660.0'),
    ('TLKM.JK', '2025-02-03', '2620.0', '2630.0', '2630.0', '2560.0'),
    ('TLKM.JK', '2025-02-04', '2640.0', '2640.0', '2660.0', '2590.0'),
    ('TLKM.JK', '2025-02-05', '2600.0', '2620.0', '2640.0', '2590.0'),
    ('TLKM.JK', '2025-02-06', '2630.0', '2560.0', '2630.0', '2520.0'),
    ('TLKM.JK', '2025-02-07', '2550.0', '2590.0', '2590.0', '2510.0'),
    ('TLKM.JK', '2025-02-10', '2520.0', '2440.0', '2550.0', '2440.0'),
    ('TLKM.JK', '2025-02-11', '2430.0', '2320.0', '2450.0', '2300.0'),
    ('TLKM.JK', '2025-02-12', '2360.0', '2480.0', '2480.0', '2350.0'),
    ('TLKM.JK', '2025-02-13', '2370.0', '2420.0', '2420.0', '2310.0'),
    ('TLKM.JK', '2025-02-14', '2460.0', '2530.0', '2530.0', '2440.0'),
    ('TLKM.JK', '2025-02-17', '2570.0', '2650.0', '2650.0', '2530.0'),
    ('TLKM.JK', '2025-02-18', '2660.0', '2680.0', '2710.0', '2630.0'),
    ('TLKM.JK', '2025-02-19', '2680.0', '2670.0', '2690.0', '2600.0'),
    ('TLKM.JK', '2025-02-20', '2650.0', '2670.0', '2680.0', '2620.0'),
    ('TLKM.JK', '2025-02-21', '2670.0', '2650.0', '2680.0', '2630.0'),
    ('TLKM.JK', '2025-02-24', '2630.0', '2600.0', '2640.0', '2570.0'),
    ('TLKM.JK', '2025-02-25', '2560.0', '2460.0', '2580.0', '2460.0'),
    ('TLKM.JK', '2025-02-26', '2500.0', '2520.0', '2520.0', '2460.0'),
    ('TLKM.JK', '2025-02-27', '2520.0', '2490.0', '2560.0', '2430.0'),
    ('TLKM.JK', '2025-02-28', '2470.0', '2350.0', '2470.0', '2350.0'),
    ('TLKM.JK', '2025-03-03', '2400.0', '2400.0', '2420.0', '2370.0'),
    ('TLKM.JK', '2025-03-04', '2400.0', '2380.0', '2440.0', '2350.0'),
    ('TLKM.JK', '2025-03-05', '2420.0', '2450.0', '2470.0', '2410.0'),
    ('TLKM.JK', '2025-03-06', '2490.0', '2400.0', '2510.0', '2400.0'),
    ('TLKM.JK', '2025-03-07', '2430.0', '2410.0', '2470.0', '2350.0'),
    ('TLKM.JK', '2025-03-10', '2430.0', '2390.0', '2430.0', '2370.0'),
    ('TLKM.JK', '2025-03-11', '2380.0', '2370.0', '2390.0', '2350.0'),
    ('TLKM.JK', '2025-03-12', '2410.0', '2450.0', '2490.0', '2400.0'),
    ('TLKM.JK', '2025-03-13', '2470.0', '2430.0', '2490.0', '2420.0'),
    ('TLKM.JK', '2025-03-14', '2450.0', '2420.0', '2480.0', '2410.0'),
    ('TLKM.JK', '2025-03-17', '2420.0', '2420.0', '2450.0', '2410.0'),
    ('TLKM.JK', '2025-03-18', '2450.0', '2420.0', '2470.0', '2300.0'),
    ('TLKM.JK', '2025-03-19', '2420.0', '2430.0', '2440.0', '2380.0'),
    ('TLKM.JK', '2025-03-20', '2440.0', '2390.0', '2440.0', '2350.0'),
    ('TLKM.JK', '2025-03-21', '2370.0', '2310.0', '2380.0', '2300.0'),
    ('TLKM.JK', '2025-03-24', '2320.0', '2330.0', '2360.0', '2240.0'),
    ('TLKM.JK', '2025-03-25', '2340.0', '2340.0', '2360.0', '2300.0'),
    ('TLKM.JK', '2025-03-26', '2360.0', '2440.0', '2460.0', '2350.0'),
    ('TLKM.JK', '2025-03-27', '2430.0', '2410.0', '2430.0', '2390.0'),
    ('TLKM.JK', '2025-04-08', '2050.0', '2290.0', '2300.0', '2050.0'),
    ('TLKM.JK', '2025-04-09', '2440.0', '2320.0', '2440.0', '2300.0'),
    ('TLKM.JK', '2025-04-10', '2450.0', '2350.0', '2470.0', '2320.0'),
    ('TLKM.JK', '2025-04-11', '2320.0', '2330.0', '2350.0', '2300.0'),
    ('TLKM.JK', '2025-04-14', '2320.0', '2430.0', '2430.0', '2310.0'),
    ('TLKM.JK', '2025-04-15', '2460.0', '2450.0', '2470.0', '2420.0'),
    ('TLKM.JK', '2025-04-16', '2490.0', '2480.0', '2510.0', '2450.0'),
    ('TLKM.JK', '2025-04-17', '2500.0', '2550.0', '2660.0', '2490.0'),
    ('TLKM.JK', '2025-04-21', '2600.0', '2570.0', '2610.0', '2510.0'),
    ('TLKM.JK', '2025-04-22', '2570.0', '2550.0', '2570.0', '2520.0'),
    ('TLKM.JK', '2025-04-23', '2580.0', '2630.0', '2640.0', '2570.0'),
    ('TLKM.JK', '2025-04-24', '2630.0', '2630.0', '2650.0', '2600.0'),
    ('TLKM.JK', '2025-04-25', '2630.0', '2600.0', '2650.0', '2570.0'),
    ('TLKM.JK', '2025-04-28', '2600.0', '2560.0', '2610.0', '2560.0'),
    ('TLKM.JK', '2025-04-29', '2570.0', '2590.0', '2600.0', '2560.0'),
    ('TLKM.JK', '2025-04-30', '2600.0', '2640.0', '2640.0', '2600.0'),
    ('TLKM.JK', '2025-05-02', '2640.0', '2680.0', '2720.0', '2620.0'),
    ('TLKM.JK', '2025-05-05', '2710.0', '2700.0', '2710.0', '2670.0'),
    ('TLKM.JK', '2025-05-06', '2720.0', '2680.0', '2730.0', '2680.0'),
    ('TLKM.JK', '2025-05-07', '2680.0', '2620.0', '2690.0', '2620.0'),
    ('TLKM.JK', '2025-05-08', '2630.0', '2570.0', '2640.0', '2570.0'),
    ('TLKM.JK', '2025-05-09', '2570.0', '2600.0', '2630.0', '2570.0'),
    ('TLKM.JK', '2025-05-14', '2530.0', '2590.0', '2620.0', '2530.0'),
    ('TLKM.JK', '2025-05-15', '2580.0', '2660.0', '2690.0', '2580.0'),
    ('TLKM.JK', '2025-05-16', '2710.0', '2740.0', '2750.0', '2680.0'),
    ('TLKM.JK', '2025-05-19', '2760.0', '2820.0', '2860.0', '2740.0'),
    ('TLKM.JK', '2025-05-20', '2830.0', '2740.0', '2840.0', '2740.0'),
    ('TLKM.JK', '2025-05-21', '2710.0', '2750.0', '2780.0', '2690.0'),
    ('TLKM.JK', '2025-05-22', '2750.0', '2800.0', '2850.0', '2750.0'),
    ('TLKM.JK', '2025-05-23', '2710.0', '2690.0', '2720.0', '2690.0'),
    ('UNVR.JK', '2024-05-27', '2946.5766406849116', '3108.68603515625', '3118.221881889858', '2946.5766406849116'),
    ('UNVR.JK', '2024-05-28', '3137.293414604373', '3127.757568359375', '3232.651877054354', '3013.3274134193975'),
    ('UNVR.JK', '2024-05-29', '3127.757650280316', '2870.289794921875', '3127.757650280316', '2832.146408942847'),
    ('UNVR.JK', '2024-05-30', '2860.7541197749197', '2965.6484375', '3041.9352140273313', '2832.14657857717'),
    ('UNVR.JK', '2024-05-31', '3013.3274676983174', '2975.18408203125', '3080.078392615685', '2975.18408203125'),
    ('UNVR.JK', '2024-06-03', '3003.7916981090198', '2937.040771484375', '3041.935084751674', '2927.5049248237115'),
    ('UNVR.JK', '2024-06-04', '2937.040737944289', '2984.719970703125', '3051.470896565495', '2927.5048913925216'),
    ('UNVR.JK', '2024-06-05', '2994.2560581865837', '2927.505126953125', '3013.327752824715', '2917.969279634059'),
    ('UNVR.JK', '2024-06-06', '2937.040771484375', '2937.040771484375', '3022.863391430347', '2927.5049248237115'),
    ('UNVR.JK', '2024-06-07', '2937.0407203851746', '2870.289794921875', '2956.1124133746885', '2870.289794921875'),
    ('UNVR.JK', '2024-06-10', '2870.2900430387317', '2927.505126953125', '3013.327752824715', '2870.2900430387317'),
    ('UNVR.JK', '2024-06-11', '2946.5767798330266', '2917.96923828125', '2975.1843213848038', '2908.433391097324'),
    ('UNVR.JK', '2024-06-12', '2917.96923828125', '2917.96923828125', '2975.1843213848038', '2879.825849545547'),
    ('UNVR.JK', '2024-06-13', '2917.96923828125', '2917.96923828125', '2975.1843213848038', '2917.96923828125'),
    ('UNVR.JK', '2024-06-14', '2946.576633453369', '3051.470947265625', '3061.00679397583', '2927.504940032959'),
    ('UNVR.JK', '2024-06-19', '3051.471142100977', '2927.505126953125', '3051.471142100977', '2917.969279634059'),
    ('UNVR.JK', '2024-06-20', '2946.576695492393', '2898.8974609375', '2956.1125424033717', '2813.0748387386925'),
    ('UNVR.JK', '2024-06-21', '2898.8974968645484', '2851.21826171875', '2956.1125790395067', '2851.21826171875'),
    ('UNVR.JK', '2024-06-24', '2870.289794921875', '2870.289794921875', '2917.9690273956603', '2870.289794921875'),
    ('UNVR.JK', '2024-06-25', '2870.289794921875', '2870.289794921875', '2889.3614879113893', '2860.753948427118'),
    ('UNVR.JK', '2024-06-26', '2870.289794921875', '2870.289794921875', '2908.433180900903', '2851.2181019323607'),
    ('UNVR.JK', '2024-06-27', '2889.3615381810573', '2937.040771484375', '2956.112464805702', '2870.2898448597302'),
    ('UNVR.JK', '2024-06-28', '2927.5051649485204', '2879.825927734375', '2956.1127072770073', '2879.825927734375'),
    ('UNVR.JK', '2024-07-01', '2925.8167139001794', '2896.460693359375', '2935.6020540804475', '2886.675353179107'),
    ('UNVR.JK', '2024-07-02', '2896.4607533670037', '2906.24609375', '2916.0314341329968', '2876.89007260101'),
    ('UNVR.JK', '2024-07-03', '2906.2461585220026', '2876.89013671875', '2906.2461585220026', '2857.3194555165815'),
    ('UNVR.JK', '2024-07-04', '2867.104676129067', '2857.3193359375', '2886.6753565122003', '2837.7486555543665'),
    ('UNVR.JK', '2024-07-05', '2857.3195205111683', '2847.5341796875', '2876.890202158505', '2847.5341796875'),
    ('UNVR.JK', '2024-07-08', '2857.319383965164', '2984.52880859375', '2984.52880859375', '2857.319383965164'),
    ('UNVR.JK', '2024-07-09', '3004.099431966146', '2935.60205078125', '3013.8847721354164', '2906.2460302734376'),
    ('UNVR.JK', '2024-07-10', '2935.6020540804475', '2896.460693359375', '2945.3873942607156', '2886.675353179107'),
    ('UNVR.JK', '2024-07-11', '2906.2461636247303', '2837.748779296875', '2925.8168448612605', '2837.748779296875'),
    ('UNVR.JK', '2024-07-12', '2847.533995745933', '2857.3193359375', '2886.6753565122003', '2837.7486555543665'),
    ('UNVR.JK', '2024-07-15', '2876.8900767251494', '2867.104736328125', '2886.6754171221737', '2827.9633747400276'),
    ('UNVR.JK', '2024-07-16', '2867.1047493605424', '2749.6806640625', '2867.1047493605424', '2749.6806640625'),
    ('UNVR.JK', '2024-07-17', '2769.2513999672206', '2798.607421875', '2818.178103146853', '2759.4660593312938'),
    ('UNVR.JK', '2024-07-18', '2798.6073050362725', '2739.895263671875', '2818.1779854910715', '2739.895263671875'),
    ('UNVR.JK', '2024-07-19', '2739.895263671875', '2739.895263671875', '2769.2512843540735', '2710.5392429896765'),
    ('UNVR.JK', '2024-07-22', '2739.895393761405', '2681.183349609375', '2769.25141583742', '2671.3980089173697'),
    ('UNVR.JK', '2024-07-23', '2681.1832896920787', '2671.39794921875', '2710.5393111120648', '2651.827268272092'),
    ('UNVR.JK', '2024-07-24', '2671.3978890811695', '2661.612548828125', '2681.1832293342145', '2642.041868322036'),
    ('UNVR.JK', '2024-07-25', '2544.188551079317', '2436.5498046875', '2573.5445728225404', '2407.1937829442772'),
    ('UNVR.JK', '2024-07-26', '2446.3351452685743', '2436.5498046875', '2465.905826430723', '2426.7644641064257'),
    ('UNVR.JK', '2024-07-29', '2436.549870188643', '2407.19384765625', '2465.9058927210367', '2397.408506812119'),
    ('UNVR.JK', '2024-07-30', '2426.764347029321', '2377.837646484375', '2426.764347029321', '2358.2669662663966'),
    ('UNVR.JK', '2024-07-31', '2387.623046875', '2387.623046875', '2397.4083872310453', '2358.2670258068647'),
    ('UNVR.JK', '2024-08-01', '2387.62316015625', '2446.335205078125', '2456.1205458984377', '2387.62316015625'),
    ('UNVR.JK', '2024-08-02', '2446.3350272472994', '2377.837646484375', '2485.4763876832562', '2377.837646484375'),
    ('UNVR.JK', '2024-08-05', '2377.8377710872664', '2358.26708984375', '2397.408452330783', '2319.1257273567167'),
    ('UNVR.JK', '2024-08-06', '2377.837825123857', '2407.19384765625', '2436.549870188643', '2358.2671434355943'),
    ('UNVR.JK', '2024-08-07', '2407.1937236170616', '2426.764404296875', '2426.764404296875', '2387.623042937248'),
    ('UNVR.JK', '2024-08-08', '2416.979188500381', '2407.19384765625', '2446.335211032774', '2407.19384765625'),
    ('UNVR.JK', '2024-08-09', '2416.979188500381', '2407.19384765625', '2436.549870188643', '2387.623165967988'),
    ('UNVR.JK', '2024-08-12', '2407.19384765625', '2407.19384765625', '2426.764529344512', '2387.623165967988'),
    ('UNVR.JK', '2024-08-13', '2416.9791284677935', '2397.408447265625', '2416.9791284677935', '2377.8377660634565'),
    ('UNVR.JK', '2024-08-14', '2397.4083267023534', '2377.837646484375', '2407.1936668113426', '2358.2669662663966'),
    ('UNVR.JK', '2024-08-15', '2358.2671554950107', '2328.9111328125', '2377.837837283351', '2328.9111328125'),
    ('UNVR.JK', '2024-08-16', '2338.6962890625', '2338.6962890625', '2358.266969305701', '2328.9109489408997'),
    ('UNVR.JK', '2024-08-19', '2338.6963532011387', '2309.34033203125', '2358.2670339810643', '2289.769651251324'),
    ('UNVR.JK', '2024-08-20', '2309.340391778745', '2319.125732421875', '2358.2670949943963', '2289.769710492484'),
    ('UNVR.JK', '2024-08-21', '2328.9110128111756', '2309.34033203125', '2377.8377147609904', '2309.34033203125'),
    ('UNVR.JK', '2024-08-22', '2309.340271775266', '2299.554931640625', '2338.6962921791887', '2279.984251371343'),
    ('UNVR.JK', '2024-08-23', '2299.554931640625', '2299.554931640625', '2328.9109520445477', '2299.554931640625'),
    ('UNVR.JK', '2024-08-26', '2299.554931640625', '2299.554931640625', '2328.9109520445477', '2279.984251371343'),
    ('UNVR.JK', '2024-08-27', '2299.5550617068093', '2240.843017578125', '2309.3404023949233', '2201.7016548256684'),
    ('UNVR.JK', '2024-08-28', '2240.8430230034724', '2201.70166015625', '2240.8430230034724', '2191.9163194444445'),
    ('UNVR.JK', '2024-08-29', '2201.701600211007', '2191.916259765625', '2231.057621547154', '2191.916259765625'),
    ('UNVR.JK', '2024-08-30', '2191.9161963105726', '2221.272216796875', '2231.0575569589755', '2191.9161963105726'),
    ('UNVR.JK', '2024-09-02', '2231.057676890011', '2240.843017578125', '2279.984380330581', '2211.486995513783'),
    ('UNVR.JK', '2024-09-03', '2240.8430230034724', '2201.70166015625', '2250.628363715278', '2201.70166015625'),
    ('UNVR.JK', '2024-09-04', '2201.701600211007', '2191.916259765625', '2211.4869406563894', '2182.130919320243'),
    ('UNVR.JK', '2024-09-05', '2191.916138795045', '2172.345458984375', '2201.70147870038', '2172.345458984375'),
    ('UNVR.JK', '2024-09-06', '2172.345458984375', '2172.345458984375', '2201.70147870038', '2152.7747791737047'),
    ('UNVR.JK', '2024-09-09', '2172.3455225278253', '2142.989501953125', '2182.130862719392', '2123.4188215699915'),
    ('UNVR.JK', '2024-09-10', '2142.989621261666', '2162.560302734375', '2191.916324943439', '2142.989621261666'),
    ('UNVR.JK', '2024-09-11', '2162.5601823362585', '2142.989501953125', '2221.272223485659', '2142.989501953125'),
    ('UNVR.JK', '2024-09-12', '2152.7747791737047', '2172.345458984375', '2191.916138795045', '2142.98943926837'),
    ('UNVR.JK', '2024-09-13', '2172.345583274148', '2152.77490234375', '2182.1309237393466', '2133.2042214133526'),
    ('UNVR.JK', '2024-09-17', '2152.7747813933483', '2133.2041015625', '2162.560121308773', '2123.4187616470754'),
    ('UNVR.JK', '2024-09-18', '2142.989621261666', '2162.560302734375', '2162.560302734375', '2133.2042805253113'),
    ('UNVR.JK', '2024-09-19', '2162.560242808949', '2152.77490234375', '2250.6283069957385', '2152.77490234375'),
    ('UNVR.JK', '2024-09-20', '2152.774967597926', '2123.4189453125', '2162.5603083597352', '2123.4189453125'),
    ('UNVR.JK', '2024-09-23', '2142.989621261666', '2162.560302734375', '2162.560302734375', '2123.418939788957'),
    ('UNVR.JK', '2024-09-24', '2172.3454568238385', '2211.48681640625', '2221.2721563018526', '2162.5601169282354'),
    ('UNVR.JK', '2024-09-25', '2211.487054177989', '2250.62841796875', '2250.62841796875', '2191.916372282609'),
    ('UNVR.JK', '2024-09-26', '2250.62841796875', '2250.62841796875', '2260.41375891644', '2211.487054177989'),
    ('UNVR.JK', '2024-09-27', '2260.413577445278', '2221.272216796875', '2289.7695979315804', '2221.272216796875'),
    ('UNVR.JK', '2024-09-30', '2221.272347152503', '2162.560302734375', '2240.8430286252124', '2162.560302734375'),
    ('UNVR.JK', '2024-10-01', '2182.1309842070846', '2162.560302734375', '2191.916324943439', '2142.989621261666'),
    ('UNVR.JK', '2024-10-02', '2152.774967597926', '2123.4189453125', '2162.5603083597352', '2113.6336045506914'),
    ('UNVR.JK', '2024-10-03', '2123.4188215699915', '2142.989501953125', '2152.774842144692', '2094.062800995291'),
    ('UNVR.JK', '2024-10-04', '2142.9896268361176', '2123.4189453125', '2152.774967597926', '2123.4189453125'),
    ('UNVR.JK', '2024-10-07', '2133.204155337968', '2221.272216796875', '2221.272216796875', '2133.204155337968'),
    ('UNVR.JK', '2024-10-08', '2221.2722136262178', '2260.41357421875', '2279.9842545150163', '2191.916193181818'),
    ('UNVR.JK', '2024-10-09', '2260.413638466283', '2231.0576171875', '2299.555000171327', '2231.0576171875'),
    ('UNVR.JK', '2024-10-10', '2260.413638466283', '2231.0576171875', '2270.198978892544', '2211.486936334978'),
    ('UNVR.JK', '2024-10-11', '2231.0575569589755', '2221.272216796875', '2250.6282372831774', '2191.9161963105726'),
    ('UNVR.JK', '2024-10-14', '2221.2722725703798', '2270.198974609375', '2270.198974609375', '2201.701591754782'),
    ('UNVR.JK', '2024-10-15', '2270.1989112367023', '2299.554931640625', '2328.9109520445477', '2260.4135711020613'),
    ('UNVR.JK', '2024-10-16', '2319.1256643826846', '2387.623046875', '2387.623046875', '2270.1989626024592'),
    ('UNVR.JK', '2024-10-17', '2348.481754351266', '2319.125732421875', '2358.2670949943963', '2319.125732421875'),
    ('UNVR.JK', '2024-10-18', '2319.125737660944', '2279.984375', '2319.125737660944', '2279.984375'),
    ('UNVR.JK', '2024-10-21', '2289.769715665236', '2279.984375', '2319.125737660944', '2250.628353004292'),
    ('UNVR.JK', '2024-10-22', '2279.984315017174', '2270.198974609375', '2309.340336240571', '2260.413634201576'),
    ('UNVR.JK', '2024-10-23', '2270.199034334764', '2279.984375', '2289.769715665236', '2240.843012339056'),
    ('UNVR.JK', '2024-10-24', '2123.418951043501', '2084.277587890625', '2152.774973408157', '2054.921565525968'),
    ('UNVR.JK', '2024-10-25', '2084.2774065290178', '2054.92138671875', '2113.6334263392855', '2054.92138671875'),
    ('UNVR.JK', '2024-10-28', '2054.921518457998', '1976.6387939453125', '2064.706859022084', '1976.6387939453125'),
    ('UNVR.JK', '2024-10-29', '1976.6387939453125', '1976.6387939453125', '2015.7801562016552', '1947.2827722530553'),
    ('UNVR.JK', '2024-10-30', '1976.6388014190052', '1917.9267578125', '1976.6388014190052', '1917.9267578125'),
    ('UNVR.JK', '2024-10-31', '1917.9266658715012', '1922.8193359375', '1942.390016201495', '1917.9266658715012'),
    ('UNVR.JK', '2024-11-01', '1922.8193980653573', '1913.0340576171875', '1927.7120682894422', '1908.1413873931026'),
    ('UNVR.JK', '2024-11-04', '1913.0340354225852', '1829.858642578125', '1917.9267055899063', '1829.858642578125'),
    ('UNVR.JK', '2024-11-05', '1829.8587159574702', '1741.7906494140625', '1854.3220677750835', '1741.7906494140625'),
    ('UNVR.JK', '2024-11-06', '1736.8979516532006', '1717.3272705078125', '1751.5759625122416', '1707.5419299351183'),
    ('UNVR.JK', '2024-11-07', '1717.327272970326', '1697.756591796875', '1746.6832947305024', '1697.756591796875'),
    ('UNVR.JK', '2024-11-08', '1707.5419595891778', '1722.219970703125', '1736.8979818170722', '1702.6492892178621'),
    ('UNVR.JK', '2024-11-11', '1727.112643888627', '1702.6492919921875', '1732.0053142679149', '1697.7566216128996'),
    ('UNVR.JK', '2024-11-12', '1707.541863428403', '1785.8245849609375', '1785.8245849609375', '1702.6491933326197'),
    ('UNVR.JK', '2024-11-13', '1854.322064887153', '1761.361328125', '1854.322064887153', '1761.361328125'),
    ('UNVR.JK', '2024-11-14', '1761.3612701933262', '1732.0052490234375', '1776.0392807782705', '1732.0052490234375'),
    ('UNVR.JK', '2024-11-15', '1732.0052123030996', '1805.395263671875', '1810.2879337631266', '1732.0052123030996'),
    ('UNVR.JK', '2024-11-18', '1810.2880289266398', '1780.9320068359375', '1810.2880289266398', '1766.2539957905863'),
    ('UNVR.JK', '2024-11-19', '1780.9319165512466', '1766.25390625', '1795.6099268524931', '1766.25390625'),
    ('UNVR.JK', '2024-11-20', '1766.25390625', '1766.25390625', '1790.7172567520777', '1761.3612361495846'),
    ('UNVR.JK', '2024-11-21', '1761.3613365436422', '1702.6492919921875', '1780.9320180607938', '1702.6492919921875'),
    ('UNVR.JK', '2024-11-22', '1717.3272657474104', '1756.4686279296875', '1771.1466387480414', '1712.4345954746257'),
    ('UNVR.JK', '2024-11-25', '1771.1466252498776', '1873.8927001953125', '1873.8927001953125', '1771.1466252498776'),
    ('UNVR.JK', '2024-11-26', '1878.785344251337', '1829.858642578125', '1893.4633547533003', '1829.858642578125'),
    ('UNVR.JK', '2024-11-28', '1859.2146313411804', '1844.53662109375', '1898.3559920009948', '1844.53662109375'),
    ('UNVR.JK', '2024-11-29', '1844.5366227300813', '1824.9659423828125', '1864.10730307735', '1815.1806022091782'),
    ('UNVR.JK', '2024-12-02', '1810.2879915364583', '1834.7513427734375', '1859.2146940104167', '1810.2879915364583'),
    ('UNVR.JK', '2024-12-03', '1839.6440130208334', '1834.7513427734375', '1859.2146940104167', '1820.07333203125'),
    ('UNVR.JK', '2024-12-04', '1824.9659685863876', '1869.0', '1878.7853403141362', '1820.0732984293195'),
    ('UNVR.JK', '2024-12-05', '1890.0', '1875.0', '1890.0', '1850.0'),
    ('UNVR.JK', '2024-12-06', '1875.0', '1870.0', '1885.0', '1860.0'),
    ('UNVR.JK', '2024-12-09', '1870.0', '1895.0', '1915.0', '1865.0'),
    ('UNVR.JK', '2024-12-10', '1910.0', '2000.0', '2040.0', '1900.0'),
    ('UNVR.JK', '2024-12-11', '2000.0', '1945.0', '2020.0', '1945.0'),
    ('UNVR.JK', '2024-12-12', '1950.0', '1905.0', '1955.0', '1905.0'),
    ('UNVR.JK', '2024-12-13', '1905.0', '1870.0', '1905.0', '1855.0'),
    ('UNVR.JK', '2024-12-16', '1870.0', '1825.0', '1870.0', '1820.0'),
    ('UNVR.JK', '2024-12-17', '1810.0', '1760.0', '1830.0', '1760.0'),
    ('UNVR.JK', '2024-12-18', '1785.0', '1805.0', '1820.0', '1750.0'),
    ('UNVR.JK', '2024-12-19', '1795.0', '1770.0', '1795.0', '1760.0'),
    ('UNVR.JK', '2024-12-20', '1770.0', '1750.0', '1785.0', '1750.0'),
    ('UNVR.JK', '2024-12-23', '1765.0', '1785.0', '1795.0', '1755.0'),
    ('UNVR.JK', '2024-12-24', '1785.0', '1780.0', '1820.0', '1780.0'),
    ('UNVR.JK', '2024-12-27', '1785.0', '1840.0', '1860.0', '1780.0'),
    ('UNVR.JK', '2024-12-30', '1840.0', '1885.0', '1890.0', '1820.0'),
    ('UNVR.JK', '2025-01-02', '1900.0', '1835.0', '1900.0', '1820.0'),
    ('UNVR.JK', '2025-01-03', '1835.0', '1775.0', '1840.0', '1775.0'),
    ('UNVR.JK', '2025-01-06', '1775.0', '1745.0', '1805.0', '1745.0'),
    ('UNVR.JK', '2025-01-07', '1750.0', '1780.0', '1780.0', '1750.0'),
    ('UNVR.JK', '2025-01-08', '1780.0', '1725.0', '1780.0', '1725.0'),
    ('UNVR.JK', '2025-01-09', '1725.0', '1690.0', '1745.0', '1690.0'),
    ('UNVR.JK', '2025-01-10', '1695.0', '1705.0', '1715.0', '1685.0'),
    ('UNVR.JK', '2025-01-13', '1710.0', '1720.0', '1745.0', '1705.0'),
    ('UNVR.JK', '2025-01-14', '1720.0', '1745.0', '1790.0', '1720.0'),
    ('UNVR.JK', '2025-01-15', '1745.0', '1735.0', '1765.0', '1735.0'),
    ('UNVR.JK', '2025-01-16', '1750.0', '1785.0', '1790.0', '1745.0'),
    ('UNVR.JK', '2025-01-17', '1785.0', '1790.0', '1790.0', '1765.0'),
    ('UNVR.JK', '2025-01-20', '1790.0', '1750.0', '1790.0', '1750.0'),
    ('UNVR.JK', '2025-01-21', '1760.0', '1730.0', '1770.0', '1730.0'),
    ('UNVR.JK', '2025-01-22', '1730.0', '1695.0', '1750.0', '1695.0'),
    ('UNVR.JK', '2025-01-23', '1700.0', '1740.0', '1740.0', '1700.0'),
    ('UNVR.JK', '2025-01-24', '1745.0', '1690.0', '1745.0', '1690.0'),
    ('UNVR.JK', '2025-01-30', '1690.0', '1650.0', '1690.0', '1645.0'),
    ('UNVR.JK', '2025-01-31', '1650.0', '1630.0', '1660.0', '1630.0'),
    ('UNVR.JK', '2025-02-03', '1635.0', '1580.0', '1640.0', '1580.0'),
    ('UNVR.JK', '2025-02-04', '1580.0', '1565.0', '1620.0', '1560.0'),
    ('UNVR.JK', '2025-02-05', '1565.0', '1565.0', '1575.0', '1550.0'),
    ('UNVR.JK', '2025-02-06', '1565.0', '1510.0', '1565.0', '1500.0'),
    ('UNVR.JK', '2025-02-07', '1510.0', '1425.0', '1510.0', '1425.0'),
    ('UNVR.JK', '2025-02-10', '1425.0', '1505.0', '1545.0', '1425.0'),
    ('UNVR.JK', '2025-02-11', '1525.0', '1425.0', '1530.0', '1425.0'),
    ('UNVR.JK', '2025-02-12', '1425.0', '1375.0', '1445.0', '1370.0'),
    ('UNVR.JK', '2025-02-13', '1370.0', '1415.0', '1420.0', '1290.0'),
    ('UNVR.JK', '2025-02-14', '1420.0', '1465.0', '1500.0', '1420.0'),
    ('UNVR.JK', '2025-02-17', '1475.0', '1440.0', '1500.0', '1425.0'),
    ('UNVR.JK', '2025-02-18', '1440.0', '1450.0', '1460.0', '1420.0'),
    ('UNVR.JK', '2025-02-19', '1450.0', '1375.0', '1450.0', '1375.0'),
    ('UNVR.JK', '2025-02-20', '1380.0', '1350.0', '1405.0', '1330.0'),
    ('UNVR.JK', '2025-02-21', '1345.0', '1290.0', '1355.0', '1290.0'),
    ('UNVR.JK', '2025-02-24', '1295.0', '1265.0', '1305.0', '1255.0'),
    ('UNVR.JK', '2025-02-25', '1240.0', '1150.0', '1255.0', '1150.0'),
    ('UNVR.JK', '2025-02-26', '1160.0', '1200.0', '1225.0', '1155.0'),
    ('UNVR.JK', '2025-02-27', '1215.0', '1200.0', '1265.0', '1185.0'),
    ('UNVR.JK', '2025-02-28', '1200.0', '1015.0', '1210.0', '1015.0'),
    ('UNVR.JK', '2025-03-03', '985.0', '1125.0', '1215.0', '985.0'),
    ('UNVR.JK', '2025-03-04', '1125.0', '1090.0', '1160.0', '1075.0'),
    ('UNVR.JK', '2025-03-05', '1095.0', '1120.0', '1185.0', '1095.0'),
    ('UNVR.JK', '2025-03-06', '1130.0', '1140.0', '1165.0', '1110.0'),
    ('UNVR.JK', '2025-03-07', '1150.0', '1200.0', '1240.0', '1150.0'),
    ('UNVR.JK', '2025-03-10', '1205.0', '1180.0', '1230.0', '1175.0'),
    ('UNVR.JK', '2025-03-11', '1170.0', '1190.0', '1200.0', '1145.0'),
    ('UNVR.JK', '2025-03-12', '1200.0', '1150.0', '1210.0', '1150.0'),
    ('UNVR.JK', '2025-03-13', '1160.0', '1260.0', '1280.0', '1155.0'),
    ('UNVR.JK', '2025-03-14', '1270.0', '1300.0', '1335.0', '1260.0'),
    ('UNVR.JK', '2025-03-17', '1310.0', '1365.0', '1375.0', '1305.0'),
    ('UNVR.JK', '2025-03-18', '1365.0', '1360.0', '1380.0', '1300.0'),
    ('UNVR.JK', '2025-03-19', '1360.0', '1360.0', '1420.0', '1335.0'),
    ('UNVR.JK', '2025-03-20', '1365.0', '1305.0', '1370.0', '1295.0'),
    ('UNVR.JK', '2025-03-21', '1305.0', '1295.0', '1330.0', '1255.0'),
    ('UNVR.JK', '2025-03-24', '1275.0', '1250.0', '1290.0', '1225.0'),
    ('UNVR.JK', '2025-03-25', '1255.0', '1245.0', '1275.0', '1220.0'),
    ('UNVR.JK', '2025-03-26', '1240.0', '1240.0', '1275.0', '1235.0'),
    ('UNVR.JK', '2025-03-27', '1240.0', '1265.0', '1285.0', '1225.0'),
    ('UNVR.JK', '2025-04-08', '1150.0', '1180.0', '1180.0', '1125.0'),
    ('UNVR.JK', '2025-04-09', '1165.0', '1155.0', '1220.0', '1135.0'),
    ('UNVR.JK', '2025-04-10', '1210.0', '1285.0', '1285.0', '1195.0'),
    ('UNVR.JK', '2025-04-11', '1275.0', '1310.0', '1340.0', '1255.0'),
    ('UNVR.JK', '2025-04-14', '1310.0', '1360.0', '1420.0', '1310.0'),
    ('UNVR.JK', '2025-04-15', '1375.0', '1330.0', '1380.0', '1325.0'),
    ('UNVR.JK', '2025-04-16', '1335.0', '1320.0', '1355.0', '1300.0'),
    ('UNVR.JK', '2025-04-17', '1335.0', '1320.0', '1345.0', '1305.0'),
    ('UNVR.JK', '2025-04-21', '1320.0', '1345.0', '1415.0', '1310.0'),
    ('UNVR.JK', '2025-04-22', '1350.0', '1385.0', '1400.0', '1335.0'),
    ('UNVR.JK', '2025-04-23', '1410.0', '1425.0', '1450.0', '1390.0'),
    ('UNVR.JK', '2025-04-24', '1450.0', '1495.0', '1500.0', '1435.0'),
    ('UNVR.JK', '2025-04-25', '1530.0', '1750.0', '1865.0', '1530.0'),
    ('UNVR.JK', '2025-04-28', '1760.0', '1665.0', '1795.0', '1650.0'),
    ('UNVR.JK', '2025-04-29', '1665.0', '1680.0', '1700.0', '1645.0'),
    ('UNVR.JK', '2025-04-30', '1680.0', '1715.0', '1750.0', '1665.0'),
    ('UNVR.JK', '2025-05-02', '1720.0', '1755.0', '1775.0', '1700.0'),
    ('UNVR.JK', '2025-05-05', '1755.0', '1775.0', '1850.0', '1750.0'),
    ('UNVR.JK', '2025-05-06', '1790.0', '1835.0', '1835.0', '1780.0'),
    ('UNVR.JK', '2025-05-07', '1850.0', '1810.0', '1860.0', '1810.0'),
    ('UNVR.JK', '2025-05-08', '1810.0', '1780.0', '1810.0', '1750.0'),
    ('UNVR.JK', '2025-05-09', '1760.0', '1780.0', '1815.0', '1755.0'),
    ('UNVR.JK', '2025-05-14', '1780.0', '1785.0', '1820.0', '1765.0'),
    ('UNVR.JK', '2025-05-15', '1785.0', '1790.0', '1825.0', '1785.0'),
    ('UNVR.JK', '2025-05-16', '1820.0', '1765.0', '1820.0', '1755.0'),
    ('UNVR.JK', '2025-05-19', '1770.0', '1765.0', '1785.0', '1715.0'),
    ('UNVR.JK', '2025-05-20', '1770.0', '1710.0', '1780.0', '1705.0'),
    ('UNVR.JK', '2025-05-21', '1705.0', '1760.0', '1760.0', '1670.0'),
    ('UNVR.JK', '2025-05-22', '1760.0', '1815.0', '1855.0', '1735.0'),
    ('UNVR.JK', '2025-05-23', '1780.0', '1785.0', '1805.0', '1780.0'),
    ('BMRI.JK', '2024-05-27', '5474.262192361856', '5292.5439453125', '5496.976973243026', '5292.5439453125'),
    ('BMRI.JK', '2024-05-28', '5315.259035254727', '5406.1181640625', '5474.26251066833', '5292.5442530527835'),
    ('BMRI.JK', '2024-05-29', '5292.544372558594', '5269.82958984375', '5337.973937988281', '5178.970458984375'),
    ('BMRI.JK', '2024-05-30', '5247.114507147606', '5337.9736328125', '5451.547539893617', '5019.966692985372'),
    ('BMRI.JK', '2024-05-31', '5451.547603283899', '5360.6884765625', '5474.262384964248', '5360.6884765625'),
    ('BMRI.JK', '2024-06-03', '5519.691956566982', '5542.40673828125', '5587.8363017097845', '5474.262393138448'),
    ('BMRI.JK', '2024-06-04', '5587.83642578125', '5587.83642578125', '5701.4103368743645', '5565.121643562627'),
    ('BMRI.JK', '2024-06-05', '5565.121765136719', '5451.5478515625', '5587.8365478515625', '5428.833068847656'),
    ('BMRI.JK', '2024-06-06', '5565.121704595775', '5610.55126953125', '5633.266051998988', '5519.692139660298'),
    ('BMRI.JK', '2024-06-07', '5678.695374750996', '5701.41015625', '5701.41015625', '5587.83624875498'),
    ('BMRI.JK', '2024-06-10', '5701.41015625', '5701.41015625', '5769.554500747012', '5633.265811752988'),
    ('BMRI.JK', '2024-06-11', '5633.265927933673', '5565.12158203125', '5678.695491868622', '5565.12158203125'),
    ('BMRI.JK', '2024-06-12', '5496.977230023735', '5383.4033203125', '5519.692011965982', '5360.688538370254'),
    ('BMRI.JK', '2024-06-13', '5428.832758477393', '5337.9736328125', '5451.547539893617', '5315.258851396276'),
    ('BMRI.JK', '2024-06-14', '5315.259031080163', '5224.39990234375', '5337.973813264266', '5133.540773607337'),
    ('BMRI.JK', '2024-06-19', '5247.114684527854', '5224.39990234375', '5315.259031080163', '5156.25555579144'),
    ('BMRI.JK', '2024-06-20', '5292.5442530527835', '5406.1181640625', '5406.1181640625', '5224.3999064469535'),
    ('BMRI.JK', '2024-06-21', '5496.977236128827', '5565.12158203125', '5633.265927933673', '5474.262454161352'),
    ('BMRI.JK', '2024-06-24', '5519.692199707031', '5451.5478515625', '5565.121765136719', '5451.5478515625'),
    ('BMRI.JK', '2024-06-25', '5383.4033203125', '5383.4033203125', '5428.832884196994', '5292.5441925435125'),
    ('BMRI.JK', '2024-06-26', '5406.117913661859', '5315.2587890625', '5474.262257111378', '5315.2587890625'),
    ('BMRI.JK', '2024-06-27', '5360.688720703125', '5451.5478515625', '5519.692199707031', '5337.973937988281'),
    ('BMRI.JK', '2024-06-28', '5451.547732469512', '5587.83642578125', '5678.695554655742', '5451.547732469512'),
    ('BMRI.JK', '2024-07-01', '5610.55096875', '5678.6953125', '5678.6953125', '5542.406625'),
    ('BMRI.JK', '2024-07-02', '5701.410461425781', '5633.26611328125', '5769.5548095703125', '5587.8365478515625'),
    ('BMRI.JK', '2024-07-03', '5701.410030747992', '5655.98046875', '5724.124811746988', '5542.40656375502'),
    ('BMRI.JK', '2024-07-04', '5678.6953125', '5678.6953125', '5814.9839999999995', '5655.980531249999'),
    ('BMRI.JK', '2024-07-05', '5746.839606259119', '5837.69873046875', '5905.8430736259725', '5724.124825206712'),
    ('BMRI.JK', '2024-07-08', '5814.983935742972', '5655.98046875', '5837.698716741968', '5633.265687751004'),
    ('BMRI.JK', '2024-07-09', '5655.980836397059', '5792.26953125', '5814.98431372549', '5633.2660539215685'),
    ('BMRI.JK', '2024-07-10', '5792.26953125', '5792.26953125', '5860.413878676471', '5724.125183823529'),
    ('BMRI.JK', '2024-07-11', '5814.984375', '5814.984375', '5837.699157714844', '5769.5548095703125'),
    ('BMRI.JK', '2024-07-12', '5860.4135115211575', '5837.69873046875', '5951.272635730787', '5814.9839494163425'),
    ('BMRI.JK', '2024-07-15', '5860.413816437008', '5769.5546875', '5860.413816437008', '5724.125123031496'),
    ('BMRI.JK', '2024-07-16', '5814.9842519685035', '5769.5546875', '5814.9842519685035', '5724.125123031496'),
    ('BMRI.JK', '2024-07-17', '5860.41357421875', '5860.41357421875', '5928.557918105015', '5792.269230332486'),
    ('BMRI.JK', '2024-07-18', '5951.27294921875', '5951.27294921875', '5996.702513716603', '5905.843384720897'),
    ('BMRI.JK', '2024-07-19', '5905.8433234554595', '5928.55810546875', '5928.55810546875', '5860.4137594288795'),
    ('BMRI.JK', '2024-07-22', '5973.9876144181435', '6087.5615234375', '6087.5615234375', '5928.5580508104'),
    ('BMRI.JK', '2024-07-23', '6132.990897700472', '6019.4169921875', '6132.990897700472', '5951.272648879717'),
    ('BMRI.JK', '2024-07-24', '5905.843199505309', '5883.12841796875', '5973.987544114986', '5883.12841796875'),
    ('BMRI.JK', '2024-07-25', '5860.4138805548955', '5973.98779296875', '5973.98779296875', '5814.984315589353'),
    ('BMRI.JK', '2024-07-26', '5973.987731467677', '5951.27294921875', '6019.41729596553', '5905.843384720897'),
    ('BMRI.JK', '2024-07-29', '5951.272762578427', '5883.12841796875', '5951.272762578427', '5860.413636432191'),
    ('BMRI.JK', '2024-07-30', '5883.12841796875', '5883.12841796875', '5951.272762578427', '5792.269291822515'),
    ('BMRI.JK', '2024-07-31', '5814.984375', '5814.984375', '5883.128723144531', '5792.269592285156'),
    ('BMRI.JK', '2024-08-01', '5951.272952835648', '6132.9912109375', '6132.9912109375', '5905.843388310185'),
    ('BMRI.JK', '2024-08-02', '6087.561286477482', '6178.42041015625', '6246.564752915327', '6064.84650555779'),
    ('BMRI.JK', '2024-08-05', '6087.5617053826045', '5973.98779296875', '6110.276487865375', '5905.843445520437'),
    ('BMRI.JK', '2024-08-06', '6042.131773290094', '6019.4169921875', '6087.561335495283', '5928.557867777123'),
    ('BMRI.JK', '2024-08-07', '6110.276489708256', '6155.7060546875', '6155.7060546875', '6042.132142239391'),
    ('BMRI.JK', '2024-08-08', '6178.42041015625', '6178.42041015625', '6223.849971995634', '6110.276067397173'),
    ('BMRI.JK', '2024-08-09', '6201.135316277943', '6223.85009765625', '6269.279660412865', '6178.420534899636'),
    ('BMRI.JK', '2024-08-12', '6246.5650033259735', '6269.27978515625', '6269.27978515625', '6155.7058760048685'),
    ('BMRI.JK', '2024-08-13', '6223.849986049107', '6360.138671875', '6360.138671875', '6223.849986049107'),
    ('BMRI.JK', '2024-08-14', '6428.283203125', '6428.283203125', '6450.997984761484', '6382.853639852032'),
    ('BMRI.JK', '2024-08-15', '6428.28307801379', '6382.853515625', '6428.28307801379', '6291.99439084742'),
    ('BMRI.JK', '2024-08-16', '6428.283203125', '6428.283203125', '6473.712766397968', '6382.853639852032'),
    ('BMRI.JK', '2024-08-19', '6428.283387510927', '6496.427734375', '6496.427734375', '6382.853822934878'),
    ('BMRI.JK', '2024-08-20', '6541.85693359375', '6541.85693359375', '6678.145619710286', '6496.427371554904'),
    ('BMRI.JK', '2024-08-21', '6632.716183997845', '6587.28662109375', '6632.716183997845', '6564.571839641702'),
    ('BMRI.JK', '2024-08-22', '6496.427485039893', '6405.568359375', '6519.142266456117', '6291.994452293883'),
    ('BMRI.JK', '2024-08-23', '6360.138796542553', '6405.568359375', '6428.283140791224', '6337.424015126329'),
    ('BMRI.JK', '2024-08-26', '6405.568359375', '6405.568359375', '6450.997922207446', '6360.138796542553'),
    ('BMRI.JK', '2024-08-27', '6382.853515625', '6382.853515625', '6405.568296819395', '6291.99439084742'),
    ('BMRI.JK', '2024-08-28', '6382.853527451882', '6564.57177734375', '6564.57177734375', '6360.138746215398'),
    ('BMRI.JK', '2024-08-29', '6632.716301716549', '6450.998046875', '6632.716301716549', '6450.998046875'),
    ('BMRI.JK', '2024-08-30', '6450.998108552632', '6473.712890625', '6519.142454769737', '6428.283326480264'),
    ('BMRI.JK', '2024-09-02', '6541.85693359375', '6541.85693359375', '6610.001276652018', '6473.7125905354815'),
    ('BMRI.JK', '2024-09-03', '6541.85711130742', '6428.283203125', '6587.2866745803885', '6405.568421488516'),
    ('BMRI.JK', '2024-09-04', '6360.139100609756', '6519.142578125', '6519.142578125', '6360.139100609756'),
    ('BMRI.JK', '2024-09-05', '6473.713013120644', '6519.142578125', '6564.572143129355', '6473.713013120644'),
    ('BMRI.JK', '2024-09-06', '6519.142276737608', '6587.28662109375', '6610.001402545798', '6496.42749528556'),
    ('BMRI.JK', '2024-09-09', '6587.28662109375', '6587.28662109375', '6587.28662109375', '6541.857058189656'),
    ('BMRI.JK', '2024-09-10', '6587.28662109375', '6587.28662109375', '6610.001402545798', '6564.571839641702'),
    ('BMRI.JK', '2024-09-11', '6632.716492319915', '6700.86083984375', '6723.575622351695', '6610.00170981197'),
    ('BMRI.JK', '2024-09-12', '6700.860654229987', '6632.71630859375', '6746.290217987478', '6632.71630859375'),
    ('BMRI.JK', '2024-09-13', '6632.716246509879', '6610.00146484375', '6632.716246509879', '6564.57190151149'),
    ('BMRI.JK', '2024-09-17', '6655.430913957281', '6746.2900390625', '6769.004820338804', '6632.716132680976'),
    ('BMRI.JK', '2024-09-18', '6700.860414247255', '6723.5751953125', '6769.00475744299', '6678.14563318201'),
    ('BMRI.JK', '2024-09-19', '6769.00475744299', '6723.5751953125', '6859.863881703969', '6723.5751953125'),
    ('BMRI.JK', '2024-09-20', '6723.575436108733', '6632.71630859375', '6746.290217987478', '6632.71630859375'),
    ('BMRI.JK', '2024-09-23', '6655.43097538276', '6769.0048828125', '6769.0048828125', '6632.716193896813'),
    ('BMRI.JK', '2024-09-24', '6723.575257786195', '6746.2900390625', '6791.719601615109', '6700.860476509891'),
    ('BMRI.JK', '2024-09-25', '6678.145619710286', '6541.85693359375', '6678.145619710286', '6405.568247477213'),
    ('BMRI.JK', '2024-09-26', '6519.142578125', '6519.142578125', '6541.8573606271775', '6450.998230618467'),
    ('BMRI.JK', '2024-09-27', '6382.853577958776', '6405.568359375', '6473.71270362367', '6360.138796542553'),
    ('BMRI.JK', '2024-09-30', '6360.138975067689', '6291.99462890625', '6382.853757121503', '6246.565064798623'),
    ('BMRI.JK', '2024-10-01', '6360.138796542553', '6405.568359375', '6428.283140791224', '6314.709233710106'),
    ('BMRI.JK', '2024-10-02', '6382.85388139841', '6337.42431640625', '6450.998228886649', '6291.99475141409'),
    ('BMRI.JK', '2024-10-03', '6360.138796542553', '6405.568359375', '6428.283140791224', '6269.27967087766'),
    ('BMRI.JK', '2024-10-04', '6382.8538194834755', '6314.70947265625', '6405.568601759218', '6269.279908104766'),
    ('BMRI.JK', '2024-10-07', '6291.994504616478', '6246.56494140625', '6291.994504616478', '6178.42059659091'),
    ('BMRI.JK', '2024-10-08', '6201.135386760159', '6428.283203125', '6519.142329670936', '6155.705823487191'),
    ('BMRI.JK', '2024-10-09', '6428.283384034959', '6314.70947265625', '6519.142513137927', '6314.70947265625'),
    ('BMRI.JK', '2024-10-10', '6291.9946903805085', '6314.70947265625', '6405.568601759218', '6269.279908104766'),
    ('BMRI.JK', '2024-10-11', '6382.8538194834755', '6314.70947265625', '6382.8538194834755', '6291.9946903805085'),
    ('BMRI.JK', '2024-10-14', '6291.99462890625', '6291.99462890625', '6337.424193013876', '6269.279846852437'),
    ('BMRI.JK', '2024-10-15', '6360.138796542553', '6405.568359375', '6450.997922207446', '6291.994452293883'),
    ('BMRI.JK', '2024-10-16', '6405.5682338169645', '6360.138671875', '6428.283014787947', '6291.994328962053'),
    ('BMRI.JK', '2024-10-17', '6405.568308688365', '6564.57177734375', '6587.286558580234', '6360.138746215398'),
    ('BMRI.JK', '2024-10-18', '6610.001708133711', '6519.142578125', '6632.7164906358885', '6519.142578125'),
    ('BMRI.JK', '2024-10-21', '6587.286495632595', '6541.85693359375', '6587.286495632595', '6473.7125905354815'),
    ('BMRI.JK', '2024-10-22', '6496.427548034452', '6428.283203125', '6519.142329670936', '6428.283203125'),
    ('BMRI.JK', '2024-10-23', '6428.283203125', '6428.283203125', '6473.712766397968', '6382.853639852032'),
    ('BMRI.JK', '2024-10-24', '6360.13909890233', '6337.42431640625', '6496.427793878808', '6337.42431640625'),
    ('BMRI.JK', '2024-10-25', '6337.424015126329', '6405.568359375', '6405.568359375', '6337.424015126329'),
    ('BMRI.JK', '2024-10-28', '6428.2830654046475', '6201.13525390625', '6428.2830654046475', '6178.42047275641'),
    ('BMRI.JK', '2024-10-29', '6178.42047275641', '6201.13525390625', '6223.85003505609', '6110.276129306892'),
    ('BMRI.JK', '2024-10-30', '5973.98773509838', '6132.9912109375', '6155.705993200231', '5973.98773509838'),
    ('BMRI.JK', '2024-10-31', '6132.991087045242', '6087.5615234375', '6201.135432456856', '6087.5615234375'),
    ('BMRI.JK', '2024-11-01', '6110.276179951832', '6042.1318359375', '6110.276179951832', '5951.272710585056'),
    ('BMRI.JK', '2024-11-04', '5996.702517361111', '6132.9912109375', '6178.420775462962', '5928.558170572916'),
    ('BMRI.JK', '2024-11-05', '6110.276372475744', '6291.99462890625', '6314.709410960063', '6064.846808368118'),
    ('BMRI.JK', '2024-11-06', '6291.994682952648', '5951.27294921875', '6291.994682952648', '5951.27294921875'),
    ('BMRI.JK', '2024-11-07', '5905.8430736259725', '5837.69873046875', '5951.272635730787', '5837.69873046875'),
    ('BMRI.JK', '2024-11-08', '5837.698971714427', '5746.83984375', '5928.558099678854', '5701.410279767787'),
    ('BMRI.JK', '2024-11-11', '5724.125123031496', '5769.5546875', '5860.413816437008', '5587.836429625984'),
    ('BMRI.JK', '2024-11-12', '5792.26953125', '5792.26953125', '5860.413878676471', '5746.83996629902'),
    ('BMRI.JK', '2024-11-13', '5905.8430736259725', '5837.69873046875', '5951.272635730787', '5814.9839494163425'),
    ('BMRI.JK', '2024-11-14', '5792.26953125', '5792.26953125', '5883.128661151961', '5769.55474877451'),
    ('BMRI.JK', '2024-11-15', '5724.125123031496', '5769.5546875', '5814.9842519685035', '5724.125123031496'),
    ('BMRI.JK', '2024-11-18', '5769.554625741107', '5746.83984375', '5837.698971714427', '5655.980715785573'),
    ('BMRI.JK', '2024-11-19', '5792.26921875', '5678.6953125', '5792.26921875', '5655.980531249999'),
    ('BMRI.JK', '2024-11-20', '5746.839592745984', '5655.98046875', '5769.55437374498', '5633.265687751004'),
    ('BMRI.JK', '2024-11-21', '5655.9807724371185', '5587.83642578125', '5655.9807724371185', '5565.121643562627'),
    ('BMRI.JK', '2024-11-22', '5565.121406249999', '5678.6953125', '5724.1248749999995', '5542.406625'),
    ('BMRI.JK', '2024-11-25', '5746.839968141041', '5973.98779296875', '5996.702575451521', '5746.839968141041'),
    ('BMRI.JK', '2024-11-26', '5996.70263671875', '5814.984375', '5996.70263671875', '5746.840026855469'),
    ('BMRI.JK', '2024-11-28', '5769.554449037064', '5860.41357421875', '5928.557918105015', '5769.554449037064'),
    ('BMRI.JK', '2024-11-29', '5746.83990131161', '5587.83642578125', '5792.269465748856', '5565.121643562627'),
    ('BMRI.JK', '2024-12-02', '5610.551330566406', '5451.5478515625', '5678.6956787109375', '5428.833068847656'),
    ('BMRI.JK', '2024-12-03', '5542.4066857569715', '5701.41015625', '5701.41015625', '5542.4066857569715'),
    ('BMRI.JK', '2024-12-04', '5701.410401348039', '5792.26953125', '5860.413878676471', '5655.980836397059'),
    ('BMRI.JK', '2024-12-05', '5769.554683530234', '5587.83642578125', '5792.269465748856', '5587.83642578125'),
    ('BMRI.JK', '2024-12-06', '5633.265687751004', '5655.98046875', '5701.410030747992', '5565.121344754016'),
    ('BMRI.JK', '2024-12-09', '5610.551271446078', '5792.26953125', '5792.26953125', '5610.551271446078'),
    ('BMRI.JK', '2024-12-10', '5701.410218253968', '5724.125', '5746.839781746032', '5655.980654761905'),
    ('BMRI.JK', '2024-12-11', '5724.125', '5724.125', '5814.984126984127', '5724.125'),
    ('BMRI.JK', '2024-12-12', '5633.265927933673', '5565.12158203125', '5655.980709901148', '5542.406800063775'),
    ('BMRI.JK', '2024-12-13', '5474.26220703125', '5474.26220703125', '5542.4065498573655', '5428.832645147173'),
    ('BMRI.JK', '2024-12-16', '5360.688424318416', '5519.69189453125', '5542.406675990226', '5360.688424318416'),
    ('BMRI.JK', '2024-12-17', '5496.977292870273', '5406.1181640625', '5519.692075072216', '5383.403381860557'),
    ('BMRI.JK', '2024-12-18', '5383.403068837178', '5292.5439453125', '5451.547411480687', '5247.114383550161'),
    ('BMRI.JK', '2024-12-19', '5110.825808352836', '5156.25537109375', '5201.684933834664', '5088.111026982379'),
    ('BMRI.JK', '2024-12-20', '5156.25537109375', '5156.25537109375', '5224.3997152051215', '5110.825808352836'),
    ('BMRI.JK', '2024-12-23', '5269.82916443133', '5292.5439453125', '5337.973507074839', '5201.684821787821'),
    ('BMRI.JK', '2024-12-24', '5292.54424889606', '5224.39990234375', '5337.973813264266', '5224.39990234375'),
    ('BMRI.JK', '2024-12-27', '5224.4000244140625', '5269.82958984375', '5315.2591552734375', '5224.4000244140625'),
    ('BMRI.JK', '2024-12-30', '5156.255433199698', '5178.97021484375', '5224.399778131853', '5133.540651555647'),
    ('BMRI.JK', '2025-01-02', '5178.970102163462', '5315.2587890625', '5315.2587890625', '5178.970102163462'),
    ('BMRI.JK', '2025-01-03', '5315.2591552734375', '5269.82958984375', '5337.973937988281', '5247.114807128906'),
    ('BMRI.JK', '2025-01-06', '5292.544059316492', '5156.25537109375', '5292.544059316492', '5133.540589723293'),
    ('BMRI.JK', '2025-01-07', '5088.111328125', '5088.111328125', '5133.5408935546875', '5042.6817626953125'),
    ('BMRI.JK', '2025-01-08', '5088.11120923913', '5224.39990234375', '5224.39990234375', '5088.11120923913'),
    ('BMRI.JK', '2025-01-09', '5201.685120159646', '5224.39990234375', '5247.114684527854', '5178.970337975544'),
    ('BMRI.JK', '2025-01-10', '5224.4000244140625', '5088.111328125', '5247.114807128906', '5088.111328125'),
    ('BMRI.JK', '2025-01-13', '4997.252014988688', '5019.966796875', '5042.681578761312', '4974.5372331023755'),
    ('BMRI.JK', '2025-01-14', '4929.107849121094', '4906.39306640625', '5065.396545410156', '4906.39306640625'),
    ('BMRI.JK', '2025-01-15', '4974.537298318614', '5224.39990234375', '5292.54424889606', '4951.822516134511'),
    ('BMRI.JK', '2025-01-16', '5519.691884142287', '5337.9736328125', '5633.265791223404', '5315.258851396276'),
    ('BMRI.JK', '2025-01-17', '5269.829288563829', '5337.9736328125', '5496.977102726064', '5224.399725731383'),
    ('BMRI.JK', '2025-01-20', '5451.5478515625', '5451.5478515625', '5496.9774169921875', '5383.403503417969'),
    ('BMRI.JK', '2025-01-21', '5542.406613184401', '5496.97705078125', '5610.550956789127', '5474.2622695796745'),
    ('BMRI.JK', '2025-01-22', '5587.83642578125', '5587.83642578125', '5633.265990218496', '5542.406861344004'),
    ('BMRI.JK', '2025-01-23', '5633.266051998988', '5610.55126953125', '5724.125181869939', '5610.55126953125'),
    ('BMRI.JK', '2025-01-24', '5678.695491868622', '5565.12158203125', '5678.695491868622', '5565.12158203125'),
    ('BMRI.JK', '2025-01-30', '5542.40673828125', '5542.40673828125', '5655.980646852587', '5519.691956566982'),
    ('BMRI.JK', '2025-01-31', '5610.55089268348', '5474.26220703125', '5655.980454567557', '5474.26220703125'),
    ('BMRI.JK', '2025-02-03', '5428.833068847656', '5269.82958984375', '5451.5478515625', '5178.970458984375'),
    ('BMRI.JK', '2025-02-04', '5292.544059316492', '5156.25537109375', '5315.258840686949', '5110.825808352836'),
    ('BMRI.JK', '2025-02-05', '5088.111142533937', '5019.966796875', '5088.111142533937', '4974.5372331023755'),
    ('BMRI.JK', '2025-02-06', '4929.107589422488', '4633.8154296875', '4929.107589422488', '4542.956303615196'),
    ('BMRI.JK', '2025-02-07', '4542.956424453883', '4679.2451171875', '4679.2451171875', '4497.526860209345'),
    ('BMRI.JK', '2025-02-10', '4679.2452392578125', '4542.95654296875', '4679.2452392578125', '4533.870629882813'),
    ('BMRI.JK', '2025-02-11', '4315.808430656058', '4433.92529296875', '4497.5266803678915', '4315.808430656058'),
    ('BMRI.JK', '2025-02-12', '4470.269092389929', '4488.44091796875', '4497.526830758161', '4388.495877285235'),
    ('BMRI.JK', '2025-02-13', '4488.440644434079', '4565.6708984375', '4611.100459615983', '4452.0969954912935'),
    ('BMRI.JK', '2025-02-14', '4633.815491615854', '4656.5302734375', '4724.674618902439', '4515.698626143292'),
    ('BMRI.JK', '2025-02-17', '4724.67439516129', '4929.107421875', '4974.536983366936', '4701.959614415323'),
    ('BMRI.JK', '2025-02-18', '4951.822265625', '4951.822265625', '5042.681389764908', '4883.677922520069'),
    ('BMRI.JK', '2025-02-19', '4883.678220297404', '4701.9599609375', '4906.393002717391', '4656.530396097524'),
    ('BMRI.JK', '2025-02-20', '4656.53033506523', '4679.2451171875', '4747.389463554308', '4633.815552942961'),
    ('BMRI.JK', '2025-02-21', '4542.956242302956', '4611.1005859375', '4633.8153671490145', '4542.956242302956'),
    ('BMRI.JK', '2025-02-24', '4588.385679026741', '4565.6708984375', '4611.100459615983', '4524.784293376865'),
    ('BMRI.JK', '2025-02-25', '4542.956217113706', '4424.83935546875', '4565.670998199274', '4415.753443034522'),
    ('BMRI.JK', '2025-02-26', '4415.753566834985', '4470.26904296875', '4524.784519102515', '4406.667654146024'),
    ('BMRI.JK', '2025-02-27', '4479.35478976663', '4234.03515625', '4497.526614471566', '4234.03515625'),
    ('BMRI.JK', '2025-02-28', '4197.691845703125', '4179.52001953125', '4261.293237304688', '4134.0904541015625'),
    ('BMRI.JK', '2025-03-03', '4315.80847915338', '4452.09716796875', '4524.78446867028', '4270.378916214923'),
    ('BMRI.JK', '2025-03-04', '4452.0970166419165', '4397.58154296875', '4470.268841199639', '4315.808332459001'),
    ('BMRI.JK', '2025-03-05', '4415.75341796875', '4415.75341796875', '4588.385753239133', '4415.75341796875'),
    ('BMRI.JK', '2025-03-06', '4461.183005205659', '4424.83935546875', '4524.784392245251', '4424.83935546875'),
    ('BMRI.JK', '2025-03-07', '4424.839279805333', '4397.58154296875', '4424.839279805333', '4370.323806132167'),
    ('BMRI.JK', '2025-03-10', '4297.636668988854', '4279.46484375', '4324.894406847134', '4234.035280652866'),
    ('BMRI.JK', '2025-03-11', '4224.9494412579115', '4306.72265625', '4343.066307357595', '4215.8635284810125'),
    ('BMRI.JK', '2025-03-12', '4315.808430656058', '4433.92529296875', '4433.92529296875', '4315.808430656058'),
    ('BMRI.JK', '2025-03-13', '4488.440911787975', '4306.72265625', '4488.440911787975', '4279.464917919304'),
    ('BMRI.JK', '2025-03-14', '4215.8635284810125', '4306.72265625', '4361.238132911392', '4215.8635284810125'),
    ('BMRI.JK', '2025-03-17', '4306.722506009615', '4252.20703125', '4333.980243389423', '4234.035206330128'),
    ('BMRI.JK', '2025-03-18', '4252.207147661424', '4115.91845703125', '4261.2930603701025', '3906.9424647316505'),
    ('BMRI.JK', '2025-03-19', '4115.918344350962', '4252.20703125', '4270.378856169872', '4034.1451322115386'),
    ('BMRI.JK', '2025-03-20', '4324.894679214015', '4197.69189453125', '4333.980592405642', '4188.605981339624'),
    ('BMRI.JK', '2025-03-21', '4179.51979033801', '4006.887451171875', '4188.605702925702', '3979.629713408801'),
    ('BMRI.JK', '2025-03-24', '3952.3720971351245', '4052.317138671875', '4115.918528740716', '3861.5129684653516'),
    ('BMRI.JK', '2025-03-25', '4088.6607496044307', '4306.72265625', '4370.324045688291', '4088.6607496044307'),
    ('BMRI.JK', '2025-03-26', '4524.784598756068', '4679.2451171875', '4701.959899309769', '4479.355034511529'),
    ('BMRI.JK', '2025-03-27', '4679.2452392578125', '4724.6748046875', '4770.1043701171875', '4588.3861083984375'),
    ('BMRI.JK', '2025-04-08', '4088.6605828426123', '4243.12109375', '4388.49569225107', '4088.6605828426123'),
    ('BMRI.JK', '2025-04-09', '4206.777542794586', '4279.46484375', '4352.152144705414', '4206.777542794586'),
    ('BMRI.JK', '2025-04-10', '4724.674362562189', '4565.6708984375', '4747.38914315143', '4515.698381141169'),
    ('BMRI.JK', '2025-04-11', '4542.956303615196', '4633.8154296875', '4701.959774241728', '4497.526740579044'),
    ('BMRI.JK', '2025-04-14', '4650.0', '4750.0', '4750.0', '4650.0'),
    ('BMRI.JK', '2025-04-15', '4800.0', '4710.0', '4820.0', '4710.0'),
    ('BMRI.JK', '2025-04-16', '4740.0', '4630.0', '4750.0', '4590.0'),
    ('BMRI.JK', '2025-04-17', '4630.0', '4600.0', '4660.0', '4570.0'),
    ('BMRI.JK', '2025-04-21', '4600.0', '4610.0', '4640.0', '4560.0'),
    ('BMRI.JK', '2025-04-22', '4610.0', '4720.0', '4720.0', '4590.0'),
    ('BMRI.JK', '2025-04-23', '4780.0', '4900.0', '4900.0', '4740.0'),
    ('BMRI.JK', '2025-04-24', '4950.0', '4890.0', '5025.0', '4860.0'),
    ('BMRI.JK', '2025-04-25', '4960.0', '4900.0', '4960.0', '4900.0'),
    ('BMRI.JK', '2025-04-28', '4950.0', '4920.0', '4980.0', '4890.0'),
    ('BMRI.JK', '2025-04-29', '4930.0', '4940.0', '4950.0', '4880.0'),
    ('BMRI.JK', '2025-04-30', '4900.0', '4890.0', '4920.0', '4810.0'),
    ('BMRI.JK', '2025-05-02', '4980.0', '4960.0', '4980.0', '4910.0'),
    ('BMRI.JK', '2025-05-05', '4990.0', '4980.0', '5100.0', '4960.0'),
    ('BMRI.JK', '2025-05-06', '5025.0', '4980.0', '5050.0', '4980.0'),
    ('BMRI.JK', '2025-05-07', '5050.0', '4950.0', '5050.0', '4950.0'),
    ('BMRI.JK', '2025-05-08', '4960.0', '4790.0', '5025.0', '4790.0'),
    ('BMRI.JK', '2025-05-09', '4790.0', '4770.0', '4830.0', '4750.0'),
    ('BMRI.JK', '2025-05-14', '4890.0', '5050.0', '5050.0', '4880.0'),
    ('BMRI.JK', '2025-05-15', '5075.0', '5325.0', '5400.0', '5050.0'),
    ('BMRI.JK', '2025-05-16', '5425.0', '5475.0', '5475.0', '5200.0'),
    ('BMRI.JK', '2025-05-19', '5450.0', '5525.0', '5575.0', '5400.0'),
    ('BMRI.JK', '2025-05-20', '5500.0', '5400.0', '5550.0', '5350.0'),
    ('BMRI.JK', '2025-05-21', '5400.0', '5450.0', '5550.0', '5375.0'),
    ('BMRI.JK', '2025-05-22', '5450.0', '5450.0', '5500.0', '5400.0'),
    ('BMRI.JK', '2025-05-23', '5450.0', '5425.0', '5475.0', '5375.0'),
    ('ASII.JK', '2024-05-27', '4317.132887620192', '4179.35205078125', '4335.503665865384', '4179.35205078125'),
    ('ASII.JK', '2024-05-28', '4188.537789287694', '4142.61083984375', '4225.27934884285', '4142.61083984375'),
    ('ASII.JK', '2024-05-29', '4408.987352858744', '4096.68408203125', '4408.987352858744', '4014.0155691651485'),
    ('ASII.JK', '2024-05-30', '4087.498194376628', '3968.088134765625', '4087.498194376628', '3958.902745564779'),
    ('ASII.JK', '2024-05-31', '3986.4591755900346', '3940.5322265625', '4014.015345006556', '3940.5322265625'),
    ('ASII.JK', '2024-06-03', '3977.2736707899303', '4133.42529296875', '4160.981461588542', '3977.2736707899303'),
    ('ASII.JK', '2024-06-04', '4142.610960314888', '4206.90869140625', '4252.835642185794', '4115.054789847161'),
    ('ASII.JK', '2024-06-05', '4188.537737771739', '4225.279296875', '4262.02085597826', '4179.352347995924'),
    ('ASII.JK', '2024-06-06', '4243.649934467517', '4188.53759765625', '4243.649934467517', '4160.981429250617'),
    ('ASII.JK', '2024-06-07', '4179.352208187705', '4188.53759765625', '4197.722987124795', '4160.981429250617'),
    ('ASII.JK', '2024-06-10', '4188.537789287694', '4142.61083984375', '4188.537789287694', '4133.425449954962'),
    ('ASII.JK', '2024-06-11', '4133.425377155172', '3995.64453125', '4133.425377155172', '3995.6445312499995'),
    ('ASII.JK', '2024-06-12', '3995.6442008762187', '4004.82958984375', '4050.7565346814076', '3940.5318670710294'),
    ('ASII.JK', '2024-06-13', '4050.757130438971', '4096.68408203125', '4115.054862668161', '4041.5717401205156'),
    ('ASII.JK', '2024-06-14', '4115.054722850678', '4059.9423828125', '4160.981672882494', '4050.756992806137'),
    ('ASII.JK', '2024-06-19', '4087.498291015625', '4087.498291015625', '4142.610627523701', '4059.942122761587'),
    ('ASII.JK', '2024-06-20', '4078.3129015976124', '4087.498291015625', '4105.86906985165', '4004.8297862535114'),
    ('ASII.JK', '2024-06-21', '4087.498189335676', '4124.23974609375', '4160.981302851823', '4050.756632577603'),
    ('ASII.JK', '2024-06-24', '4115.05463459368', '4069.127685546875', '4133.425414212402', '4050.7569059281536'),
    ('ASII.JK', '2024-06-25', '4078.3133389559657', '4041.57177734375', '4078.3133389559657', '4004.830215731534'),
    ('ASII.JK', '2024-06-26', '4041.5716027997737', '4059.9423828125', '4087.498552831589', '4014.0154327806845'),
    ('ASII.JK', '2024-06-27', '4069.127685546875', '4069.127685546875', '4078.313075356236', '4041.5715161187927'),
    ('ASII.JK', '2024-06-28', '4069.127911075883', '4096.68408203125', '4188.537985215807', '4069.127911075883'),
    ('ASII.JK', '2024-07-01', '4124.239840156588', '4243.64990234375', '4243.64990234375', '4124.239840156588'),
    ('ASII.JK', '2024-07-02', '4234.464561344509', '4160.9814453125', '4243.649950848509', '4142.6106663044975'),
    ('ASII.JK', '2024-07-03', '4179.351878760941', '4197.72265625', '4206.9080449945295', '4151.795712527352'),
    ('ASII.JK', '2024-07-04', '4206.9082181490385', '4179.35205078125', '4234.464385516827', '4179.35205078125'),
    ('ASII.JK', '2024-07-05', '4197.723301250341', '4206.90869140625', '4234.464861873977', '4170.167130782615'),
    ('ASII.JK', '2024-07-08', '4225.279435782597', '4262.02099609375', '4262.02099609375', '4188.537875471444'),
    ('ASII.JK', '2024-07-09', '4243.649934467517', '4188.53759765625', '4243.649934467517', '4170.166818719162'),
    ('ASII.JK', '2024-07-10', '4197.7231617394', '4170.1669921875', '4206.908551590033', '4151.796212486233'),
    ('ASII.JK', '2024-07-11', '4179.352399398906', '4142.61083984375', '4225.27934884285', '4133.425449954962'),
    ('ASII.JK', '2024-07-12', '4142.6108226356', '4170.1669921875', '4197.7231617394', '4133.425432784967'),
    ('ASII.JK', '2024-07-15', '4170.166867659396', '4105.869140625', '4179.352257235739', '4096.6837510486575'),
    ('ASII.JK', '2024-07-16', '4115.05433076484', '4023.200439453125', '4124.239719896012', '4023.200439453125'),
    ('ASII.JK', '2024-07-17', '4059.9425207574272', '4096.68408203125', '4105.869472349706', '4041.5717401205156'),
    ('ASII.JK', '2024-07-18', '4105.869263233067', '4170.1669921875', '4170.1669921875', '4096.683873382434'),
    ('ASII.JK', '2024-07-19', '4151.796055808499', '4160.9814453125', '4170.166834816501', '4115.054497792495'),
    ('ASII.JK', '2024-07-22', '4160.981776954854', '4151.79638671875', '4170.167167190957', '4115.054825774336'),
    ('ASII.JK', '2024-07-23', '4142.610627523701', '4087.498291015625', '4160.981406359726', '4087.498291015625'),
    ('ASII.JK', '2024-07-24', '4105.869108288493', '4160.9814453125', '4188.537613824503', '4096.683718784492'),
    ('ASII.JK', '2024-07-25', '4160.981302851823', '4124.23974609375', '4160.981302851823', '4087.498189335676'),
    ('ASII.JK', '2024-07-26', '4133.425552467462', '4234.46484375', '4243.650233866594', '4133.425552467462'),
    ('ASII.JK', '2024-07-29', '4243.650233866594', '4234.46484375', '4252.835623983188', '4206.908673400217'),
    ('ASII.JK', '2024-07-30', '4234.464721141932', '4170.1669921875', '4234.464721141932', '4151.796212486233'),
    ('ASII.JK', '2024-07-31', '4243.650009931144', '4335.50390625', '4344.689295881885', '4216.0938410354875'),
    ('ASII.JK', '2024-08-01', '4317.132954657832', '4353.87451171875', '4353.87451171875', '4280.391397596914'),
    ('ASII.JK', '2024-08-02', '4326.318533240605', '4307.94775390625', '4353.874702242138', '4289.576974571894'),
    ('ASII.JK', '2024-08-05', '4262.020713404605', '4188.53759765625', '4271.20610287315', '4151.7960397820725'),
    ('ASII.JK', '2024-08-06', '4225.279453633406', '4234.46484375', '4243.650233866594', '4170.167112933839'),
    ('ASII.JK', '2024-08-07', '4225.27928000135', '4252.83544921875', '4252.83544921875', '4188.537721044817'),
    ('ASII.JK', '2024-08-08', '4243.649840535997', '4353.87451171875', '4363.059900983979', '4225.2790620055375'),
    ('ASII.JK', '2024-08-09', '4372.2451171875', '4372.2451171875', '4399.801283892463', '4344.688950482537'),
    ('ASII.JK', '2024-08-12', '4372.2451171875', '4372.2451171875', '4390.615894990809', '4335.503561580883'),
    ('ASII.JK', '2024-08-13', '4408.986672794118', '4372.2451171875', '4408.986672794118', '4353.874339384191'),
    ('ASII.JK', '2024-08-14', '4408.986771472392', '4491.6552734375', '4528.396829866437', '4381.43060415069'),
    ('ASII.JK', '2024-08-15', '4491.6552734375', '4491.6552734375', '4519.211440759203', '4445.728327901329'),
    ('ASII.JK', '2024-08-16', '4500.840944102113', '4565.138671875', '4583.509451238682', '4500.840944102113'),
    ('ASII.JK', '2024-08-19', '4565.138561100746', '4615.658203125', '4638.621676772388', '4537.582392723881'),
    ('ASII.JK', '2024-08-20', '4638.621784489329', '4707.51220703125', '4730.47568121189', '4615.65831030869'),
    ('ASII.JK', '2024-08-21', '4730.475874576662', '4661.58544921875', '4799.366299934575', '4661.58544921875'),
    ('ASII.JK', '2024-08-22', '4615.658298339844', '4592.69482421875', '4638.621772460938', '4583.509434570313'),
    ('ASII.JK', '2024-08-23', '4638.621878829657', '4684.548828125', '4753.439252068015', '4638.621878829657'),
    ('ASII.JK', '2024-08-26', '4707.512112219357', '4730.4755859375', '4776.402533373786', '4707.512112219357'),
    ('ASII.JK', '2024-08-27', '4730.4755859375', '4730.4755859375', '4753.439059655643', '4661.5851647830705'),
    ('ASII.JK', '2024-08-28', '4730.475571361941', '4615.658203125', '4730.475571361941', '4592.694729477612'),
    ('ASII.JK', '2024-08-29', '4638.621974099446', '4661.58544921875', '4661.58544921875', '4592.695023860837'),
    ('ASII.JK', '2024-08-30', '4661.585353477329', '4684.548828125', '4707.512302772671', '4615.658404181985'),
    ('ASII.JK', '2024-09-02', '4684.548452524038', '4776.40234375', '4799.36581655649', '4684.548452524038'),
    ('ASII.JK', '2024-09-03', '4799.366103753811', '4707.51220703125', '4799.366103753811', '4707.51220703125'),
    ('ASII.JK', '2024-09-04', '4638.6220703125', '4638.6220703125', '4684.549021503713', '4615.658594716893'),
    ('ASII.JK', '2024-09-05', '4661.58544921875', '4661.58544921875', '4707.512399457358', '4638.621974099446'),
    ('ASII.JK', '2024-09-06', '4638.6220703125', '4638.6220703125', '4707.512497099319', '4638.6220703125'),
    ('ASII.JK', '2024-09-09', '4638.621676772388', '4615.658203125', '4684.548624067164', '4592.694729477612'),
    ('ASII.JK', '2024-09-10', '4661.585150419776', '4615.658203125', '4684.548624067164', '4592.694729477612'),
    ('ASII.JK', '2024-09-11', '4615.658203125', '4615.658203125', '4638.621676772388', '4592.694729477612'),
    ('ASII.JK', '2024-09-12', '4615.658203125', '4615.658203125', '4661.585150419776', '4615.658203125'),
    ('ASII.JK', '2024-09-13', '4615.658498980141', '4661.58544921875', '4661.58544921875', '4615.658498980141'),
    ('ASII.JK', '2024-09-17', '4661.58544921875', '4661.58544921875', '4684.548924338054', '4615.658498980141'),
    ('ASII.JK', '2024-09-18', '4684.548744419642', '4822.32958984375', '4845.293064081101', '4661.585270182291'),
    ('ASII.JK', '2024-09-19', '4845.29296875', '4845.29296875', '4845.29296875', '4776.402547393365'),
    ('ASII.JK', '2024-09-20', '4845.2931603244615', '4799.3662109375', '4845.2931603244615', '4776.402736244019'),
    ('ASII.JK', '2024-09-23', '4822.329685630981', '4799.3662109375', '4845.2931603244615', '4799.3662109375'),
    ('ASII.JK', '2024-09-24', '4822.329494964455', '4845.29296875', '4845.29296875', '4799.36602117891'),
    ('ASII.JK', '2024-09-25', '4868.256635017943', '4799.3662109375', '4868.256635017943', '4730.475786857058'),
    ('ASII.JK', '2024-09-26', '4822.32958984375', '4822.32958984375', '4845.293064081101', '4753.439167131696'),
    ('ASII.JK', '2024-09-27', '4845.293150658701', '4684.548828125', '4845.293150658701', '4638.621878829657'),
    ('ASII.JK', '2024-09-30', '4684.549021503713', '4638.6220703125', '4684.549021503713', '4592.6951191212875'),
    ('ASII.JK', '2024-10-01', '4684.548545063406', '4753.43896484375', '4753.43896484375', '4661.585071803291'),
    ('ASII.JK', '2024-10-02', '4730.4755859375', '4730.4755859375', '4730.4755859375', '4638.621691064927'),
    ('ASII.JK', '2024-10-03', '4753.439167131696', '4822.32958984375', '4822.32958984375', '4684.548744419642'),
    ('ASII.JK', '2024-10-04', '4822.329480810073', '4730.4755859375', '4822.329480810073', '4684.548638501214'),
    ('ASII.JK', '2024-10-07', '4730.475777420344', '4684.548828125', '4753.439252068015', '4661.585353477329'),
    ('ASII.JK', '2024-10-08', '4684.548837470096', '4799.3662109375', '4799.3662109375', '4661.585362776615'),
    ('ASII.JK', '2024-10-09', '4799.366299934575', '4661.58544921875', '4799.366299934575', '4661.58544921875'),
    ('ASII.JK', '2024-10-10', '4684.54873285061', '4707.51220703125', '4707.51220703125', '4661.585258669969'),
    ('ASII.JK', '2024-10-11', '4707.512399457358', '4661.58544921875', '4730.475874576662', '4661.58544921875'),
    ('ASII.JK', '2024-10-14', '4706.543392158183', '4617.56396484375', '4706.543392158183', '4608.197709336968'),
    ('ASII.JK', '2024-10-15', '4617.56396484375', '4617.56396484375', '4655.02898687088', '4589.465198323403'),
    ('ASII.JK', '2024-10-16', '4636.29634241904', '4645.66259765625', '4645.66259765625', '4589.465066232989'),
    ('ASII.JK', '2024-10-17', '4636.29638671875', '4636.29638671875', '4655.028897372159', '4617.563876065341'),
    ('ASII.JK', '2024-10-18', '4645.662776295731', '4608.19775390625', '4645.662776295731', '4608.19775390625'),
    ('ASII.JK', '2024-10-21', '4636.296214384191', '4776.7900390625', '4776.7900390625', '4617.563704427083'),
    ('ASII.JK', '2024-10-22', '4800.205876499556', '4940.69970703125', '4940.69970703125', '4776.790238077607'),
    ('ASII.JK', '2024-10-23', '4940.699596477005', '4964.115234375', '4964.115234375', '4847.0370448850235'),
    ('ASII.JK', '2024-10-24', '4964.1153454532', '4940.69970703125', '4964.1153454532', '4870.452791765403'),
    ('ASII.JK', '2024-10-25', '4940.699931313547', '4893.86865234375', '4940.699931313547', '4870.453012858852'),
    ('ASII.JK', '2024-10-28', '4917.2841796875', '4917.2841796875', '4917.2841796875', '4800.205984933035'),
    ('ASII.JK', '2024-10-29', '4917.284251143293', '4800.2060546875', '4917.284251143293', '4800.2060546875'),
    ('ASII.JK', '2024-10-30', '4800.205723689152', '4870.45263671875', '4870.45263671875', '4729.958810659556'),
    ('ASII.JK', '2024-10-31', '4964.115138633579', '4776.7900390625', '4964.115138633579', '4776.7900390625'),
    ('ASII.JK', '2024-11-01', '4800.2057876962745', '4753.37451171875', '4847.037063673799', '4729.958873729987'),
    ('ASII.JK', '2024-11-04', '4753.374776105183', '4800.2060546875', '4800.2060546875', '4664.39534679878'),
    ('ASII.JK', '2024-11-05', '4800.205832955918', '4847.037109375', '4870.452747584541', '4753.374556536835'),
    ('ASII.JK', '2024-11-06', '4847.037177057549', '4729.958984375', '4847.037177057549', '4706.54334583849'),
    ('ASII.JK', '2024-11-07', '4729.959208984375', '4683.1279296875', '4753.374848632812', '4683.1279296875'),
    ('ASII.JK', '2024-11-08', '4729.958894791142', '4645.66259765625', '4753.374532884167', '4636.29634241904'),
    ('ASII.JK', '2024-11-11', '4645.662553445674', '4655.02880859375', '4673.761318889902', '4542.6337468168385'),
    ('ASII.JK', '2024-11-12', '4683.127574037978', '4655.02880859375', '4683.127574037978', '4617.5637880014465'),
    ('ASII.JK', '2024-11-13', '4683.127817941542', '4706.54345703125', '4706.54345703125', '4636.296539762127'),
    ('ASII.JK', '2024-11-14', '4706.543301669034', '4636.29638671875', '4706.543301669034', '4617.563876065341'),
    ('ASII.JK', '2024-11-15', '4626.93017578125', '4626.93017578125', '4645.662686614372', '4608.197664948128'),
    ('ASII.JK', '2024-11-18', '4636.296475857315', '4617.56396484375', '4655.02898687088', '4598.831453830186'),
    ('ASII.JK', '2024-11-19', '4617.5637880014465', '4655.02880859375', '4655.02880859375', '4589.465022557219'),
    ('ASII.JK', '2024-11-20', '4655.029162109375', '4683.1279296875', '4706.543569335938', '4636.2966503906255'),
    ('ASII.JK', '2024-11-21', '4673.761679807323', '4580.09912109375', '4673.761679807323', '4580.09912109375'),
    ('ASII.JK', '2024-11-22', '4589.465287280423', '4598.83154296875', '4645.662821410387', '4552.000264527113'),
    ('ASII.JK', '2024-11-25', '4636.29636548913', '4847.037109375', '4847.037109375', '4626.930110205314'),
    ('ASII.JK', '2024-11-26', '4823.62158203125', '4823.62158203125', '4870.452859526699', '4776.790304535801'),
    ('ASII.JK', '2024-11-28', '4870.4529725609755', '4800.2060546875', '4893.868611852134', '4800.2060546875'),
    ('ASII.JK', '2024-11-29', '4800.205676508885', '4776.7900390625', '4800.205676508885', '4706.543126723345'),
    ('ASII.JK', '2024-12-02', '4776.7902624462295', '4626.93017578125', '4823.6215395290355', '4589.465154115005'),
    ('ASII.JK', '2024-12-03', '4664.39534679878', '4800.2060546875', '4800.2060546875', '4655.029091082317'),
    ('ASII.JK', '2024-12-04', '4776.790454919259', '4893.86865234375', '4893.86865234375', '4753.37481543436'),
    ('ASII.JK', '2024-12-05', '4893.868274395282', '4870.45263671875', '4893.868274395282', '4800.205723689152'),
    ('ASII.JK', '2024-12-06', '4823.62158203125', '4823.62158203125', '4847.037220778975', '4729.959027040352'),
    ('ASII.JK', '2024-12-09', '4823.621733889056', '4893.86865234375', '4893.86865234375', '4776.790454919259'),
    ('ASII.JK', '2024-12-10', '4870.453012858852', '4893.86865234375', '4893.86865234375', '4823.621733889056'),
    ('ASII.JK', '2024-12-11', '4847.037262834821', '4917.2841796875', '4917.2841796875', '4847.037262834821'),
    ('ASII.JK', '2024-12-12', '4823.62131395527', '4776.7900390625', '4893.868226294424', '4729.958764169731'),
    ('ASII.JK', '2024-12-13', '4776.790415396341', '4800.2060546875', '4823.621693978658', '4729.9591368140245'),
    ('ASII.JK', '2024-12-16', '4753.374776105183', '4800.2060546875', '4823.621693978658', '4683.127858231707'),
    ('ASII.JK', '2024-12-17', '4776.790080242847', '4664.39501953125', '4823.621355539345', '4636.29625435335'),
    ('ASII.JK', '2024-12-18', '4664.39541796875', '4683.1279296875', '4729.959208984375', '4645.66290625'),
    ('ASII.JK', '2024-12-19', '4636.29620661501', '4570.732421875', '4636.29620661501', '4551.999911949283'),
    ('ASII.JK', '2024-12-20', '4570.73246599076', '4561.3662109375', '4589.464976097279', '4542.63370083098'),
    ('ASII.JK', '2024-12-23', '4589.465110085227', '4636.29638671875', '4636.29638671875', '4561.366344105114'),
    ('ASII.JK', '2024-12-24', '4626.929951652151', '4570.732421875', '4664.394971503586', '4570.732421875'),
    ('ASII.JK', '2024-12-27', '4580.09894281662', '4617.56396484375', '4626.930220350533', '4570.732687309838'),
    ('ASII.JK', '2024-12-30', '4617.564099370217', '4589.46533203125', '4626.930355149872', '4570.732820471939'),
    ('ASII.JK', '2025-01-02', '4598.831365411932', '4636.29638671875', '4655.028897372159', '4589.465110085227'),
    ('ASII.JK', '2025-01-03', '4636.29638671875', '4636.29638671875', '4655.028897372159', '4608.197620738636'),
    ('ASII.JK', '2025-01-06', '4636.2962962962965', '4552.0', '4683.127572016461', '4552.0'),
    ('ASII.JK', '2025-01-07', '4552.000220322027', '4608.19775390625', '4608.19775390625', '4542.633964724657'),
    ('ASII.JK', '2025-01-08', '4570.7327345374215', '4505.1689453125', '4598.831501348102', '4505.1689453125'),
    ('ASII.JK', '2025-01-09', '4523.9014097759255', '4617.56396484375', '4636.296475857315', '4523.9014097759255'),
    ('ASII.JK', '2025-01-10', '4626.930355149872', '4589.46533203125', '4645.662866709184', '4552.000308912628'),
    ('ASII.JK', '2025-01-13', '4598.831273643093', '4448.97119140625', '4608.197528782895', '4420.872425986842'),
    ('ASII.JK', '2025-01-14', '4467.703701685855', '4448.97119140625', '4542.633742804276', '4448.97119140625'),
    ('ASII.JK', '2025-01-15', '4486.436344532831', '4626.93017578125', '4626.93017578125', '4477.07008911627'),
    ('ASII.JK', '2025-01-16', '4706.54311883645', '4570.732421875', '4706.54311883645', '4570.732421875'),
    ('ASII.JK', '2025-01-17', '4552.00013244876', '4626.93017578125', '4655.028942030934', '4533.267621615638'),
    ('ASII.JK', '2025-01-20', '4626.930310033732', '4598.83154296875', '4645.662821410387', '4589.465287280423'),
    ('ASII.JK', '2025-01-21', '4617.564054345405', '4598.83154296875', '4655.029077098714', '4589.465287280423'),
    ('ASII.JK', '2025-01-22', '4608.197576707409', '4645.66259765625', '4664.39510813067', '4570.732555758568'),
    ('ASII.JK', '2025-01-23', '4645.662866709184', '4589.46533203125', '4664.395378268495', '4589.46533203125'),
    ('ASII.JK', '2025-01-24', '4589.464976097279', '4561.3662109375', '4645.6625064168375', '4561.3662109375'),
    ('ASII.JK', '2025-01-30', '4561.366615455021', '4477.0703125', '4561.366615455021', '4477.0703125'),
    ('ASII.JK', '2025-01-31', '4486.436478678385', '4495.802734375', '4533.267757161459', '4486.436478678385'),
    ('ASII.JK', '2025-02-03', '4495.802422531513', '4458.33740234375', '4495.802422531513', '4439.6048922498685'),
    ('ASII.JK', '2025-02-04', '4467.703967285156', '4495.802734375', '4533.267757161459', '4458.337711588542'),
    ('ASII.JK', '2025-02-05', '4542.633788032371', '4439.60498046875', '4542.633788032371', '4430.238725235693'),
    ('ASII.JK', '2025-02-06', '4439.604839886676', '4261.64599609375', '4439.604839886676', '4233.54723128434'),
    ('ASII.JK', '2025-02-07', '4317.84357358871', '4355.30859375', '4374.041103830646', '4242.913533266129'),
    ('ASII.JK', '2025-02-10', '4317.843929499453', '4280.37890625', '4355.308952748906', '4233.547627188184'),
    ('ASII.JK', '2025-02-11', '4299.111239154013', '4317.84375', '4355.308771691974', '4280.378728308026'),
    ('ASII.JK', '2025-02-12', '4383.407403353987', '4345.9423828125', '4383.407403353987', '4327.209872541756'),
    ('ASII.JK', '2025-02-13', '4345.9422947961375', '4364.6748046875', '4374.041059633181', '4289.744765122049'),
    ('ASII.JK', '2025-02-14', '4364.6752032418535', '4383.40771484375', '4430.23899384849', '4345.942691639957'),
    ('ASII.JK', '2025-02-17', '4383.4074490704115', '4439.60498046875', '4477.070001400975', '4374.0411938373545'),
    ('ASII.JK', '2025-02-18', '4439.605200195313', '4495.802734375', '4533.267757161459', '4439.605200195313'),
    ('ASII.JK', '2025-02-19', '4514.535204039229', '4402.14013671875', '4533.267715259309', '4317.843836228391'),
    ('ASII.JK', '2025-02-20', '4402.140047752251', '4420.87255859375', '4439.605069435249', '4355.308770648504'),
    ('ASII.JK', '2025-02-21', '4439.604936266447', '4448.97119140625', '4495.8024671052635', '4308.47736430921'),
    ('ASII.JK', '2025-02-24', '4448.97141476895', '4402.14013671875', '4467.70392598903', '4364.675114278591'),
    ('ASII.JK', '2025-02-25', '4411.506533974095', '4271.0126953125', '4448.9715576171875', '4261.646439401727'),
    ('ASII.JK', '2025-02-26', '4271.012605758734', '4289.7451171875', '4308.477628616267', '4233.547582901201'),
    ('ASII.JK', '2025-02-27', '4261.64630565768', '4299.111328125', '4299.111328125', '4196.0825163398695'),
    ('ASII.JK', '2025-02-28', '4355.308635787458', '4242.91357421875', '4355.308635787458', '4093.0534921271383'),
    ('ASII.JK', '2025-03-03', '4242.913877829527', '4383.40771484375', '4420.872738047543', '4214.815110426683'),
    ('ASII.JK', '2025-03-04', '4383.40767007596', '4392.77392578125', '4402.14018148654', '4299.111368728345'),
    ('ASII.JK', '2025-03-05', '4402.140216438138', '4589.46533203125', '4589.46533203125', '4392.773960658482'),
    ('ASII.JK', '2025-03-06', '4589.46533203125', '4589.46533203125', '4645.662866709184', '4552.000308912628'),
    ('ASII.JK', '2025-03-07', '4589.465198323403', '4617.56396484375', '4655.02898687088', '4486.436387748796'),
    ('ASII.JK', '2025-03-10', '4589.464927689334', '4467.70361328125', '4589.464927689334', '4448.971103372314'),
    ('ASII.JK', '2025-03-11', '4420.872688802084', '4495.802734375', '4495.802734375', '4402.1401774088545'),
    ('ASII.JK', '2025-03-12', '4458.337667294698', '4505.1689453125', '4523.90145651962', '4439.605156087578'),
    ('ASII.JK', '2025-03-13', '4486.436301491477', '4430.23876953125', '4505.168812144886', '4383.407492897727'),
    ('ASII.JK', '2025-03-14', '4430.23876953125', '4327.2099609375', '4430.23876953125', '4317.843705610796'),
    ('ASII.JK', '2025-03-17', '4364.674982244318', '4327.2099609375', '4374.041237571023', '4317.843705610796'),
    ('ASII.JK', '2025-03-18', '4336.576083669355', '4355.30859375', '4355.30859375', '4177.349747983871'),
    ('ASII.JK', '2025-03-19', '4355.308902960088', '4392.77392578125', '4402.14018148654', '4317.843880138926'),
    ('ASII.JK', '2025-03-20', '4392.773836625863', '4411.50634765625', '4448.971369717025', '4345.942559049894'),
    ('ASII.JK', '2025-03-21', '4420.872514204546', '4533.267578125', '4533.267578125', '4336.576216264205'),
    ('ASII.JK', '2025-03-24', '4477.070227128865', '4392.77392578125', '4477.070227128865', '4252.280090201893'),
    ('ASII.JK', '2025-03-25', '4402.139868951613', '4355.30859375', '4402.139868951613', '4317.84357358871'),
    ('ASII.JK', '2025-03-26', '4364.675154622396', '4495.802734375', '4533.267757161459', '4364.675154622396'),
    ('ASII.JK', '2025-03-27', '4495.802686737805', '4608.19775390625', '4608.19775390625', '4486.436431140434'),
    ('ASII.JK', '2025-04-08', '4495.802699497768', '4196.08251953125', '4495.802699497768', '4167.983752659389'),
    ('ASII.JK', '2025-04-09', '4196.082386363636', '4327.2099609375', '4364.674982244318', '4186.716131036932'),
    ('ASII.JK', '2025-04-10', '4448.971369717025', '4411.50634765625', '4533.267669353769', '4392.773836625863'),
    ('ASII.JK', '2025-04-11', '4364.675070080281', '4411.50634765625', '4439.605114201831', '4327.210048019506'),
    ('ASII.JK', '2025-04-14', '4439.605110214884', '4617.56396484375', '4617.56396484375', '4411.506343694537'),
    ('ASII.JK', '2025-04-15', '4617.563741257059', '4561.3662109375', '4636.2962513635775', '4495.8024255646815'),
    ('ASII.JK', '2025-04-16', '4542.634103687238', '4477.0703125', '4552.00035957113', '4392.774009544979'),
    ('ASII.JK', '2025-04-17', '4467.703701685855', '4448.97119140625', '4467.703701685855', '4411.506170847039'),
    ('ASII.JK', '2025-04-21', '4448.971500277271', '4486.4365234375', '4505.169035017615', '4439.605244487213'),
    ('ASII.JK', '2025-04-22', '4448.971235701806', '4439.60498046875', '4477.070001400975', '4420.872470002637'),
    ('ASII.JK', '2025-04-23', '4467.70387869554', '4514.53515625', '4533.267667271784', '4467.70387869554'),
    ('ASII.JK', '2025-04-24', '4523.901143008058', '4467.70361328125', '4533.267397962526', '4467.70361328125'),
    ('ASII.JK', '2025-04-25', '4486.436213991769', '4552.0', '4598.831275720165', '4486.436213991769'),
    ('ASII.JK', '2025-04-28', '4570.732865222392', '4580.09912109375', '4617.56414457918', '4561.366609351036'),
    ('ASII.JK', '2025-04-29', '4598.831547037761', '4495.802734375', '4598.831547037761', '4495.802734375'),
    ('ASII.JK', '2025-04-30', '4495.802734375', '4495.802734375', '4533.267757161459', '4477.070222981771'),
    ('ASII.JK', '2025-05-02', '4505.169035017615', '4486.4365234375', '4552.000313967902', '4458.337756067328'),
    ('ASII.JK', '2025-05-05', '4495.802824267783', '4477.0703125', '4505.169080151673', '4467.704056616109'),
    ('ASII.JK', '2025-05-06', '4477.069956825658', '4448.97119140625', '4495.8024671052635', '4448.97119140625'),
    ('ASII.JK', '2025-05-07', '4477.070090094462', '4523.9013671875', '4533.267622606108', '4467.7038346758545'),
    ('ASII.JK', '2025-05-08', '4552.00035957113', '4477.0703125', '4617.564150758369', '4477.0703125'),
    ('ASII.JK', '2025-05-09', '4486.436568383891', '4477.0703125', '4523.901591919456', '4477.0703125'),
    ('ASII.JK', '2025-05-14', '4552.000223330301', '4505.1689453125', '4570.7327345374215', '4495.802689708939'),
    ('ASII.JK', '2025-05-15', '4514.53515625', '4514.53515625', '4542.633922782677', '4505.168900739108'),
    ('ASII.JK', '2025-05-16', '4533.267402023565', '4570.732421875', '4570.732421875', '4505.16863713499'),
    ('ASII.JK', '2025-05-19', '4580.098898698444', '4626.93017578125', '4645.662686614372', '4570.732643281883'),
    ('ASII.JK', '2025-05-20', '4645.6625514403295', '4552.0', '4645.6625514403295', '4552.0'),
    ('ASII.JK', '2025-05-21', '4600.0', '4670.0', '4690.0', '4570.0'),
    ('ASII.JK', '2025-05-22', '4680.0', '4630.0', '4710.0', '4630.0'),
    ('ASII.JK', '2025-05-23', '4770.0', '4740.0', '4780.0', '4730.0'),
    ('BRPT.JK', '2024-05-27', '1182.0295223613616', '1077.292724609375', '1216.9417882786904', '1042.3804586920462'),
    ('BRPT.JK', '2024-05-28', '1077.2926588535486', '1167.0670166015625', '1226.9166290866142', '1072.3051403301579'),
    ('BRPT.JK', '2024-05-29', '1167.0669890849297', '1062.3302001953125', '1172.0545074907268', '1057.34280374864'),
    ('BRPT.JK', '2024-05-30', '1062.330231551466', '1047.3677978515625', '1097.2424955451559', '1037.3928827046695'),
    ('BRPT.JK', '2024-05-31', '1052.355285342843', '1062.3302001953125', '1077.2926334535791', '1027.4179372321069'),
    ('BRPT.JK', '2024-06-03', '1062.330260363819', '1072.30517578125', '1097.2425253043937', '1047.3678262581066'),
    ('BRPT.JK', '2024-06-04', '1067.317719218921', '1042.38037109375', '1082.2800305267237', '1042.38037109375'),
    ('BRPT.JK', '2024-06-05', '1017.4430257459463', '952.60595703125', '1022.4304831886826', '952.60595703125'),
    ('BRPT.JK', '2024-06-06', '957.5934138696404', '972.5558471679688', '982.530762047146', '957.5934138696404'),
    ('BRPT.JK', '2024-06-07', '982.530762382348', '962.5809326171875', '987.5182198236382', '957.5934141963347'),
    ('BRPT.JK', '2024-06-10', '962.5809874625198', '1032.405517578125', '1052.3553484799745', '957.5934687574915'),
    ('BRPT.JK', '2024-06-11', '1037.3928545154504', '982.53076171875', '1062.330202684621', '982.53076171875'),
    ('BRPT.JK', '2024-06-12', '982.5307613969549', '992.5056762695312', '1007.4681095579582', '972.5558465243786'),
    ('BRPT.JK', '2024-06-13', '1002.4806839127646', '977.5433349609375', '1002.4806839127646', '972.555877366485'),
    ('BRPT.JK', '2024-06-14', '982.5307944826511', '947.6185302734375', '992.5057096911222', '947.6185302734375'),
    ('BRPT.JK', '2024-06-19', '952.6059587384972', '902.7313232421875', '962.5809346214093', '902.7313232421875'),
    ('BRPT.JK', '2024-06-20', '912.7062377929688', '912.7062377929688', '937.6435860212719', '897.7438654437244'),
    ('BRPT.JK', '2024-06-21', '932.6561574607308', '947.6185302734375', '967.5684216699444', '927.6686998564952'),
    ('BRPT.JK', '2024-06-24', '947.6184993137545', '962.5809326171875', '972.5558474997678', '942.6310418724644'),
    ('BRPT.JK', '2024-06-25', '962.5809332380596', '942.6310424804688', '967.5683906825668', '942.6310424804688'),
    ('BRPT.JK', '2024-06-26', '952.6059872234086', '957.5934448242188', '992.505709009454', '952.6059872234086'),
    ('BRPT.JK', '2024-06-27', '960.0', '965.0', '980.0', '955.0'),
    ('BRPT.JK', '2024-06-28', '965.0', '990.0', '1010.0', '960.0'),
    ('BRPT.JK', '2024-07-01', '1000.0', '1130.0', '1145.0', '980.0'),
    ('BRPT.JK', '2024-07-02', '1145.0', '1175.0', '1240.0', '1125.0'),
    ('BRPT.JK', '2024-07-03', '1185.0', '1225.0', '1235.0', '1175.0'),
    ('BRPT.JK', '2024-07-04', '1235.0', '1260.0', '1290.0', '1235.0'),
    ('BRPT.JK', '2024-07-05', '1270.0', '1220.0', '1300.0', '1205.0'),
    ('BRPT.JK', '2024-07-08', '1195.0', '1120.0', '1205.0', '1090.0'),
    ('BRPT.JK', '2024-07-09', '1130.0', '1110.0', '1155.0', '1100.0'),
    ('BRPT.JK', '2024-07-10', '1115.0', '1110.0', '1145.0', '1085.0'),
    ('BRPT.JK', '2024-07-11', '1115.0', '1110.0', '1125.0', '1090.0'),
    ('BRPT.JK', '2024-07-12', '1120.0', '1130.0', '1130.0', '1095.0'),
    ('BRPT.JK', '2024-07-15', '1135.0', '1105.0', '1140.0', '1100.0'),
    ('BRPT.JK', '2024-07-16', '1105.0', '1095.0', '1115.0', '1085.0'),
    ('BRPT.JK', '2024-07-17', '1080.0', '1055.0', '1090.0', '1035.0'),
    ('BRPT.JK', '2024-07-18', '1055.0', '1080.0', '1105.0', '1050.0'),
    ('BRPT.JK', '2024-07-19', '1080.0', '1055.0', '1085.0', '1050.0'),
    ('BRPT.JK', '2024-07-22', '1070.0', '1055.0', '1100.0', '1055.0'),
    ('BRPT.JK', '2024-07-23', '1060.0', '1065.0', '1065.0', '1035.0'),
    ('BRPT.JK', '2024-07-24', '1070.0', '1065.0', '1105.0', '1055.0'),
    ('BRPT.JK', '2024-07-25', '1065.0', '1035.0', '1070.0', '1035.0'),
    ('BRPT.JK', '2024-07-26', '1040.0', '1065.0', '1075.0', '1040.0'),
    ('BRPT.JK', '2024-07-29', '1070.0', '1090.0', '1130.0', '1065.0'),
    ('BRPT.JK', '2024-07-30', '1095.0', '1075.0', '1110.0', '1070.0'),
    ('BRPT.JK', '2024-07-31', '1075.0', '1090.0', '1105.0', '1075.0'),
    ('BRPT.JK', '2024-08-01', '1105.0', '1120.0', '1125.0', '1095.0'),
    ('BRPT.JK', '2024-08-02', '1120.0', '1090.0', '1125.0', '1090.0'),
    ('BRPT.JK', '2024-08-05', '1065.0', '1015.0', '1065.0', '1000.0'),
    ('BRPT.JK', '2024-08-06', '1030.0', '1015.0', '1045.0', '1010.0'),
    ('BRPT.JK', '2024-08-07', '1020.0', '1045.0', '1065.0', '1020.0'),
    ('BRPT.JK', '2024-08-08', '1050.0', '1035.0', '1055.0', '1030.0'),
    ('BRPT.JK', '2024-08-09', '1045.0', '1045.0', '1060.0', '1040.0'),
    ('BRPT.JK', '2024-08-12', '1050.0', '1050.0', '1055.0', '1040.0'),
    ('BRPT.JK', '2024-08-13', '1050.0', '1050.0', '1065.0', '1045.0'),
    ('BRPT.JK', '2024-08-14', '1050.0', '1125.0', '1125.0', '1050.0'),
    ('BRPT.JK', '2024-08-15', '1125.0', '1105.0', '1145.0', '1095.0'),
    ('BRPT.JK', '2024-08-16', '1115.0', '1105.0', '1140.0', '1105.0'),
    ('BRPT.JK', '2024-08-19', '1105.0', '1120.0', '1135.0', '1105.0'),
    ('BRPT.JK', '2024-08-20', '1125.0', '1125.0', '1135.0', '1100.0'),
    ('BRPT.JK', '2024-08-21', '1125.0', '1100.0', '1125.0', '1100.0'),
    ('BRPT.JK', '2024-08-22', '1090.0', '1100.0', '1130.0', '1085.0'),
    ('BRPT.JK', '2024-08-23', '1105.0', '1115.0', '1120.0', '1105.0'),
    ('BRPT.JK', '2024-08-26', '1135.0', '1125.0', '1180.0', '1120.0'),
    ('BRPT.JK', '2024-08-27', '1130.0', '1110.0', '1135.0', '1105.0'),
    ('BRPT.JK', '2024-08-28', '1115.0', '1190.0', '1215.0', '1110.0'),
    ('BRPT.JK', '2024-08-29', '1205.0', '1140.0', '1230.0', '1130.0'),
    ('BRPT.JK', '2024-08-30', '1140.0', '1145.0', '1160.0', '1110.0'),
    ('BRPT.JK', '2024-09-02', '1140.0', '1120.0', '1160.0', '1120.0'),
    ('BRPT.JK', '2024-09-03', '1130.0', '1105.0', '1135.0', '1105.0'),
    ('BRPT.JK', '2024-09-04', '1085.0', '1110.0', '1130.0', '1075.0'),
    ('BRPT.JK', '2024-09-05', '1120.0', '1095.0', '1125.0', '1090.0'),
    ('BRPT.JK', '2024-09-06', '1100.0', '1085.0', '1115.0', '1085.0'),
    ('BRPT.JK', '2024-09-09', '1090.0', '1090.0', '1105.0', '1090.0'),
    ('BRPT.JK', '2024-09-10', '1105.0', '1100.0', '1120.0', '1090.0'),
    ('BRPT.JK', '2024-09-11', '1110.0', '1190.0', '1195.0', '1105.0'),
    ('BRPT.JK', '2024-09-12', '1205.0', '1150.0', '1240.0', '1145.0'),
    ('BRPT.JK', '2024-09-13', '1165.0', '1140.0', '1165.0', '1130.0'),
    ('BRPT.JK', '2024-09-17', '1140.0', '1145.0', '1175.0', '1140.0'),
    ('BRPT.JK', '2024-09-18', '1150.0', '1140.0', '1165.0', '1135.0'),
    ('BRPT.JK', '2024-09-19', '1140.0', '1195.0', '1200.0', '1140.0'),
    ('BRPT.JK', '2024-09-20', '1090.0', '1065.0', '1130.0', '1060.0'),
    ('BRPT.JK', '2024-09-23', '1060.0', '1075.0', '1100.0', '1050.0'),
    ('BRPT.JK', '2024-09-24', '1085.0', '1120.0', '1120.0', '1080.0'),
    ('BRPT.JK', '2024-09-25', '1125.0', '1105.0', '1125.0', '1095.0'),
    ('BRPT.JK', '2024-09-26', '1105.0', '1105.0', '1125.0', '1090.0'),
    ('BRPT.JK', '2024-09-27', '1105.0', '1090.0', '1110.0', '1090.0'),
    ('BRPT.JK', '2024-09-30', '1085.0', '1050.0', '1090.0', '1050.0'),
    ('BRPT.JK', '2024-10-01', '1055.0', '1070.0', '1075.0', '1055.0'),
    ('BRPT.JK', '2024-10-02', '1070.0', '1030.0', '1070.0', '1015.0'),
    ('BRPT.JK', '2024-10-03', '1040.0', '1015.0', '1050.0', '1015.0'),
    ('BRPT.JK', '2024-10-04', '1025.0', '1010.0', '1035.0', '1005.0'),
    ('BRPT.JK', '2024-10-07', '1015.0', '1010.0', '1015.0', '980.0'),
    ('BRPT.JK', '2024-10-08', '1010.0', '1010.0', '1020.0', '995.0'),
    ('BRPT.JK', '2024-10-09', '1015.0', '1000.0', '1020.0', '1000.0'),
    ('BRPT.JK', '2024-10-10', '1000.0', '990.0', '1010.0', '990.0'),
    ('BRPT.JK', '2024-10-11', '995.0', '995.0', '1005.0', '985.0'),
    ('BRPT.JK', '2024-10-14', '995.0', '1015.0', '1030.0', '995.0'),
    ('BRPT.JK', '2024-10-15', '1020.0', '1025.0', '1025.0', '1005.0'),
    ('BRPT.JK', '2024-10-16', '1025.0', '1000.0', '1035.0', '1000.0'),
    ('BRPT.JK', '2024-10-17', '1010.0', '1030.0', '1035.0', '1005.0'),
    ('BRPT.JK', '2024-10-18', '1035.0', '1020.0', '1040.0', '1015.0'),
    ('BRPT.JK', '2024-10-21', '1025.0', '1015.0', '1030.0', '1010.0'),
    ('BRPT.JK', '2024-10-22', '1015.0', '1045.0', '1055.0', '1010.0'),
    ('BRPT.JK', '2024-10-23', '1060.0', '1040.0', '1060.0', '1025.0'),
    ('BRPT.JK', '2024-10-24', '1045.0', '1020.0', '1050.0', '1020.0'),
    ('BRPT.JK', '2024-10-25', '1025.0', '1010.0', '1035.0', '1000.0'),
    ('BRPT.JK', '2024-10-28', '1010.0', '1000.0', '1020.0', '995.0'),
    ('BRPT.JK', '2024-10-29', '1000.0', '1000.0', '1015.0', '995.0'),
    ('BRPT.JK', '2024-10-30', '1005.0', '995.0', '1005.0', '990.0'),
    ('BRPT.JK', '2024-10-31', '995.0', '995.0', '1015.0', '990.0'),
    ('BRPT.JK', '2024-11-01', '995.0', '985.0', '1005.0', '985.0'),
    ('BRPT.JK', '2024-11-04', '985.0', '970.0', '990.0', '965.0'),
    ('BRPT.JK', '2024-11-05', '975.0', '965.0', '985.0', '960.0'),
    ('BRPT.JK', '2024-11-06', '970.0', '930.0', '980.0', '930.0'),
    ('BRPT.JK', '2024-11-07', '930.0', '890.0', '930.0', '885.0'),
    ('BRPT.JK', '2024-11-08', '905.0', '940.0', '965.0', '905.0'),
    ('BRPT.JK', '2024-11-11', '950.0', '930.0', '955.0', '905.0'),
    ('BRPT.JK', '2024-11-12', '930.0', '905.0', '945.0', '905.0'),
    ('BRPT.JK', '2024-11-13', '910.0', '890.0', '920.0', '890.0'),
    ('BRPT.JK', '2024-11-14', '900.0', '885.0', '905.0', '885.0'),
    ('BRPT.JK', '2024-11-15', '885.0', '855.0', '895.0', '855.0'),
    ('BRPT.JK', '2024-11-18', '855.0', '845.0', '885.0', '840.0'),
    ('BRPT.JK', '2024-11-19', '850.0', '850.0', '875.0', '845.0'),
    ('BRPT.JK', '2024-11-20', '850.0', '840.0', '860.0', '840.0'),
    ('BRPT.JK', '2024-11-21', '845.0', '800.0', '845.0', '800.0'),
    ('BRPT.JK', '2024-11-22', '800.0', '800.0', '820.0', '785.0'),
    ('BRPT.JK', '2024-11-25', '800.0', '870.0', '915.0', '800.0'),
    ('BRPT.JK', '2024-11-26', '890.0', '895.0', '920.0', '860.0'),
    ('BRPT.JK', '2024-11-28', '900.0', '890.0', '915.0', '875.0'),
    ('BRPT.JK', '2024-11-29', '880.0', '855.0', '885.0', '820.0'),
    ('BRPT.JK', '2024-12-02', '855.0', '810.0', '860.0', '805.0'),
    ('BRPT.JK', '2024-12-03', '820.0', '865.0', '880.0', '820.0'),
    ('BRPT.JK', '2024-12-04', '870.0', '925.0', '935.0', '855.0'),
    ('BRPT.JK', '2024-12-05', '930.0', '930.0', '960.0', '910.0'),
    ('BRPT.JK', '2024-12-06', '940.0', '955.0', '975.0', '935.0'),
    ('BRPT.JK', '2024-12-09', '955.0', '935.0', '960.0', '930.0'),
    ('BRPT.JK', '2024-12-10', '935.0', '935.0', '960.0', '915.0'),
    ('BRPT.JK', '2024-12-11', '935.0', '910.0', '950.0', '905.0'),
    ('BRPT.JK', '2024-12-12', '910.0', '900.0', '925.0', '895.0'),
    ('BRPT.JK', '2024-12-13', '905.0', '890.0', '910.0', '885.0'),
    ('BRPT.JK', '2024-12-16', '890.0', '880.0', '900.0', '860.0'),
    ('BRPT.JK', '2024-12-17', '880.0', '885.0', '910.0', '870.0'),
    ('BRPT.JK', '2024-12-18', '890.0', '875.0', '905.0', '875.0'),
    ('BRPT.JK', '2024-12-19', '865.0', '830.0', '865.0', '830.0'),
    ('BRPT.JK', '2024-12-20', '835.0', '820.0', '850.0', '815.0'),
    ('BRPT.JK', '2024-12-23', '830.0', '870.0', '890.0', '830.0'),
    ('BRPT.JK', '2024-12-24', '880.0', '895.0', '920.0', '880.0'),
    ('BRPT.JK', '2024-12-27', '895.0', '910.0', '910.0', '880.0'),
    ('BRPT.JK', '2024-12-30', '920.0', '920.0', '925.0', '900.0'),
    ('BRPT.JK', '2025-01-02', '925.0', '940.0', '945.0', '915.0'),
    ('BRPT.JK', '2025-01-03', '940.0', '935.0', '950.0', '915.0'),
    ('BRPT.JK', '2025-01-06', '945.0', '980.0', '985.0', '940.0'),
    ('BRPT.JK', '2025-01-07', '985.0', '995.0', '1010.0', '970.0'),
    ('BRPT.JK', '2025-01-08', '995.0', '975.0', '1020.0', '965.0'),
    ('BRPT.JK', '2025-01-09', '980.0', '975.0', '1000.0', '970.0'),
    ('BRPT.JK', '2025-01-10', '985.0', '985.0', '1005.0', '980.0'),
    ('BRPT.JK', '2025-01-13', '985.0', '1010.0', '1110.0', '985.0'),
    ('BRPT.JK', '2025-01-14', '1020.0', '970.0', '1030.0', '970.0'),
    ('BRPT.JK', '2025-01-15', '970.0', '950.0', '995.0', '940.0'),
    ('BRPT.JK', '2025-01-16', '950.0', '955.0', '985.0', '940.0'),
    ('BRPT.JK', '2025-01-17', '955.0', '940.0', '965.0', '940.0'),
    ('BRPT.JK', '2025-01-20', '950.0', '940.0', '965.0', '940.0'),
    ('BRPT.JK', '2025-01-21', '945.0', '920.0', '950.0', '910.0'),
    ('BRPT.JK', '2025-01-22', '930.0', '930.0', '945.0', '915.0'),
    ('BRPT.JK', '2025-01-23', '940.0', '915.0', '945.0', '915.0'),
    ('BRPT.JK', '2025-01-24', '915.0', '905.0', '925.0', '900.0'),
    ('BRPT.JK', '2025-01-30', '905.0', '925.0', '955.0', '890.0'),
    ('BRPT.JK', '2025-01-31', '940.0', '920.0', '945.0', '920.0'),
    ('BRPT.JK', '2025-02-03', '920.0', '910.0', '925.0', '885.0'),
    ('BRPT.JK', '2025-02-04', '910.0', '925.0', '940.0', '910.0'),
    ('BRPT.JK', '2025-02-05', '960.0', '935.0', '980.0', '925.0'),
    ('BRPT.JK', '2025-02-06', '940.0', '910.0', '940.0', '910.0'),
    ('BRPT.JK', '2025-02-07', '845.0', '815.0', '860.0', '805.0'),
    ('BRPT.JK', '2025-02-10', '815.0', '815.0', '835.0', '790.0'),
    ('BRPT.JK', '2025-02-11', '815.0', '810.0', '830.0', '785.0'),
    ('BRPT.JK', '2025-02-12', '810.0', '820.0', '825.0', '805.0'),
    ('BRPT.JK', '2025-02-13', '825.0', '800.0', '830.0', '800.0'),
    ('BRPT.JK', '2025-02-14', '805.0', '810.0', '820.0', '805.0'),
    ('BRPT.JK', '2025-02-17', '815.0', '870.0', '870.0', '815.0'),
    ('BRPT.JK', '2025-02-18', '875.0', '860.0', '880.0', '855.0'),
    ('BRPT.JK', '2025-02-19', '860.0', '855.0', '865.0', '845.0'),
    ('BRPT.JK', '2025-02-20', '855.0', '840.0', '865.0', '840.0'),
    ('BRPT.JK', '2025-02-21', '845.0', '850.0', '855.0', '830.0'),
    ('BRPT.JK', '2025-02-24', '850.0', '825.0', '850.0', '815.0'),
    ('BRPT.JK', '2025-02-25', '830.0', '815.0', '835.0', '800.0'),
    ('BRPT.JK', '2025-02-26', '815.0', '825.0', '830.0', '805.0'),
    ('BRPT.JK', '2025-02-27', '825.0', '800.0', '830.0', '800.0'),
    ('BRPT.JK', '2025-02-28', '800.0', '785.0', '810.0', '760.0'),
    ('BRPT.JK', '2025-03-03', '795.0', '820.0', '825.0', '790.0'),
    ('BRPT.JK', '2025-03-04', '810.0', '800.0', '810.0', '770.0'),
    ('BRPT.JK', '2025-03-05', '800.0', '795.0', '810.0', '790.0'),
    ('BRPT.JK', '2025-03-06', '800.0', '815.0', '820.0', '795.0'),
    ('BRPT.JK', '2025-03-07', '825.0', '820.0', '840.0', '810.0'),
    ('BRPT.JK', '2025-03-10', '820.0', '810.0', '830.0', '810.0'),
    ('BRPT.JK', '2025-03-11', '800.0', '800.0', '810.0', '790.0'),
    ('BRPT.JK', '2025-03-12', '800.0', '795.0', '810.0', '795.0'),
    ('BRPT.JK', '2025-03-13', '800.0', '800.0', '805.0', '790.0'),
    ('BRPT.JK', '2025-03-14', '800.0', '780.0', '800.0', '775.0'),
    ('BRPT.JK', '2025-03-17', '795.0', '775.0', '800.0', '765.0'),
    ('BRPT.JK', '2025-03-18', '780.0', '655.0', '780.0', '585.0'),
    ('BRPT.JK', '2025-03-19', '665.0', '670.0', '680.0', '630.0'),
    ('BRPT.JK', '2025-03-20', '675.0', '675.0', '710.0', '660.0'),
    ('BRPT.JK', '2025-03-21', '680.0', '700.0', '725.0', '650.0'),
    ('BRPT.JK', '2025-03-24', '705.0', '655.0', '705.0', '620.0'),
    ('BRPT.JK', '2025-03-25', '665.0', '645.0', '675.0', '640.0'),
    ('BRPT.JK', '2025-03-26', '655.0', '680.0', '685.0', '650.0'),
    ('BRPT.JK', '2025-03-27', '680.0', '710.0', '720.0', '670.0'),
    ('BRPT.JK', '2025-04-08', '605.0', '645.0', '655.0', '605.0'),
    ('BRPT.JK', '2025-04-09', '640.0', '600.0', '660.0', '600.0'),
    ('BRPT.JK', '2025-04-10', '650.0', '655.0', '675.0', '640.0'),
    ('BRPT.JK', '2025-04-11', '650.0', '665.0', '690.0', '630.0'),
    ('BRPT.JK', '2025-04-14', '660.0', '695.0', '700.0', '650.0'),
    ('BRPT.JK', '2025-04-15', '705.0', '705.0', '720.0', '680.0'),
    ('BRPT.JK', '2025-04-16', '710.0', '730.0', '730.0', '695.0'),
    ('BRPT.JK', '2025-04-17', '730.0', '765.0', '765.0', '705.0'),
    ('BRPT.JK', '2025-04-21', '760.0', '765.0', '790.0', '750.0'),
    ('BRPT.JK', '2025-04-22', '765.0', '770.0', '775.0', '750.0'),
    ('BRPT.JK', '2025-04-23', '780.0', '775.0', '795.0', '765.0'),
    ('BRPT.JK', '2025-04-24', '775.0', '765.0', '785.0', '755.0'),
    ('BRPT.JK', '2025-04-25', '770.0', '750.0', '770.0', '750.0'),
    ('BRPT.JK', '2025-04-28', '750.0', '755.0', '770.0', '740.0'),
    ('BRPT.JK', '2025-04-29', '765.0', '755.0', '765.0', '750.0'),
    ('BRPT.JK', '2025-04-30', '755.0', '745.0', '760.0', '740.0'),
    ('BRPT.JK', '2025-05-02', '745.0', '755.0', '760.0', '740.0'),
    ('BRPT.JK', '2025-05-05', '760.0', '770.0', '800.0', '760.0'),
    ('BRPT.JK', '2025-05-06', '780.0', '780.0', '795.0', '765.0'),
    ('BRPT.JK', '2025-05-07', '790.0', '845.0', '855.0', '785.0'),
    ('BRPT.JK', '2025-05-08', '865.0', '820.0', '865.0', '815.0'),
    ('BRPT.JK', '2025-05-09', '825.0', '820.0', '850.0', '815.0'),
    ('BRPT.JK', '2025-05-14', '855.0', '855.0', '865.0', '835.0'),
    ('BRPT.JK', '2025-05-15', '860.0', '860.0', '885.0', '850.0'),
    ('BRPT.JK', '2025-05-16', '870.0', '875.0', '890.0', '865.0'),
    ('BRPT.JK', '2025-05-19', '885.0', '880.0', '890.0', '870.0'),
    ('BRPT.JK', '2025-05-20', '895.0', '930.0', '950.0', '890.0'),
    ('BRPT.JK', '2025-05-21', '935.0', '980.0', '985.0', '925.0'),
    ('BRPT.JK', '2025-05-22', '985.0', '1080.0', '1080.0', '985.0'),
    ('BRPT.JK', '2025-05-23', '1065.0', '1155.0', '1175.0', '1060.0'),
    ('PGAS.JK', '2024-05-27', '1441.6939666361748', '1432.626708984375', '1446.2275954620748', '1409.9585648548752'),
    ('PGAS.JK', '2024-05-28', '1441.6939238102063', '1482.49658203125', '1487.030210722477', '1423.559409045298'),
    ('PGAS.JK', '2024-05-29', '1482.4966354843993', '1459.8284912109375', '1482.4966354843993', '1446.2276046468605'),
    ('PGAS.JK', '2024-05-30', '1464.3620672663417', '1482.49658203125', '1496.097468104931', '1419.025780354071'),
    ('PGAS.JK', '2024-05-31', '1482.496626069274', '1432.626708984375', '1482.496626069274', '1432.626708984375'),
    ('PGAS.JK', '2024-06-03', '1450.7612273977986', '1441.6939697265625', '1468.895742740271', '1441.6939697265625'),
    ('PGAS.JK', '2024-06-04', '1455.2948653609665', '1468.895751953125', '1477.9630096812307', '1450.7612364969136'),
    ('PGAS.JK', '2024-06-05', '1468.8956787879536', '1437.1602783203125', '1473.429307426188', '1428.0930210438437'),
    ('PGAS.JK', '2024-06-06', '1441.6939138252044', '1455.2947998046875', '1455.2947998046875', '1437.1602851653768'),
    ('PGAS.JK', '2024-06-07', '1455.2948562334168', '1441.6939697265625', '1464.3621139046531', '1437.1603408909443'),
    ('PGAS.JK', '2024-06-10', '1470.0', '1435.0', '1470.0', '1430.0'),
    ('PGAS.JK', '2024-06-11', '1440.0', '1435.0', '1460.0', '1435.0'),
    ('PGAS.JK', '2024-06-12', '1435.0', '1400.0', '1440.0', '1395.0'),
    ('PGAS.JK', '2024-06-13', '1410.0', '1440.0', '1450.0', '1410.0'),
    ('PGAS.JK', '2024-06-14', '1450.0', '1420.0', '1460.0', '1405.0'),
    ('PGAS.JK', '2024-06-19', '1430.0', '1410.0', '1435.0', '1395.0'),
    ('PGAS.JK', '2024-06-20', '1410.0', '1430.0', '1450.0', '1410.0'),
    ('PGAS.JK', '2024-06-21', '1435.0', '1505.0', '1525.0', '1425.0'),
    ('PGAS.JK', '2024-06-24', '1505.0', '1530.0', '1540.0', '1495.0'),
    ('PGAS.JK', '2024-06-25', '1535.0', '1555.0', '1555.0', '1530.0'),
    ('PGAS.JK', '2024-06-26', '1555.0', '1545.0', '1560.0', '1520.0'),
    ('PGAS.JK', '2024-06-27', '1545.0', '1540.0', '1550.0', '1530.0'),
    ('PGAS.JK', '2024-06-28', '1535.0', '1540.0', '1560.0', '1530.0'),
    ('PGAS.JK', '2024-07-01', '1540.0', '1545.0', '1550.0', '1510.0'),
    ('PGAS.JK', '2024-07-02', '1545.0', '1590.0', '1590.0', '1535.0'),
    ('PGAS.JK', '2024-07-03', '1590.0', '1600.0', '1615.0', '1575.0'),
    ('PGAS.JK', '2024-07-04', '1610.0', '1600.0', '1620.0', '1590.0'),
    ('PGAS.JK', '2024-07-05', '1600.0', '1610.0', '1620.0', '1600.0'),
    ('PGAS.JK', '2024-07-08', '1600.0', '1625.0', '1630.0', '1600.0'),
    ('PGAS.JK', '2024-07-09', '1605.0', '1515.0', '1610.0', '1510.0'),
    ('PGAS.JK', '2024-07-10', '1525.0', '1520.0', '1545.0', '1505.0'),
    ('PGAS.JK', '2024-07-11', '1530.0', '1560.0', '1565.0', '1525.0'),
    ('PGAS.JK', '2024-07-12', '1565.0', '1580.0', '1585.0', '1560.0'),
    ('PGAS.JK', '2024-07-15', '1585.0', '1580.0', '1595.0', '1560.0'),
    ('PGAS.JK', '2024-07-16', '1580.0', '1610.0', '1635.0', '1580.0'),
    ('PGAS.JK', '2024-07-17', '1630.0', '1620.0', '1630.0', '1615.0'),
    ('PGAS.JK', '2024-07-18', '1620.0', '1615.0', '1625.0', '1610.0'),
    ('PGAS.JK', '2024-07-19', '1620.0', '1595.0', '1630.0', '1580.0'),
    ('PGAS.JK', '2024-07-22', '1605.0', '1615.0', '1620.0', '1595.0'),
    ('PGAS.JK', '2024-07-23', '1605.0', '1595.0', '1620.0', '1595.0'),
    ('PGAS.JK', '2024-07-24', '1595.0', '1585.0', '1600.0', '1575.0'),
    ('PGAS.JK', '2024-07-25', '1585.0', '1555.0', '1600.0', '1550.0'),
    ('PGAS.JK', '2024-07-26', '1565.0', '1580.0', '1595.0', '1565.0'),
    ('PGAS.JK', '2024-07-29', '1590.0', '1605.0', '1605.0', '1585.0'),
    ('PGAS.JK', '2024-07-30', '1605.0', '1605.0', '1610.0', '1585.0'),
    ('PGAS.JK', '2024-07-31', '1615.0', '1600.0', '1615.0', '1590.0'),
    ('PGAS.JK', '2024-08-01', '1600.0', '1590.0', '1605.0', '1590.0'),
    ('PGAS.JK', '2024-08-02', '1585.0', '1585.0', '1610.0', '1585.0'),
    ('PGAS.JK', '2024-08-05', '1585.0', '1530.0', '1585.0', '1505.0'),
    ('PGAS.JK', '2024-08-06', '1530.0', '1535.0', '1555.0', '1515.0'),
    ('PGAS.JK', '2024-08-07', '1530.0', '1555.0', '1560.0', '1530.0'),
    ('PGAS.JK', '2024-08-08', '1550.0', '1565.0', '1580.0', '1550.0'),
    ('PGAS.JK', '2024-08-09', '1575.0', '1570.0', '1595.0', '1545.0'),
    ('PGAS.JK', '2024-08-12', '1575.0', '1585.0', '1590.0', '1560.0'),
    ('PGAS.JK', '2024-08-13', '1595.0', '1590.0', '1610.0', '1565.0'),
    ('PGAS.JK', '2024-08-14', '1600.0', '1620.0', '1620.0', '1595.0'),
    ('PGAS.JK', '2024-08-15', '1620.0', '1605.0', '1620.0', '1595.0'),
    ('PGAS.JK', '2024-08-16', '1615.0', '1600.0', '1620.0', '1600.0'),
    ('PGAS.JK', '2024-08-19', '1600.0', '1635.0', '1665.0', '1600.0'),
    ('PGAS.JK', '2024-08-20', '1645.0', '1635.0', '1650.0', '1610.0'),
    ('PGAS.JK', '2024-08-21', '1635.0', '1615.0', '1635.0', '1605.0'),
    ('PGAS.JK', '2024-08-22', '1615.0', '1630.0', '1640.0', '1590.0'),
    ('PGAS.JK', '2024-08-23', '1635.0', '1690.0', '1690.0', '1630.0'),
    ('PGAS.JK', '2024-08-26', '1695.0', '1680.0', '1700.0', '1665.0'),
    ('PGAS.JK', '2024-08-27', '1655.0', '1580.0', '1655.0', '1570.0'),
    ('PGAS.JK', '2024-08-28', '1585.0', '1575.0', '1585.0', '1560.0'),
    ('PGAS.JK', '2024-08-29', '1580.0', '1550.0', '1585.0', '1545.0'),
    ('PGAS.JK', '2024-08-30', '1550.0', '1540.0', '1560.0', '1525.0'),
    ('PGAS.JK', '2024-09-02', '1540.0', '1545.0', '1560.0', '1535.0'),
    ('PGAS.JK', '2024-09-03', '1545.0', '1555.0', '1570.0', '1545.0'),
    ('PGAS.JK', '2024-09-04', '1545.0', '1525.0', '1550.0', '1525.0'),
    ('PGAS.JK', '2024-09-05', '1530.0', '1530.0', '1545.0', '1525.0'),
    ('PGAS.JK', '2024-09-06', '1515.0', '1515.0', '1535.0', '1510.0'),
    ('PGAS.JK', '2024-09-09', '1515.0', '1510.0', '1525.0', '1505.0'),
    ('PGAS.JK', '2024-09-10', '1510.0', '1475.0', '1515.0', '1470.0'),
    ('PGAS.JK', '2024-09-11', '1480.0', '1485.0', '1495.0', '1475.0'),
    ('PGAS.JK', '2024-09-12', '1485.0', '1495.0', '1510.0', '1475.0'),
    ('PGAS.JK', '2024-09-13', '1505.0', '1495.0', '1510.0', '1480.0'),
    ('PGAS.JK', '2024-09-17', '1495.0', '1495.0', '1505.0', '1485.0'),
    ('PGAS.JK', '2024-09-18', '1500.0', '1500.0', '1505.0', '1495.0'),
    ('PGAS.JK', '2024-09-19', '1495.0', '1480.0', '1500.0', '1470.0'),
    ('PGAS.JK', '2024-09-20', '1475.0', '1490.0', '1490.0', '1435.0'),
    ('PGAS.JK', '2024-09-23', '1490.0', '1490.0', '1500.0', '1475.0'),
    ('PGAS.JK', '2024-09-24', '1500.0', '1485.0', '1500.0', '1480.0'),
    ('PGAS.JK', '2024-09-25', '1490.0', '1470.0', '1500.0', '1460.0'),
    ('PGAS.JK', '2024-09-26', '1475.0', '1480.0', '1480.0', '1465.0'),
    ('PGAS.JK', '2024-09-27', '1480.0', '1470.0', '1485.0', '1465.0'),
    ('PGAS.JK', '2024-09-30', '1475.0', '1435.0', '1485.0', '1435.0'),
    ('PGAS.JK', '2024-10-01', '1440.0', '1450.0', '1455.0', '1435.0'),
    ('PGAS.JK', '2024-10-02', '1450.0', '1440.0', '1470.0', '1430.0'),
    ('PGAS.JK', '2024-10-03', '1445.0', '1460.0', '1465.0', '1440.0'),
    ('PGAS.JK', '2024-10-04', '1465.0', '1500.0', '1515.0', '1460.0'),
    ('PGAS.JK', '2024-10-07', '1515.0', '1505.0', '1535.0', '1500.0'),
    ('PGAS.JK', '2024-10-08', '1505.0', '1505.0', '1510.0', '1485.0'),
    ('PGAS.JK', '2024-10-09', '1510.0', '1505.0', '1515.0', '1490.0'),
    ('PGAS.JK', '2024-10-10', '1510.0', '1505.0', '1510.0', '1490.0'),
    ('PGAS.JK', '2024-10-11', '1510.0', '1520.0', '1540.0', '1505.0'),
    ('PGAS.JK', '2024-10-14', '1530.0', '1545.0', '1555.0', '1515.0'),
    ('PGAS.JK', '2024-10-15', '1545.0', '1530.0', '1550.0', '1525.0'),
    ('PGAS.JK', '2024-10-16', '1530.0', '1545.0', '1545.0', '1505.0'),
    ('PGAS.JK', '2024-10-17', '1550.0', '1535.0', '1555.0', '1525.0'),
    ('PGAS.JK', '2024-10-18', '1535.0', '1525.0', '1535.0', '1510.0'),
    ('PGAS.JK', '2024-10-21', '1525.0', '1545.0', '1555.0', '1515.0'),
    ('PGAS.JK', '2024-10-22', '1550.0', '1545.0', '1560.0', '1535.0'),
    ('PGAS.JK', '2024-10-23', '1550.0', '1550.0', '1570.0', '1540.0'),
    ('PGAS.JK', '2024-10-24', '1555.0', '1530.0', '1555.0', '1530.0'),
    ('PGAS.JK', '2024-10-25', '1530.0', '1500.0', '1535.0', '1500.0'),
    ('PGAS.JK', '2024-10-28', '1490.0', '1500.0', '1510.0', '1490.0'),
    ('PGAS.JK', '2024-10-29', '1505.0', '1495.0', '1510.0', '1485.0'),
    ('PGAS.JK', '2024-10-30', '1495.0', '1505.0', '1515.0', '1475.0'),
    ('PGAS.JK', '2024-10-31', '1510.0', '1565.0', '1565.0', '1505.0'),
    ('PGAS.JK', '2024-11-01', '1565.0', '1530.0', '1570.0', '1530.0'),
    ('PGAS.JK', '2024-11-04', '1530.0', '1510.0', '1530.0', '1500.0'),
    ('PGAS.JK', '2024-11-05', '1510.0', '1515.0', '1525.0', '1505.0'),
    ('PGAS.JK', '2024-11-06', '1515.0', '1515.0', '1530.0', '1505.0'),
    ('PGAS.JK', '2024-11-07', '1515.0', '1560.0', '1575.0', '1515.0'),
    ('PGAS.JK', '2024-11-08', '1570.0', '1530.0', '1570.0', '1520.0'),
    ('PGAS.JK', '2024-11-11', '1530.0', '1495.0', '1530.0', '1470.0'),
    ('PGAS.JK', '2024-11-12', '1495.0', '1525.0', '1530.0', '1490.0'),
    ('PGAS.JK', '2024-11-13', '1525.0', '1505.0', '1525.0', '1505.0'),
    ('PGAS.JK', '2024-11-14', '1505.0', '1480.0', '1510.0', '1480.0'),
    ('PGAS.JK', '2024-11-15', '1480.0', '1485.0', '1500.0', '1480.0'),
    ('PGAS.JK', '2024-11-18', '1490.0', '1465.0', '1495.0', '1460.0'),
    ('PGAS.JK', '2024-11-19', '1475.0', '1505.0', '1505.0', '1470.0'),
    ('PGAS.JK', '2024-11-20', '1505.0', '1490.0', '1510.0', '1485.0'),
    ('PGAS.JK', '2024-11-21', '1500.0', '1495.0', '1510.0', '1495.0'),
    ('PGAS.JK', '2024-11-22', '1510.0', '1495.0', '1515.0', '1490.0'),
    ('PGAS.JK', '2024-11-25', '1505.0', '1570.0', '1575.0', '1500.0'),
    ('PGAS.JK', '2024-11-26', '1570.0', '1535.0', '1575.0', '1535.0'),
    ('PGAS.JK', '2024-11-28', '1545.0', '1540.0', '1550.0', '1525.0'),
    ('PGAS.JK', '2024-11-29', '1550.0', '1520.0', '1555.0', '1515.0'),
    ('PGAS.JK', '2024-12-02', '1540.0', '1570.0', '1570.0', '1525.0'),
    ('PGAS.JK', '2024-12-03', '1570.0', '1585.0', '1585.0', '1545.0'),
    ('PGAS.JK', '2024-12-04', '1585.0', '1595.0', '1595.0', '1565.0'),
    ('PGAS.JK', '2024-12-05', '1585.0', '1570.0', '1590.0', '1560.0'),
    ('PGAS.JK', '2024-12-06', '1575.0', '1625.0', '1635.0', '1565.0'),
    ('PGAS.JK', '2024-12-09', '1625.0', '1665.0', '1665.0', '1625.0'),
    ('PGAS.JK', '2024-12-10', '1660.0', '1590.0', '1660.0', '1590.0'),
    ('PGAS.JK', '2024-12-11', '1590.0', '1605.0', '1625.0', '1585.0'),
    ('PGAS.JK', '2024-12-12', '1610.0', '1615.0', '1630.0', '1605.0'),
    ('PGAS.JK', '2024-12-13', '1620.0', '1605.0', '1625.0', '1590.0'),
    ('PGAS.JK', '2024-12-16', '1605.0', '1575.0', '1605.0', '1565.0'),
    ('PGAS.JK', '2024-12-17', '1585.0', '1525.0', '1590.0', '1515.0'),
    ('PGAS.JK', '2024-12-18', '1525.0', '1550.0', '1565.0', '1525.0'),
    ('PGAS.JK', '2024-12-19', '1550.0', '1535.0', '1565.0', '1515.0'),
    ('PGAS.JK', '2024-12-20', '1535.0', '1550.0', '1570.0', '1535.0'),
    ('PGAS.JK', '2024-12-23', '1555.0', '1560.0', '1575.0', '1540.0'),
    ('PGAS.JK', '2024-12-24', '1565.0', '1545.0', '1570.0', '1540.0'),
    ('PGAS.JK', '2024-12-27', '1555.0', '1590.0', '1600.0', '1555.0'),
    ('PGAS.JK', '2024-12-30', '1600.0', '1590.0', '1610.0', '1580.0'),
    ('PGAS.JK', '2025-01-02', '1610.0', '1610.0', '1610.0', '1590.0'),
    ('PGAS.JK', '2025-01-03', '1610.0', '1595.0', '1620.0', '1595.0'),
    ('PGAS.JK', '2025-01-06', '1595.0', '1715.0', '1725.0', '1595.0'),
    ('PGAS.JK', '2025-01-07', '1720.0', '1645.0', '1720.0', '1635.0'),
    ('PGAS.JK', '2025-01-08', '1640.0', '1665.0', '1680.0', '1640.0'),
    ('PGAS.JK', '2025-01-09', '1665.0', '1675.0', '1690.0', '1650.0'),
    ('PGAS.JK', '2025-01-10', '1675.0', '1705.0', '1710.0', '1675.0'),
    ('PGAS.JK', '2025-01-13', '1705.0', '1715.0', '1725.0', '1690.0'),
    ('PGAS.JK', '2025-01-14', '1720.0', '1655.0', '1720.0', '1655.0'),
    ('PGAS.JK', '2025-01-15', '1655.0', '1655.0', '1675.0', '1650.0'),
    ('PGAS.JK', '2025-01-16', '1670.0', '1645.0', '1675.0', '1640.0'),
    ('PGAS.JK', '2025-01-17', '1655.0', '1630.0', '1660.0', '1620.0'),
    ('PGAS.JK', '2025-01-20', '1625.0', '1610.0', '1650.0', '1595.0'),
    ('PGAS.JK', '2025-01-21', '1620.0', '1610.0', '1630.0', '1600.0'),
    ('PGAS.JK', '2025-01-22', '1620.0', '1585.0', '1625.0', '1580.0'),
    ('PGAS.JK', '2025-01-23', '1610.0', '1650.0', '1660.0', '1595.0'),
    ('PGAS.JK', '2025-01-24', '1655.0', '1650.0', '1670.0', '1630.0'),
    ('PGAS.JK', '2025-01-30', '1650.0', '1630.0', '1650.0', '1610.0'),
    ('PGAS.JK', '2025-01-31', '1635.0', '1600.0', '1635.0', '1595.0'),
    ('PGAS.JK', '2025-02-03', '1600.0', '1590.0', '1605.0', '1560.0'),
    ('PGAS.JK', '2025-02-04', '1600.0', '1585.0', '1620.0', '1580.0'),
    ('PGAS.JK', '2025-02-05', '1630.0', '1630.0', '1635.0', '1605.0'),
    ('PGAS.JK', '2025-02-06', '1635.0', '1565.0', '1640.0', '1565.0'),
    ('PGAS.JK', '2025-02-07', '1565.0', '1575.0', '1595.0', '1530.0'),
    ('PGAS.JK', '2025-02-10', '1575.0', '1595.0', '1620.0', '1560.0'),
    ('PGAS.JK', '2025-02-11', '1605.0', '1630.0', '1655.0', '1605.0'),
    ('PGAS.JK', '2025-02-12', '1640.0', '1640.0', '1650.0', '1620.0'),
    ('PGAS.JK', '2025-02-13', '1640.0', '1625.0', '1655.0', '1605.0'),
    ('PGAS.JK', '2025-02-14', '1630.0', '1645.0', '1660.0', '1625.0'),
    ('PGAS.JK', '2025-02-17', '1650.0', '1685.0', '1690.0', '1635.0'),
    ('PGAS.JK', '2025-02-18', '1685.0', '1700.0', '1715.0', '1685.0'),
    ('PGAS.JK', '2025-02-19', '1710.0', '1685.0', '1710.0', '1670.0'),
    ('PGAS.JK', '2025-02-20', '1685.0', '1685.0', '1700.0', '1675.0'),
    ('PGAS.JK', '2025-02-21', '1685.0', '1660.0', '1685.0', '1645.0'),
    ('PGAS.JK', '2025-02-24', '1655.0', '1665.0', '1710.0', '1640.0'),
    ('PGAS.JK', '2025-02-25', '1680.0', '1635.0', '1680.0', '1615.0'),
    ('PGAS.JK', '2025-02-26', '1645.0', '1615.0', '1660.0', '1585.0'),
    ('PGAS.JK', '2025-02-27', '1595.0', '1530.0', '1615.0', '1505.0'),
    ('PGAS.JK', '2025-02-28', '1520.0', '1505.0', '1550.0', '1480.0'),
    ('PGAS.JK', '2025-03-03', '1500.0', '1520.0', '1535.0', '1495.0'),
    ('PGAS.JK', '2025-03-04', '1520.0', '1520.0', '1535.0', '1505.0'),
    ('PGAS.JK', '2025-03-05', '1520.0', '1520.0', '1565.0', '1505.0'),
    ('PGAS.JK', '2025-03-06', '1525.0', '1505.0', '1540.0', '1505.0'),
    ('PGAS.JK', '2025-03-07', '1510.0', '1510.0', '1525.0', '1500.0'),
    ('PGAS.JK', '2025-03-10', '1530.0', '1485.0', '1530.0', '1480.0'),
    ('PGAS.JK', '2025-03-11', '1480.0', '1450.0', '1485.0', '1445.0'),
    ('PGAS.JK', '2025-03-12', '1465.0', '1510.0', '1520.0', '1465.0'),
    ('PGAS.JK', '2025-03-13', '1520.0', '1555.0', '1585.0', '1515.0'),
    ('PGAS.JK', '2025-03-14', '1565.0', '1535.0', '1565.0', '1530.0'),
    ('PGAS.JK', '2025-03-17', '1570.0', '1525.0', '1570.0', '1515.0'),
    ('PGAS.JK', '2025-03-18', '1540.0', '1510.0', '1540.0', '1460.0'),
    ('PGAS.JK', '2025-03-19', '1510.0', '1500.0', '1525.0', '1490.0'),
    ('PGAS.JK', '2025-03-20', '1500.0', '1540.0', '1555.0', '1500.0'),
    ('PGAS.JK', '2025-03-21', '1535.0', '1540.0', '1550.0', '1505.0'),
    ('PGAS.JK', '2025-03-24', '1540.0', '1525.0', '1565.0', '1510.0'),
    ('PGAS.JK', '2025-03-25', '1545.0', '1500.0', '1545.0', '1500.0'),
    ('PGAS.JK', '2025-03-26', '1505.0', '1550.0', '1580.0', '1505.0'),
    ('PGAS.JK', '2025-03-27', '1555.0', '1555.0', '1570.0', '1545.0'),
    ('PGAS.JK', '2025-04-08', '1450.0', '1445.0', '1480.0', '1425.0'),
    ('PGAS.JK', '2025-04-09', '1445.0', '1490.0', '1490.0', '1440.0'),
    ('PGAS.JK', '2025-04-10', '1525.0', '1550.0', '1570.0', '1525.0'),
    ('PGAS.JK', '2025-04-11', '1550.0', '1580.0', '1590.0', '1530.0'),
    ('PGAS.JK', '2025-04-14', '1585.0', '1640.0', '1650.0', '1585.0'),
    ('PGAS.JK', '2025-04-15', '1650.0', '1685.0', '1695.0', '1650.0'),
    ('PGAS.JK', '2025-04-16', '1675.0', '1670.0', '1685.0', '1645.0'),
    ('PGAS.JK', '2025-04-17', '1670.0', '1675.0', '1680.0', '1655.0'),
    ('PGAS.JK', '2025-04-21', '1675.0', '1680.0', '1685.0', '1660.0'),
    ('PGAS.JK', '2025-04-22', '1685.0', '1675.0', '1690.0', '1670.0'),
    ('PGAS.JK', '2025-04-23', '1690.0', '1715.0', '1765.0', '1685.0'),
    ('PGAS.JK', '2025-04-24', '1730.0', '1770.0', '1795.0', '1725.0'),
    ('PGAS.JK', '2025-04-25', '1780.0', '1725.0', '1785.0', '1710.0'),
    ('PGAS.JK', '2025-04-28', '1725.0', '1710.0', '1735.0', '1700.0'),
    ('PGAS.JK', '2025-04-29', '1720.0', '1720.0', '1735.0', '1710.0'),
    ('PGAS.JK', '2025-04-30', '1650.0', '1685.0', '1700.0', '1625.0'),
    ('PGAS.JK', '2025-05-02', '1685.0', '1635.0', '1690.0', '1635.0'),
    ('PGAS.JK', '2025-05-05', '1640.0', '1630.0', '1650.0', '1630.0'),
    ('PGAS.JK', '2025-05-06', '1630.0', '1620.0', '1635.0', '1610.0'),
    ('PGAS.JK', '2025-05-07', '1630.0', '1635.0', '1645.0', '1620.0'),
    ('PGAS.JK', '2025-05-08', '1635.0', '1600.0', '1645.0', '1600.0'),
    ('PGAS.JK', '2025-05-09', '1610.0', '1605.0', '1620.0', '1595.0'),
    ('PGAS.JK', '2025-05-14', '1615.0', '1660.0', '1665.0', '1615.0'),
    ('PGAS.JK', '2025-05-15', '1665.0', '1665.0', '1680.0', '1640.0'),
    ('PGAS.JK', '2025-05-16', '1675.0', '1690.0', '1710.0', '1650.0'),
    ('PGAS.JK', '2025-05-19', '1700.0', '1740.0', '1750.0', '1700.0'),
    ('PGAS.JK', '2025-05-20', '1750.0', '1725.0', '1775.0', '1725.0'),
    ('PGAS.JK', '2025-05-21', '1745.0', '1745.0', '1765.0', '1710.0'),
    ('PGAS.JK', '2025-05-22', '1745.0', '1800.0', '1815.0', '1735.0'),
    ('PGAS.JK', '2025-05-23', '1785.0', '1770.0', '1790.0', '1765.0'),
    ('GGRM.JK', '2024-05-27', '19100.0', '19125.0', '19325.0', '18900.0'),
    ('GGRM.JK', '2024-05-28', '19200.0', '19300.0', '19375.0', '19050.0'),
    ('GGRM.JK', '2024-05-29', '19300.0', '19125.0', '19300.0', '19075.0'),
    ('GGRM.JK', '2024-05-30', '19125.0', '19000.0', '19200.0', '19000.0'),
    ('GGRM.JK', '2024-05-31', '19250.0', '18700.0', '19850.0', '18700.0'),
    ('GGRM.JK', '2024-06-03', '18900.0', '18325.0', '18975.0', '18325.0'),
    ('GGRM.JK', '2024-06-04', '18400.0', '18450.0', '18625.0', '18300.0'),
    ('GGRM.JK', '2024-06-05', '18450.0', '18225.0', '18450.0', '18200.0'),
    ('GGRM.JK', '2024-06-06', '18350.0', '18300.0', '18350.0', '18200.0'),
    ('GGRM.JK', '2024-06-07', '18300.0', '18850.0', '18850.0', '18200.0'),
    ('GGRM.JK', '2024-06-10', '18750.0', '18600.0', '18750.0', '18550.0'),
    ('GGRM.JK', '2024-06-11', '18500.0', '18800.0', '18800.0', '18450.0'),
    ('GGRM.JK', '2024-06-12', '18800.0', '18375.0', '18800.0', '18250.0'),
    ('GGRM.JK', '2024-06-13', '18400.0', '18275.0', '18525.0', '18275.0'),
    ('GGRM.JK', '2024-06-14', '18325.0', '18200.0', '18425.0', '18200.0'),
    ('GGRM.JK', '2024-06-19', '18200.0', '18175.0', '18300.0', '18000.0'),
    ('GGRM.JK', '2024-06-20', '18175.0', '17950.0', '18175.0', '17800.0'),
    ('GGRM.JK', '2024-06-21', '18000.0', '18350.0', '18350.0', '17975.0'),
    ('GGRM.JK', '2024-06-24', '18425.0', '18300.0', '18575.0', '18250.0'),
    ('GGRM.JK', '2024-06-25', '18300.0', '18250.0', '18375.0', '18250.0'),
    ('GGRM.JK', '2024-06-26', '18300.0', '18275.0', '18350.0', '18200.0'),
    ('GGRM.JK', '2024-06-27', '18300.0', '18550.0', '18550.0', '18225.0'),
    ('GGRM.JK', '2024-06-28', '18600.0', '18100.0', '18875.0', '18000.0'),
    ('GGRM.JK', '2024-07-01', '18000.0', '17500.0', '18000.0', '17400.0'),
    ('GGRM.JK', '2024-07-02', '17500.0', '17400.0', '17650.0', '17400.0'),
    ('GGRM.JK', '2024-07-03', '17425.0', '17350.0', '17500.0', '17350.0'),
    ('GGRM.JK', '2024-07-04', '17425.0', '17200.0', '17475.0', '17125.0'),
    ('GGRM.JK', '2024-07-05', '17200.0', '17150.0', '17325.0', '17125.0'),
    ('GGRM.JK', '2024-07-08', '17325.0', '17300.0', '17325.0', '17125.0'),
    ('GGRM.JK', '2024-07-09', '17300.0', '17375.0', '17475.0', '17300.0'),
    ('GGRM.JK', '2024-07-10', '17375.0', '17300.0', '17475.0', '17300.0'),
    ('GGRM.JK', '2024-07-11', '17350.0', '17225.0', '17400.0', '17200.0'),
    ('GGRM.JK', '2024-07-12', '17225.0', '17075.0', '17275.0', '17050.0'),
    ('GGRM.JK', '2024-07-15', '17050.0', '16975.0', '17100.0', '16950.0'),
    ('GGRM.JK', '2024-07-16', '17050.0', '16950.0', '17050.0', '16950.0'),
    ('GGRM.JK', '2024-07-17', '17000.0', '16950.0', '17000.0', '16900.0'),
    ('GGRM.JK', '2024-07-18', '16950.0', '16900.0', '17075.0', '16900.0'),
    ('GGRM.JK', '2024-07-19', '16925.0', '16925.0', '17000.0', '16925.0'),
    ('GGRM.JK', '2024-07-22', '16925.0', '17125.0', '17350.0', '16925.0'),
    ('GGRM.JK', '2024-07-23', '17125.0', '17025.0', '17275.0', '17025.0'),
    ('GGRM.JK', '2024-07-24', '17025.0', '16800.0', '17025.0', '16800.0'),
    ('GGRM.JK', '2024-07-25', '16800.0', '16625.0', '16800.0', '16600.0'),
    ('GGRM.JK', '2024-07-26', '16600.0', '16600.0', '16625.0', '16525.0'),
    ('GGRM.JK', '2024-07-29', '16600.0', '16550.0', '16600.0', '16525.0'),
    ('GGRM.JK', '2024-07-30', '16550.0', '16200.0', '16600.0', '16100.0'),
    ('GGRM.JK', '2024-07-31', '16100.0', '15750.0', '16200.0', '15575.0'),
    ('GGRM.JK', '2024-08-01', '15700.0', '15400.0', '15700.0', '15400.0'),
    ('GGRM.JK', '2024-08-02', '15400.0', '15550.0', '15775.0', '15250.0'),
    ('GGRM.JK', '2024-08-05', '15475.0', '15025.0', '15525.0', '15000.0'),
    ('GGRM.JK', '2024-08-06', '15050.0', '14800.0', '15175.0', '14750.0'),
    ('GGRM.JK', '2024-08-07', '14750.0', '14800.0', '14975.0', '14750.0'),
    ('GGRM.JK', '2024-08-08', '14800.0', '14500.0', '14800.0', '14500.0'),
    ('GGRM.JK', '2024-08-09', '14500.0', '14575.0', '14800.0', '14475.0'),
    ('GGRM.JK', '2024-08-12', '14575.0', '14800.0', '14900.0', '14575.0'),
    ('GGRM.JK', '2024-08-13', '14925.0', '14975.0', '15050.0', '14825.0'),
    ('GGRM.JK', '2024-08-14', '15025.0', '14825.0', '15050.0', '14825.0'),
    ('GGRM.JK', '2024-08-15', '14800.0', '14850.0', '14950.0', '14800.0'),
    ('GGRM.JK', '2024-08-16', '15000.0', '14975.0', '15025.0', '14850.0'),
    ('GGRM.JK', '2024-08-19', '14975.0', '16200.0', '16200.0', '14975.0'),
    ('GGRM.JK', '2024-08-20', '16700.0', '16600.0', '17000.0', '16500.0'),
    ('GGRM.JK', '2024-08-21', '16600.0', '16300.0', '16600.0', '16225.0'),
    ('GGRM.JK', '2024-08-22', '16300.0', '16250.0', '16850.0', '16150.0'),
    ('GGRM.JK', '2024-08-23', '16275.0', '16225.0', '16475.0', '16200.0'),
    ('GGRM.JK', '2024-08-26', '16225.0', '15900.0', '16375.0', '15775.0'),
    ('GGRM.JK', '2024-08-27', '16025.0', '15875.0', '16250.0', '15875.0'),
    ('GGRM.JK', '2024-08-28', '16000.0', '15875.0', '16025.0', '15800.0'),
    ('GGRM.JK', '2024-08-29', '16050.0', '15675.0', '16050.0', '15625.0'),
    ('GGRM.JK', '2024-08-30', '15700.0', '16375.0', '16375.0', '15525.0'),
    ('GGRM.JK', '2024-09-02', '16200.0', '16125.0', '16200.0', '15950.0'),
    ('GGRM.JK', '2024-09-03', '16125.0', '16050.0', '16125.0', '16000.0'),
    ('GGRM.JK', '2024-09-04', '15850.0', '16050.0', '16150.0', '15850.0'),
    ('GGRM.JK', '2024-09-05', '16050.0', '16025.0', '16050.0', '15900.0'),
    ('GGRM.JK', '2024-09-06', '15950.0', '16025.0', '16175.0', '15950.0'),
    ('GGRM.JK', '2024-09-09', '16150.0', '16075.0', '16175.0', '15925.0'),
    ('GGRM.JK', '2024-09-10', '16100.0', '16075.0', '16125.0', '16000.0'),
    ('GGRM.JK', '2024-09-11', '16075.0', '16050.0', '16225.0', '16025.0'),
    ('GGRM.JK', '2024-09-12', '16050.0', '16000.0', '16150.0', '16000.0'),
    ('GGRM.JK', '2024-09-13', '16000.0', '16000.0', '16200.0', '15950.0'),
    ('GGRM.JK', '2024-09-17', '16000.0', '15950.0', '16025.0', '15925.0'),
    ('GGRM.JK', '2024-09-18', '15975.0', '16000.0', '16025.0', '15925.0'),
    ('GGRM.JK', '2024-09-19', '16000.0', '15900.0', '16025.0', '15900.0'),
    ('GGRM.JK', '2024-09-20', '15900.0', '15500.0', '15950.0', '15500.0'),
    ('GGRM.JK', '2024-09-23', '15600.0', '15625.0', '15775.0', '15575.0'),
    ('GGRM.JK', '2024-09-24', '16550.0', '16550.0', '17200.0', '16325.0'),
    ('GGRM.JK', '2024-09-25', '16600.0', '16075.0', '16675.0', '16050.0'),
    ('GGRM.JK', '2024-09-26', '16250.0', '16150.0', '16300.0', '16000.0'),
    ('GGRM.JK', '2024-09-27', '16275.0', '16125.0', '16275.0', '15950.0'),
    ('GGRM.JK', '2024-09-30', '16125.0', '15900.0', '16150.0', '15825.0'),
    ('GGRM.JK', '2024-10-01', '15900.0', '16100.0', '16200.0', '15800.0'),
    ('GGRM.JK', '2024-10-02', '16100.0', '16075.0', '16200.0', '15925.0'),
    ('GGRM.JK', '2024-10-03', '16075.0', '15925.0', '16075.0', '15875.0'),
    ('GGRM.JK', '2024-10-04', '15925.0', '15850.0', '15925.0', '15825.0'),
    ('GGRM.JK', '2024-10-07', '15850.0', '16000.0', '16125.0', '15825.0'),
    ('GGRM.JK', '2024-10-08', '16000.0', '15975.0', '16100.0', '15925.0'),
    ('GGRM.JK', '2024-10-09', '15975.0', '15900.0', '16025.0', '15900.0'),
    ('GGRM.JK', '2024-10-10', '15900.0', '15650.0', '16000.0', '15650.0'),
    ('GGRM.JK', '2024-10-11', '15700.0', '15700.0', '15775.0', '15650.0'),
    ('GGRM.JK', '2024-10-14', '15700.0', '15700.0', '15850.0', '15650.0'),
    ('GGRM.JK', '2024-10-15', '15650.0', '15750.0', '15900.0', '15650.0'),
    ('GGRM.JK', '2024-10-16', '15750.0', '15550.0', '15900.0', '15550.0'),
    ('GGRM.JK', '2024-10-17', '15600.0', '15650.0', '15750.0', '15600.0'),
    ('GGRM.JK', '2024-10-18', '15675.0', '15625.0', '15725.0', '15600.0'),
    ('GGRM.JK', '2024-10-21', '15600.0', '15600.0', '15750.0', '15600.0'),
    ('GGRM.JK', '2024-10-22', '15600.0', '15500.0', '15675.0', '15500.0'),
    ('GGRM.JK', '2024-10-23', '15500.0', '15500.0', '15625.0', '15500.0'),
    ('GGRM.JK', '2024-10-24', '15500.0', '15375.0', '15600.0', '15375.0'),
    ('GGRM.JK', '2024-10-25', '15400.0', '15150.0', '15400.0', '15150.0'),
    ('GGRM.JK', '2024-10-28', '15175.0', '14975.0', '15200.0', '14900.0'),
    ('GGRM.JK', '2024-10-29', '14975.0', '14875.0', '15000.0', '14875.0'),
    ('GGRM.JK', '2024-10-30', '14875.0', '14250.0', '14875.0', '14225.0'),
    ('GGRM.JK', '2024-10-31', '14100.0', '14075.0', '14200.0', '14025.0'),
    ('GGRM.JK', '2024-11-01', '14075.0', '13700.0', '14150.0', '13700.0'),
    ('GGRM.JK', '2024-11-04', '13700.0', '13250.0', '13750.0', '13250.0'),
    ('GGRM.JK', '2024-11-05', '13250.0', '13300.0', '13525.0', '13200.0'),
    ('GGRM.JK', '2024-11-06', '13300.0', '13250.0', '13875.0', '13250.0'),
    ('GGRM.JK', '2024-11-07', '13300.0', '13200.0', '13375.0', '13150.0'),
    ('GGRM.JK', '2024-11-08', '13250.0', '13225.0', '13400.0', '13125.0'),
    ('GGRM.JK', '2024-11-11', '13250.0', '13225.0', '13350.0', '13175.0'),
    ('GGRM.JK', '2024-11-12', '13300.0', '13475.0', '13525.0', '13250.0'),
    ('GGRM.JK', '2024-11-13', '13475.0', '13475.0', '13650.0', '13400.0'),
    ('GGRM.JK', '2024-11-14', '13475.0', '13400.0', '13500.0', '13325.0'),
    ('GGRM.JK', '2024-11-15', '13400.0', '13275.0', '13400.0', '13250.0'),
    ('GGRM.JK', '2024-11-18', '13275.0', '13200.0', '13300.0', '13175.0'),
    ('GGRM.JK', '2024-11-19', '13200.0', '13200.0', '13250.0', '13075.0'),
    ('GGRM.JK', '2024-11-20', '13200.0', '13200.0', '13300.0', '13000.0'),
    ('GGRM.JK', '2024-11-21', '13200.0', '13125.0', '13200.0', '13100.0'),
    ('GGRM.JK', '2024-11-22', '13125.0', '13025.0', '13200.0', '13000.0'),
    ('GGRM.JK', '2024-11-25', '13200.0', '13425.0', '13425.0', '13025.0'),
    ('GGRM.JK', '2024-11-26', '13425.0', '13250.0', '13425.0', '13250.0'),
    ('GGRM.JK', '2024-11-28', '13250.0', '12975.0', '13250.0', '12825.0'),
    ('GGRM.JK', '2024-11-29', '13000.0', '12825.0', '13000.0', '12825.0'),
    ('GGRM.JK', '2024-12-02', '12800.0', '12525.0', '13100.0', '12525.0'),
    ('GGRM.JK', '2024-12-03', '12525.0', '12675.0', '12750.0', '12500.0'),
    ('GGRM.JK', '2024-12-04', '12725.0', '13350.0', '13500.0', '12700.0'),
    ('GGRM.JK', '2024-12-05', '13550.0', '13650.0', '13900.0', '13350.0'),
    ('GGRM.JK', '2024-12-06', '13675.0', '13525.0', '13925.0', '13425.0'),
    ('GGRM.JK', '2024-12-09', '13525.0', '13650.0', '13675.0', '13375.0'),
    ('GGRM.JK', '2024-12-10', '13625.0', '13900.0', '14225.0', '13550.0'),
    ('GGRM.JK', '2024-12-11', '13900.0', '13575.0', '14100.0', '13575.0'),
    ('GGRM.JK', '2024-12-12', '13700.0', '13600.0', '13750.0', '13525.0'),
    ('GGRM.JK', '2024-12-13', '13600.0', '13475.0', '13625.0', '13475.0'),
    ('GGRM.JK', '2024-12-16', '13500.0', '13025.0', '13525.0', '13025.0'),
    ('GGRM.JK', '2024-12-17', '13050.0', '12850.0', '13150.0', '12825.0'),
    ('GGRM.JK', '2024-12-18', '12850.0', '12800.0', '12950.0', '12700.0'),
    ('GGRM.JK', '2024-12-19', '12800.0', '12900.0', '12900.0', '12500.0'),
    ('GGRM.JK', '2024-12-20', '12850.0', '13225.0', '13225.0', '12850.0'),
    ('GGRM.JK', '2024-12-23', '13225.0', '13225.0', '13350.0', '13025.0'),
    ('GGRM.JK', '2024-12-24', '13225.0', '13125.0', '13325.0', '13075.0'),
    ('GGRM.JK', '2024-12-27', '13225.0', '13275.0', '13375.0', '13025.0'),
    ('GGRM.JK', '2024-12-30', '13275.0', '13275.0', '13325.0', '13100.0'),
    ('GGRM.JK', '2025-01-02', '13275.0', '13100.0', '13325.0', '13025.0'),
    ('GGRM.JK', '2025-01-03', '13100.0', '12775.0', '13100.0', '12775.0'),
    ('GGRM.JK', '2025-01-06', '12800.0', '12775.0', '12950.0', '12775.0'),
    ('GGRM.JK', '2025-01-07', '12750.0', '12675.0', '12775.0', '12600.0'),
    ('GGRM.JK', '2025-01-08', '12675.0', '12600.0', '12800.0', '12575.0'),
    ('GGRM.JK', '2025-01-09', '12575.0', '12525.0', '12875.0', '12525.0'),
    ('GGRM.JK', '2025-01-10', '12500.0', '12500.0', '12625.0', '12500.0'),
    ('GGRM.JK', '2025-01-13', '12500.0', '12300.0', '12550.0', '12300.0'),
    ('GGRM.JK', '2025-01-14', '12300.0', '12150.0', '12300.0', '12100.0'),
    ('GGRM.JK', '2025-01-15', '12225.0', '12225.0', '12325.0', '12100.0'),
    ('GGRM.JK', '2025-01-16', '12200.0', '12150.0', '12350.0', '12150.0'),
    ('GGRM.JK', '2025-01-17', '12225.0', '12125.0', '12250.0', '12025.0'),
    ('GGRM.JK', '2025-01-20', '12125.0', '12100.0', '12175.0', '12050.0'),
    ('GGRM.JK', '2025-01-21', '12125.0', '12075.0', '12225.0', '12050.0'),
    ('GGRM.JK', '2025-01-22', '12100.0', '12025.0', '12150.0', '12000.0'),
    ('GGRM.JK', '2025-01-23', '12025.0', '11850.0', '12050.0', '11825.0'),
    ('GGRM.JK', '2025-01-24', '11850.0', '11800.0', '11950.0', '11800.0'),
    ('GGRM.JK', '2025-01-30', '11800.0', '11550.0', '11800.0', '11500.0'),
    ('GGRM.JK', '2025-01-31', '11550.0', '11250.0', '11550.0', '11250.0'),
    ('GGRM.JK', '2025-02-03', '11250.0', '10875.0', '11250.0', '10850.0'),
    ('GGRM.JK', '2025-02-04', '10875.0', '11075.0', '11150.0', '10875.0'),
    ('GGRM.JK', '2025-02-05', '11075.0', '10950.0', '11100.0', '10950.0'),
    ('GGRM.JK', '2025-02-06', '10950.0', '10900.0', '11075.0', '10850.0'),
    ('GGRM.JK', '2025-02-07', '10875.0', '10900.0', '10925.0', '10700.0'),
    ('GGRM.JK', '2025-02-10', '10900.0', '10775.0', '10975.0', '10650.0'),
    ('GGRM.JK', '2025-02-11', '10700.0', '10425.0', '10700.0', '10375.0'),
    ('GGRM.JK', '2025-02-12', '10425.0', '10725.0', '10800.0', '10425.0'),
    ('GGRM.JK', '2025-02-13', '10750.0', '10900.0', '10900.0', '10550.0'),
    ('GGRM.JK', '2025-02-14', '10875.0', '11200.0', '11325.0', '10875.0'),
    ('GGRM.JK', '2025-02-17', '11025.0', '11450.0', '11700.0', '11025.0'),
    ('GGRM.JK', '2025-02-18', '11350.0', '11700.0', '11725.0', '11250.0'),
    ('GGRM.JK', '2025-02-19', '11600.0', '11675.0', '11875.0', '11525.0'),
    ('GGRM.JK', '2025-02-20', '11675.0', '11600.0', '11800.0', '11500.0'),
    ('GGRM.JK', '2025-02-21', '11600.0', '11425.0', '11600.0', '11325.0'),
    ('GGRM.JK', '2025-02-24', '11500.0', '11400.0', '11500.0', '11300.0'),
    ('GGRM.JK', '2025-02-25', '11300.0', '11175.0', '11400.0', '10900.0'),
    ('GGRM.JK', '2025-02-26', '11100.0', '11000.0', '11175.0', '10900.0'),
    ('GGRM.JK', '2025-02-27', '11000.0', '10525.0', '11075.0', '10425.0'),
    ('GGRM.JK', '2025-02-28', '10450.0', '10550.0', '10650.0', '10275.0'),
    ('GGRM.JK', '2025-03-03', '10500.0', '10600.0', '10750.0', '10350.0'),
    ('GGRM.JK', '2025-03-04', '10550.0', '10475.0', '10550.0', '10300.0'),
    ('GGRM.JK', '2025-03-05', '10475.0', '10450.0', '10875.0', '10425.0'),
    ('GGRM.JK', '2025-03-06', '10500.0', '10575.0', '10900.0', '10500.0'),
    ('GGRM.JK', '2025-03-07', '10600.0', '10525.0', '10700.0', '10300.0'),
    ('GGRM.JK', '2025-03-10', '10525.0', '10250.0', '10525.0', '10200.0'),
    ('GGRM.JK', '2025-03-11', '10150.0', '10125.0', '10150.0', '10000.0'),
    ('GGRM.JK', '2025-03-12', '10100.0', '10250.0', '10300.0', '10100.0'),
    ('GGRM.JK', '2025-03-13', '10200.0', '10350.0', '10450.0', '10200.0'),
    ('GGRM.JK', '2025-03-14', '10350.0', '10400.0', '10625.0', '10325.0'),
    ('GGRM.JK', '2025-03-17', '10400.0', '11200.0', '11250.0', '10325.0'),
    ('GGRM.JK', '2025-03-18', '11100.0', '10375.0', '11100.0', '10350.0'),
    ('GGRM.JK', '2025-03-19', '10375.0', '10325.0', '10550.0', '10300.0'),
    ('GGRM.JK', '2025-03-20', '10375.0', '10250.0', '10475.0', '10225.0'),
    ('GGRM.JK', '2025-03-21', '10275.0', '9950.0', '10275.0', '9950.0'),
    ('GGRM.JK', '2025-03-24', '10050.0', '9850.0', '10050.0', '9625.0'),
    ('GGRM.JK', '2025-03-25', '9850.0', '9875.0', '10050.0', '9825.0'),
    ('GGRM.JK', '2025-03-26', '9875.0', '10350.0', '10375.0', '9875.0'),
    ('GGRM.JK', '2025-03-27', '10425.0', '10200.0', '10425.0', '10200.0'),
    ('GGRM.JK', '2025-04-08', '9400.0', '8675.0', '9400.0', '8675.0'),
    ('GGRM.JK', '2025-04-09', '9000.0', '8975.0', '9025.0', '8600.0'),
    ('GGRM.JK', '2025-04-10', '9125.0', '9525.0', '9675.0', '9125.0'),
    ('GGRM.JK', '2025-04-11', '9400.0', '9400.0', '9650.0', '9100.0'),
    ('GGRM.JK', '2025-04-14', '9450.0', '9675.0', '9700.0', '9450.0'),
    ('GGRM.JK', '2025-04-15', '9675.0', '9725.0', '9875.0', '9600.0'),
    ('GGRM.JK', '2025-04-16', '9700.0', '9400.0', '9775.0', '9300.0'),
    ('GGRM.JK', '2025-04-17', '9475.0', '9525.0', '9600.0', '9250.0'),
    ('GGRM.JK', '2025-04-21', '9525.0', '9650.0', '10075.0', '9425.0'),
    ('GGRM.JK', '2025-04-22', '9725.0', '9900.0', '9900.0', '9725.0'),
    ('GGRM.JK', '2025-04-23', '9850.0', '9750.0', '9950.0', '9650.0'),
    ('GGRM.JK', '2025-04-24', '9775.0', '9850.0', '10100.0', '9775.0'),
    ('GGRM.JK', '2025-04-25', '9900.0', '10200.0', '10400.0', '9900.0'),
    ('GGRM.JK', '2025-04-28', '10275.0', '10075.0', '10350.0', '10050.0'),
    ('GGRM.JK', '2025-04-29', '10075.0', '10150.0', '10225.0', '10075.0'),
    ('GGRM.JK', '2025-04-30', '10000.0', '10025.0', '10150.0', '10000.0'),
    ('GGRM.JK', '2025-05-02', '9925.0', '9725.0', '9925.0', '9425.0'),
    ('GGRM.JK', '2025-05-05', '9725.0', '9800.0', '9800.0', '9650.0'),
    ('GGRM.JK', '2025-05-06', '9800.0', '9750.0', '9800.0', '9675.0'),
    ('GGRM.JK', '2025-05-07', '9775.0', '9750.0', '9900.0', '9750.0'),
    ('GGRM.JK', '2025-05-08', '9750.0', '9675.0', '9750.0', '9575.0'),
    ('GGRM.JK', '2025-05-09', '9675.0', '9600.0', '9700.0', '9600.0'),
    ('GGRM.JK', '2025-05-14', '9625.0', '9600.0', '9675.0', '9575.0'),
    ('GGRM.JK', '2025-05-15', '9625.0', '9800.0', '9825.0', '9625.0'),
    ('GGRM.JK', '2025-05-16', '9800.0', '9850.0', '9875.0', '9750.0'),
    ('GGRM.JK', '2025-05-19', '9850.0', '10000.0', '10025.0', '9825.0'),
    ('GGRM.JK', '2025-05-20', '10050.0', '9975.0', '10225.0', '9975.0'),
    ('GGRM.JK', '2025-05-21', '9975.0', '10075.0', '10300.0', '9975.0'),
    ('GGRM.JK', '2025-05-22', '10000.0', '10550.0', '10650.0', '9950.0'),
    ('GGRM.JK', '2025-05-23', '10375.0', '10325.0', '10450.0', '10325.0'),
    ('HMSP.JK', '2024-05-27', '770.0', '755.0', '775.0', '755.0'),
    ('HMSP.JK', '2024-05-28', '755.0', '770.0', '780.0', '750.0'),
    ('HMSP.JK', '2024-05-29', '775.0', '760.0', '775.0', '750.0'),
    ('HMSP.JK', '2024-05-30', '760.0', '745.0', '760.0', '745.0'),
    ('HMSP.JK', '2024-05-31', '750.0', '735.0', '755.0', '735.0'),
    ('HMSP.JK', '2024-06-03', '735.0', '725.0', '745.0', '725.0'),
    ('HMSP.JK', '2024-06-04', '725.0', '740.0', '745.0', '725.0'),
    ('HMSP.JK', '2024-06-05', '745.0', '730.0', '745.0', '730.0'),
    ('HMSP.JK', '2024-06-06', '730.0', '735.0', '740.0', '730.0'),
    ('HMSP.JK', '2024-06-07', '740.0', '725.0', '740.0', '725.0'),
    ('HMSP.JK', '2024-06-10', '725.0', '715.0', '740.0', '715.0'),
    ('HMSP.JK', '2024-06-11', '715.0', '710.0', '720.0', '710.0'),
    ('HMSP.JK', '2024-06-12', '715.0', '690.0', '715.0', '685.0'),
    ('HMSP.JK', '2024-06-13', '690.0', '700.0', '710.0', '690.0'),
    ('HMSP.JK', '2024-06-14', '700.0', '680.0', '700.0', '675.0'),
    ('HMSP.JK', '2024-06-19', '670.0', '685.0', '695.0', '670.0'),
    ('HMSP.JK', '2024-06-20', '685.0', '685.0', '700.0', '675.0'),
    ('HMSP.JK', '2024-06-21', '685.0', '695.0', '700.0', '680.0'),
    ('HMSP.JK', '2024-06-24', '695.0', '695.0', '715.0', '695.0'),
    ('HMSP.JK', '2024-06-25', '695.0', '700.0', '705.0', '690.0'),
    ('HMSP.JK', '2024-06-26', '725.0', '695.0', '725.0', '690.0'),
    ('HMSP.JK', '2024-06-27', '705.0', '700.0', '705.0', '690.0'),
    ('HMSP.JK', '2024-06-28', '700.0', '710.0', '715.0', '690.0'),
    ('HMSP.JK', '2024-07-01', '710.0', '700.0', '715.0', '700.0'),
    ('HMSP.JK', '2024-07-02', '705.0', '705.0', '710.0', '700.0'),
    ('HMSP.JK', '2024-07-03', '710.0', '705.0', '710.0', '700.0'),
    ('HMSP.JK', '2024-07-04', '705.0', '735.0', '745.0', '705.0'),
    ('HMSP.JK', '2024-07-05', '740.0', '725.0', '745.0', '725.0'),
    ('HMSP.JK', '2024-07-08', '725.0', '740.0', '740.0', '725.0'),
    ('HMSP.JK', '2024-07-09', '740.0', '730.0', '745.0', '730.0'),
    ('HMSP.JK', '2024-07-10', '745.0', '725.0', '745.0', '720.0'),
    ('HMSP.JK', '2024-07-11', '725.0', '720.0', '730.0', '720.0'),
    ('HMSP.JK', '2024-07-12', '720.0', '710.0', '725.0', '700.0'),
    ('HMSP.JK', '2024-07-15', '725.0', '715.0', '725.0', '705.0'),
    ('HMSP.JK', '2024-07-16', '720.0', '705.0', '720.0', '705.0'),
    ('HMSP.JK', '2024-07-17', '710.0', '735.0', '735.0', '705.0'),
    ('HMSP.JK', '2024-07-18', '730.0', '745.0', '760.0', '725.0'),
    ('HMSP.JK', '2024-07-19', '745.0', '730.0', '750.0', '730.0'),
    ('HMSP.JK', '2024-07-22', '730.0', '740.0', '745.0', '725.0'),
    ('HMSP.JK', '2024-07-23', '745.0', '725.0', '745.0', '725.0'),
    ('HMSP.JK', '2024-07-24', '745.0', '685.0', '745.0', '675.0'),
    ('HMSP.JK', '2024-07-25', '685.0', '670.0', '700.0', '660.0'),
    ('HMSP.JK', '2024-07-26', '675.0', '680.0', '690.0', '665.0'),
    ('HMSP.JK', '2024-07-29', '680.0', '680.0', '685.0', '675.0'),
    ('HMSP.JK', '2024-07-30', '680.0', '685.0', '685.0', '665.0'),
    ('HMSP.JK', '2024-07-31', '710.0', '675.0', '710.0', '675.0'),
    ('HMSP.JK', '2024-08-01', '675.0', '675.0', '680.0', '670.0'),
    ('HMSP.JK', '2024-08-02', '675.0', '680.0', '685.0', '670.0'),
    ('HMSP.JK', '2024-08-05', '675.0', '655.0', '675.0', '655.0'),
    ('HMSP.JK', '2024-08-06', '655.0', '650.0', '665.0', '650.0'),
    ('HMSP.JK', '2024-08-07', '660.0', '665.0', '665.0', '650.0'),
    ('HMSP.JK', '2024-08-08', '665.0', '645.0', '665.0', '640.0'),
    ('HMSP.JK', '2024-08-09', '645.0', '650.0', '660.0', '645.0'),
    ('HMSP.JK', '2024-08-12', '650.0', '650.0', '655.0', '645.0'),
    ('HMSP.JK', '2024-08-13', '655.0', '655.0', '660.0', '650.0'),
    ('HMSP.JK', '2024-08-14', '680.0', '655.0', '680.0', '650.0'),
    ('HMSP.JK', '2024-08-15', '660.0', '650.0', '660.0', '645.0'),
    ('HMSP.JK', '2024-08-16', '655.0', '665.0', '670.0', '650.0'),
    ('HMSP.JK', '2024-08-19', '665.0', '770.0', '770.0', '660.0'),
    ('HMSP.JK', '2024-08-20', '800.0', '775.0', '805.0', '765.0'),
    ('HMSP.JK', '2024-08-21', '785.0', '755.0', '785.0', '740.0'),
    ('HMSP.JK', '2024-08-22', '755.0', '750.0', '790.0', '740.0'),
    ('HMSP.JK', '2024-08-23', '755.0', '755.0', '760.0', '745.0'),
    ('HMSP.JK', '2024-08-26', '755.0', '720.0', '760.0', '715.0'),
    ('HMSP.JK', '2024-08-27', '720.0', '725.0', '735.0', '715.0'),
    ('HMSP.JK', '2024-08-28', '730.0', '715.0', '730.0', '710.0'),
    ('HMSP.JK', '2024-08-29', '715.0', '705.0', '720.0', '705.0'),
    ('HMSP.JK', '2024-08-30', '705.0', '705.0', '715.0', '700.0'),
    ('HMSP.JK', '2024-09-02', '705.0', '720.0', '725.0', '700.0'),
    ('HMSP.JK', '2024-09-03', '725.0', '715.0', '725.0', '710.0'),
    ('HMSP.JK', '2024-09-04', '710.0', '720.0', '720.0', '710.0'),
    ('HMSP.JK', '2024-09-05', '720.0', '730.0', '735.0', '710.0'),
    ('HMSP.JK', '2024-09-06', '735.0', '745.0', '755.0', '725.0'),
    ('HMSP.JK', '2024-09-09', '750.0', '730.0', '750.0', '720.0'),
    ('HMSP.JK', '2024-09-10', '730.0', '735.0', '740.0', '725.0'),
    ('HMSP.JK', '2024-09-11', '760.0', '755.0', '765.0', '735.0'),
    ('HMSP.JK', '2024-09-12', '755.0', '750.0', '765.0', '740.0'),
    ('HMSP.JK', '2024-09-13', '750.0', '750.0', '755.0', '740.0'),
    ('HMSP.JK', '2024-09-17', '750.0', '755.0', '755.0', '735.0'),
    ('HMSP.JK', '2024-09-18', '755.0', '740.0', '760.0', '740.0'),
    ('HMSP.JK', '2024-09-19', '740.0', '745.0', '750.0', '730.0'),
    ('HMSP.JK', '2024-09-20', '745.0', '670.0', '750.0', '670.0'),
    ('HMSP.JK', '2024-09-23', '695.0', '735.0', '735.0', '690.0'),
    ('HMSP.JK', '2024-09-24', '745.0', '775.0', '800.0', '745.0'),
    ('HMSP.JK', '2024-09-25', '775.0', '760.0', '785.0', '750.0'),
    ('HMSP.JK', '2024-09-26', '760.0', '760.0', '765.0', '750.0'),
    ('HMSP.JK', '2024-09-27', '760.0', '770.0', '775.0', '745.0'),
    ('HMSP.JK', '2024-09-30', '770.0', '760.0', '770.0', '745.0'),
    ('HMSP.JK', '2024-10-01', '755.0', '750.0', '760.0', '750.0'),
    ('HMSP.JK', '2024-10-02', '775.0', '725.0', '775.0', '720.0'),
    ('HMSP.JK', '2024-10-03', '725.0', '720.0', '730.0', '720.0'),
    ('HMSP.JK', '2024-10-04', '725.0', '720.0', '735.0', '720.0'),
    ('HMSP.JK', '2024-10-07', '725.0', '730.0', '740.0', '725.0'),
    ('HMSP.JK', '2024-10-08', '730.0', '725.0', '735.0', '725.0'),
    ('HMSP.JK', '2024-10-09', '725.0', '730.0', '735.0', '725.0'),
    ('HMSP.JK', '2024-10-10', '730.0', '725.0', '735.0', '720.0'),
    ('HMSP.JK', '2024-10-11', '730.0', '730.0', '735.0', '720.0'),
    ('HMSP.JK', '2024-10-14', '730.0', '710.0', '730.0', '705.0'),
    ('HMSP.JK', '2024-10-15', '710.0', '705.0', '715.0', '700.0'),
    ('HMSP.JK', '2024-10-16', '705.0', '725.0', '725.0', '700.0'),
    ('HMSP.JK', '2024-10-17', '725.0', '710.0', '725.0', '710.0'),
    ('HMSP.JK', '2024-10-18', '715.0', '705.0', '715.0', '705.0'),
    ('HMSP.JK', '2024-10-21', '710.0', '705.0', '715.0', '700.0'),
    ('HMSP.JK', '2024-10-22', '705.0', '705.0', '710.0', '705.0'),
    ('HMSP.JK', '2024-10-23', '710.0', '705.0', '720.0', '705.0'),
    ('HMSP.JK', '2024-10-24', '710.0', '705.0', '710.0', '705.0'),
    ('HMSP.JK', '2024-10-25', '705.0', '695.0', '710.0', '695.0'),
    ('HMSP.JK', '2024-10-28', '695.0', '690.0', '700.0', '685.0'),
    ('HMSP.JK', '2024-10-29', '690.0', '700.0', '710.0', '685.0'),
    ('HMSP.JK', '2024-10-30', '700.0', '690.0', '705.0', '680.0'),
    ('HMSP.JK', '2024-10-31', '690.0', '690.0', '695.0', '685.0'),
    ('HMSP.JK', '2024-11-01', '690.0', '680.0', '690.0', '675.0'),
    ('HMSP.JK', '2024-11-04', '680.0', '670.0', '685.0', '670.0'),
    ('HMSP.JK', '2024-11-05', '670.0', '665.0', '680.0', '660.0'),
    ('HMSP.JK', '2024-11-06', '665.0', '665.0', '675.0', '660.0'),
    ('HMSP.JK', '2024-11-07', '665.0', '670.0', '675.0', '660.0'),
    ('HMSP.JK', '2024-11-08', '670.0', '685.0', '690.0', '665.0'),
    ('HMSP.JK', '2024-11-11', '685.0', '680.0', '710.0', '675.0'),
    ('HMSP.JK', '2024-11-12', '680.0', '685.0', '695.0', '675.0'),
    ('HMSP.JK', '2024-11-13', '695.0', '685.0', '695.0', '675.0'),
    ('HMSP.JK', '2024-11-14', '685.0', '695.0', '695.0', '675.0'),
    ('HMSP.JK', '2024-11-15', '690.0', '685.0', '695.0', '675.0'),
    ('HMSP.JK', '2024-11-18', '685.0', '665.0', '690.0', '665.0'),
    ('HMSP.JK', '2024-11-19', '670.0', '670.0', '675.0', '665.0'),
    ('HMSP.JK', '2024-11-20', '675.0', '660.0', '675.0', '660.0'),
    ('HMSP.JK', '2024-11-21', '660.0', '655.0', '670.0', '655.0'),
    ('HMSP.JK', '2024-11-22', '655.0', '650.0', '660.0', '650.0'),
    ('HMSP.JK', '2024-11-25', '660.0', '650.0', '665.0', '650.0'),
    ('HMSP.JK', '2024-11-26', '655.0', '655.0', '665.0', '650.0'),
    ('HMSP.JK', '2024-11-28', '655.0', '650.0', '660.0', '645.0'),
    ('HMSP.JK', '2024-11-29', '650.0', '650.0', '655.0', '645.0'),
    ('HMSP.JK', '2024-12-02', '650.0', '655.0', '655.0', '640.0'),
    ('HMSP.JK', '2024-12-03', '655.0', '660.0', '660.0', '650.0'),
    ('HMSP.JK', '2024-12-04', '660.0', '655.0', '670.0', '645.0'),
    ('HMSP.JK', '2024-12-05', '655.0', '665.0', '680.0', '650.0'),
    ('HMSP.JK', '2024-12-06', '670.0', '665.0', '680.0', '665.0'),
    ('HMSP.JK', '2024-12-09', '670.0', '670.0', '675.0', '660.0'),
    ('HMSP.JK', '2024-12-10', '670.0', '665.0', '680.0', '665.0'),
    ('HMSP.JK', '2024-12-11', '670.0', '665.0', '675.0', '660.0'),
    ('HMSP.JK', '2024-12-12', '670.0', '665.0', '675.0', '660.0'),
    ('HMSP.JK', '2024-12-13', '670.0', '660.0', '670.0', '655.0'),
    ('HMSP.JK', '2024-12-16', '665.0', '655.0', '665.0', '655.0'),
    ('HMSP.JK', '2024-12-17', '655.0', '645.0', '665.0', '645.0'),
    ('HMSP.JK', '2024-12-18', '645.0', '635.0', '650.0', '630.0'),
    ('HMSP.JK', '2024-12-19', '630.0', '630.0', '640.0', '620.0'),
    ('HMSP.JK', '2024-12-20', '630.0', '630.0', '640.0', '630.0'),
    ('HMSP.JK', '2024-12-23', '635.0', '635.0', '640.0', '630.0'),
    ('HMSP.JK', '2024-12-24', '635.0', '635.0', '640.0', '630.0'),
    ('HMSP.JK', '2024-12-27', '640.0', '635.0', '645.0', '625.0'),
    ('HMSP.JK', '2024-12-30', '635.0', '635.0', '635.0', '625.0'),
    ('HMSP.JK', '2025-01-02', '640.0', '635.0', '650.0', '635.0'),
    ('HMSP.JK', '2025-01-03', '635.0', '640.0', '655.0', '635.0'),
    ('HMSP.JK', '2025-01-06', '640.0', '630.0', '640.0', '630.0'),
    ('HMSP.JK', '2025-01-07', '630.0', '625.0', '635.0', '620.0'),
    ('HMSP.JK', '2025-01-08', '625.0', '620.0', '630.0', '615.0'),
    ('HMSP.JK', '2025-01-09', '620.0', '615.0', '625.0', '615.0'),
    ('HMSP.JK', '2025-01-10', '615.0', '620.0', '625.0', '615.0'),
    ('HMSP.JK', '2025-01-13', '620.0', '615.0', '625.0', '615.0'),
    ('HMSP.JK', '2025-01-14', '615.0', '610.0', '620.0', '610.0'),
    ('HMSP.JK', '2025-01-15', '615.0', '620.0', '620.0', '605.0'),
    ('HMSP.JK', '2025-01-16', '620.0', '615.0', '625.0', '610.0'),
    ('HMSP.JK', '2025-01-17', '615.0', '610.0', '615.0', '600.0'),
    ('HMSP.JK', '2025-01-20', '610.0', '610.0', '615.0', '605.0'),
    ('HMSP.JK', '2025-01-21', '610.0', '620.0', '625.0', '610.0'),
    ('HMSP.JK', '2025-01-22', '620.0', '610.0', '620.0', '605.0'),
    ('HMSP.JK', '2025-01-23', '620.0', '610.0', '625.0', '605.0'),
    ('HMSP.JK', '2025-01-24', '610.0', '610.0', '620.0', '605.0'),
    ('HMSP.JK', '2025-01-30', '605.0', '605.0', '610.0', '600.0'),
    ('HMSP.JK', '2025-01-31', '605.0', '605.0', '610.0', '600.0'),
    ('HMSP.JK', '2025-02-03', '605.0', '605.0', '610.0', '600.0'),
    ('HMSP.JK', '2025-02-04', '605.0', '605.0', '615.0', '605.0'),
    ('HMSP.JK', '2025-02-05', '615.0', '605.0', '615.0', '605.0'),
    ('HMSP.JK', '2025-02-06', '605.0', '580.0', '610.0', '580.0'),
    ('HMSP.JK', '2025-02-07', '580.0', '585.0', '590.0', '580.0'),
    ('HMSP.JK', '2025-02-10', '585.0', '580.0', '595.0', '580.0'),
    ('HMSP.JK', '2025-02-11', '580.0', '575.0', '585.0', '575.0'),
    ('HMSP.JK', '2025-02-12', '575.0', '585.0', '585.0', '575.0'),
    ('HMSP.JK', '2025-02-13', '585.0', '590.0', '590.0', '580.0'),
    ('HMSP.JK', '2025-02-14', '590.0', '590.0', '600.0', '580.0'),
    ('HMSP.JK', '2025-02-17', '585.0', '590.0', '595.0', '580.0'),
    ('HMSP.JK', '2025-02-18', '590.0', '595.0', '600.0', '585.0'),
    ('HMSP.JK', '2025-02-19', '595.0', '590.0', '600.0', '590.0'),
    ('HMSP.JK', '2025-02-20', '590.0', '585.0', '590.0', '575.0'),
    ('HMSP.JK', '2025-02-21', '585.0', '580.0', '585.0', '575.0'),
    ('HMSP.JK', '2025-02-24', '580.0', '575.0', '585.0', '570.0'),
    ('HMSP.JK', '2025-02-25', '575.0', '560.0', '585.0', '560.0'),
    ('HMSP.JK', '2025-02-26', '560.0', '560.0', '575.0', '555.0'),
    ('HMSP.JK', '2025-02-27', '560.0', '550.0', '570.0', '540.0'),
    ('HMSP.JK', '2025-02-28', '550.0', '530.0', '550.0', '530.0'),
    ('HMSP.JK', '2025-03-03', '530.0', '530.0', '540.0', '515.0'),
    ('HMSP.JK', '2025-03-04', '530.0', '530.0', '535.0', '515.0'),
    ('HMSP.JK', '2025-03-05', '530.0', '535.0', '545.0', '530.0'),
    ('HMSP.JK', '2025-03-06', '535.0', '550.0', '565.0', '535.0'),
    ('HMSP.JK', '2025-03-07', '550.0', '540.0', '555.0', '540.0'),
    ('HMSP.JK', '2025-03-10', '545.0', '535.0', '545.0', '525.0'),
    ('HMSP.JK', '2025-03-11', '530.0', '525.0', '530.0', '520.0'),
    ('HMSP.JK', '2025-03-12', '530.0', '530.0', '535.0', '520.0'),
    ('HMSP.JK', '2025-03-13', '530.0', '525.0', '535.0', '520.0'),
    ('HMSP.JK', '2025-03-14', '525.0', '525.0', '535.0', '520.0'),
    ('HMSP.JK', '2025-03-17', '525.0', '570.0', '580.0', '525.0'),
    ('HMSP.JK', '2025-03-18', '575.0', '550.0', '580.0', '530.0'),
    ('HMSP.JK', '2025-03-19', '550.0', '555.0', '565.0', '540.0'),
    ('HMSP.JK', '2025-03-20', '565.0', '555.0', '565.0', '545.0'),
    ('HMSP.JK', '2025-03-21', '555.0', '535.0', '555.0', '535.0'),
    ('HMSP.JK', '2025-03-24', '535.0', '530.0', '540.0', '525.0'),
    ('HMSP.JK', '2025-03-25', '530.0', '540.0', '545.0', '530.0'),
    ('HMSP.JK', '2025-03-26', '540.0', '555.0', '565.0', '540.0'),
    ('HMSP.JK', '2025-03-27', '555.0', '550.0', '565.0', '545.0'),
    ('HMSP.JK', '2025-04-08', '510.0', '510.0', '520.0', '496.0'),
    ('HMSP.JK', '2025-04-09', '510.0', '535.0', '545.0', '505.0'),
    ('HMSP.JK', '2025-04-10', '545.0', '560.0', '580.0', '540.0'),
    ('HMSP.JK', '2025-04-11', '550.0', '555.0', '560.0', '545.0'),
    ('HMSP.JK', '2025-04-14', '555.0', '570.0', '575.0', '555.0'),
    ('HMSP.JK', '2025-04-15', '570.0', '570.0', '585.0', '560.0'),
    ('HMSP.JK', '2025-04-16', '560.0', '560.0', '570.0', '560.0'),
    ('HMSP.JK', '2025-04-17', '560.0', '570.0', '575.0', '560.0'),
    ('HMSP.JK', '2025-04-21', '570.0', '575.0', '585.0', '570.0'),
    ('HMSP.JK', '2025-04-22', '580.0', '580.0', '580.0', '570.0'),
    ('HMSP.JK', '2025-04-23', '575.0', '570.0', '580.0', '565.0'),
    ('HMSP.JK', '2025-04-24', '575.0', '600.0', '605.0', '575.0'),
    ('HMSP.JK', '2025-04-25', '600.0', '630.0', '635.0', '600.0'),
    ('HMSP.JK', '2025-04-28', '630.0', '620.0', '635.0', '615.0'),
    ('HMSP.JK', '2025-04-29', '620.0', '625.0', '635.0', '615.0'),
    ('HMSP.JK', '2025-04-30', '600.0', '600.0', '610.0', '590.0'),
    ('HMSP.JK', '2025-05-02', '600.0', '600.0', '615.0', '600.0'),
    ('HMSP.JK', '2025-05-05', '600.0', '600.0', '610.0', '595.0'),
    ('HMSP.JK', '2025-05-06', '605.0', '605.0', '615.0', '600.0'),
    ('HMSP.JK', '2025-05-07', '605.0', '605.0', '610.0', '600.0'),
    ('HMSP.JK', '2025-05-08', '605.0', '605.0', '610.0', '600.0'),
    ('HMSP.JK', '2025-05-09', '605.0', '605.0', '610.0', '600.0'),
    ('HMSP.JK', '2025-05-14', '605.0', '620.0', '620.0', '605.0'),
    ('HMSP.JK', '2025-05-15', '620.0', '620.0', '625.0', '610.0'),
    ('HMSP.JK', '2025-05-16', '620.0', '620.0', '620.0', '615.0'),
    ('HMSP.JK', '2025-05-19', '620.0', '630.0', '635.0', '620.0'),
    ('HMSP.JK', '2025-05-20', '630.0', '625.0', '640.0', '625.0'),
    ('HMSP.JK', '2025-05-21', '630.0', '630.0', '635.0', '625.0'),
    ('HMSP.JK', '2025-05-22', '630.0', '660.0', '670.0', '625.0'),
    ('HMSP.JK', '2025-05-23', '655.0', '655.0', '660.0', '645.0'),
    ('ITMG.JK', '2024-05-27', '23227.80653390786', '23156.189453125', '23299.423614690724', '23156.189453125'),
    ('ITMG.JK', '2024-05-28', '23156.188874421296', '23203.93359375', '23299.42303240741', '23156.188874421296'),
    ('ITMG.JK', '2024-05-29', '23227.806061698717', '23275.55078125', '23394.912580128206', '23203.933701923077'),
    ('ITMG.JK', '2024-05-30', '23275.55095542648', '23824.615234375', '23872.35995428357', '23036.82735588364'),
    ('ITMG.JK', '2024-05-31', '23848.48828125', '23848.48828125', '24063.339527027027', '23609.764674831084'),
    ('ITMG.JK', '2024-06-03', '23872.359700198216', '24087.2109375', '24087.2109375', '23681.38082259663'),
    ('ITMG.JK', '2024-06-04', '24087.21183524545', '24254.318359375', '24445.297244094487', '24039.467114065574'),
    ('ITMG.JK', '2024-06-05', '24087.21236992266', '23729.126953125', '24111.084731042505', '23681.382230885312'),
    ('ITMG.JK', '2024-06-06', '23729.125944804367', '23490.40234375', '23729.125944804367', '23466.529983644563'),
    ('ITMG.JK', '2024-06-07', '23490.402556818182', '23633.63671875', '23633.63671875', '23466.530196496213'),
    ('ITMG.JK', '2024-06-10', '23633.637570368475', '23323.296875', '23633.637570368475', '23156.190346724667'),
    ('ITMG.JK', '2024-06-11', '23371.04047871823', '23012.955078125', '23371.04047871823', '23012.955078125'),
    ('ITMG.JK', '2024-06-12', '23012.954716435186', '23203.93359375', '23227.805953414354', '22989.082356770836'),
    ('ITMG.JK', '2024-06-13', '23203.93475594008', '23108.4453125', '23251.679477660124', '23108.4453125'),
    ('ITMG.JK', '2024-06-14', '23156.189822635137', '22965.2109375', '23180.062183277027', '22917.466216216217'),
    ('ITMG.JK', '2024-06-19', '22965.210033540578', '22798.103515625', '23036.827112647254', '22511.6351991983'),
    ('ITMG.JK', '2024-06-20', '22821.9765625', '22821.9765625', '22917.4660041841', '22774.23184165795'),
    ('ITMG.JK', '2024-06-21', '22821.976409471652', '23156.189453125', '23299.423614690724', '22821.976409471652'),
    ('ITMG.JK', '2024-06-24', '23156.18960839435', '22821.9765625', '23156.18960839435', '22798.104202078976'),
    ('ITMG.JK', '2024-06-25', '22869.720852092163', '22535.5078125', '22917.4655720339', '22535.5078125'),
    ('ITMG.JK', '2024-06-26', '22583.2521705948', '22726.486328125', '22774.23104730173', '22535.507451418067'),
    ('ITMG.JK', '2024-06-27', '22726.486907894738', '22678.7421875', '22750.359268092107', '22559.38038651316'),
    ('ITMG.JK', '2024-06-28', '22678.74239997385', '22821.9765625', '22893.593643763073', '22654.870039552825'),
    ('ITMG.JK', '2024-07-01', '22893.594168383108', '23180.0625', '23299.42430484037', '22893.594168383108'),
    ('ITMG.JK', '2024-07-02', '23180.062849609374', '23872.361328125', '23991.723134765623', '23180.062849609374'),
    ('ITMG.JK', '2024-07-03', '23872.35987463663', '24636.275390625', '24707.89247024891', '23872.35987463663'),
    ('ITMG.JK', '2024-07-04', '24636.27524498088', '24970.48828125', '25089.850079917545', '24636.27524498088'),
    ('ITMG.JK', '2024-07-05', '24994.36064098351', '24970.48828125', '25400.190756453158', '24660.147604714388'),
    ('ITMG.JK', '2024-07-08', '24946.617666391227', '24827.255859375', '25113.72419621394', '24660.149329552285'),
    ('ITMG.JK', '2024-07-09', '24803.382169747794', '24373.6796875', '24922.743970372183', '24373.6796875'),
    ('ITMG.JK', '2024-07-10', '24373.67921730324', '24493.041015625', '24731.76461226852', '24373.67921730324'),
    ('ITMG.JK', '2024-07-11', '24636.276930147058', '24349.80859375', '24707.89401424632', '24349.80859375'),
    ('ITMG.JK', '2024-07-12', '24397.552734375', '24397.552734375', '24588.531620749756', '24182.701487203398'),
    ('ITMG.JK', '2024-07-15', '24397.55331648284', '24349.80859375', '24516.91512331495', '24230.44678691789'),
    ('ITMG.JK', '2024-07-16', '24469.169084552625', '24779.509765625', '24994.361006367413', '24469.169084552625'),
    ('ITMG.JK', '2024-07-17', '24827.25426962209', '24636.275390625', '24898.871349246005', '24588.530670875727'),
    ('ITMG.JK', '2024-07-18', '24636.27592227794', '24994.361328125', '25018.233688514807', '24421.4246787697'),
    ('ITMG.JK', '2024-07-19', '25065.978256067392', '25328.57421875', '25447.93601996937', '25042.105895823515'),
    ('ITMG.JK', '2024-07-22', '25400.192441727606', '26116.36328125', '26116.36328125', '25352.44771909278'),
    ('ITMG.JK', '2024-07-23', '26116.36162127697', '25447.935546875', '26665.425896678586', '25447.935546875'),
    ('ITMG.JK', '2024-07-24', '25447.93708491461', '25161.46875', '25615.0436136148', '25161.46875'),
    ('ITMG.JK', '2024-07-25', '25161.468330134358', '24875.0', '25519.5537428023', '24684.02111324376'),
    ('ITMG.JK', '2024-07-26', '24874.999840938683', '25209.212890625', '25209.212890625', '24851.127480246803'),
    ('ITMG.JK', '2024-07-29', '25209.212571633238', '24994.361328125', '25471.808535921085', '24994.361328125'),
    ('ITMG.JK', '2024-07-30', '25018.234582542693', '25161.46875', '25424.064723671727', '25018.234582542693'),
    ('ITMG.JK', '2024-07-31', '25280.82917582581', '25113.72265625', '25304.70153576521', '24874.999056855988'),
    ('ITMG.JK', '2024-08-01', '25161.468482247652', '25424.064453125', '25543.42625806925', '25161.468482247652'),
    ('ITMG.JK', '2024-08-02', '25304.70248783596', '25758.27734375', '25758.27734375', '25209.213044485634'),
    ('ITMG.JK', '2024-08-05', '25686.660327743903', '24469.169921875', '25686.660327743903', '24254.318673780486'),
    ('ITMG.JK', '2024-08-06', '24588.5309286239', '24373.6796875', '24851.12688999755', '24111.083726126344'),
    ('ITMG.JK', '2024-08-07', '24445.29651162791', '24636.275390625', '24874.99898937137', '24445.29651162791'),
    ('ITMG.JK', '2024-08-08', '24684.02079803969', '24660.1484375', '24970.489124515974', '24445.29719264279'),
    ('ITMG.JK', '2024-08-09', '24779.51092918883', '24684.021484375', '24970.489818816488', '24588.53203956117'),
    ('ITMG.JK', '2024-08-12', '24755.638140713527', '25280.830078125', '25400.191882082152', '24755.638140713527'),
    ('ITMG.JK', '2024-08-13', '25376.319362331084', '25615.04296875', '25710.53241131757', '25376.319362331084'),
    ('ITMG.JK', '2024-08-14', '24994.360749076503', '25042.10546875', '25209.211987607247', '24851.126590056007'),
    ('ITMG.JK', '2024-08-15', '25042.106736044847', '25018.234375', '25113.72381917939', '24898.872569775765'),
    ('ITMG.JK', '2024-08-16', '25113.7241307947', '25233.0859375', '25495.681912251657', '25113.7241307947'),
    ('ITMG.JK', '2024-08-19', '25256.957717333567', '25280.830078125', '25328.57479970786', '25018.234109419263'),
    ('ITMG.JK', '2024-08-20', '25280.829972700638', '25209.212890625', '25352.44705477628', '25185.34052993312'),
    ('ITMG.JK', '2024-08-21', '25256.957349753982', '25471.80859375', '25591.17039597001', '25209.21262886598'),
    ('ITMG.JK', '2024-08-22', '25376.31857496784', '25519.552734375', '25615.04217397977', '25113.72261605472'),
    ('ITMG.JK', '2024-08-23', '25519.553314638004', '25471.80859375', '25853.76636085403', '25424.063872861996'),
    ('ITMG.JK', '2024-08-26', '25471.80969147859', '25782.150390625', '25853.7674750434', '25471.80969147859'),
    ('ITMG.JK', '2024-08-27', '25925.384559461807', '25782.150390625', '25973.129282407408', '25591.171498842592'),
    ('ITMG.JK', '2024-08-28', '25782.14876033058', '25997.0', '25997.0', '25782.14876033058'),
    ('ITMG.JK', '2024-08-29', '25997.00058036741', '25949.255859375', '26498.32015078772', '25877.638777886386'),
    ('ITMG.JK', '2024-08-30', '25949.255280073463', '25997.0', '26116.361799816346', '25853.765840220385'),
    ('ITMG.JK', '2024-09-02', '26355.086043360432', '26426.703125', '26856.405614837397', '26331.213682813912'),
    ('ITMG.JK', '2024-09-03', '26569.936813244716', '26546.064453125', '26904.14985492075', '26450.57501264613'),
    ('ITMG.JK', '2024-09-04', '26450.57458096591', '26259.595703125', '26665.425818536933', '26235.723343394886'),
    ('ITMG.JK', '2024-09-05', '26259.59734475252', '26044.74609375', '26402.831512087534', '25901.511926414987'),
    ('ITMG.JK', '2024-09-06', '26068.61707988981', '25997.0', '26259.59595959596', '25973.12764003673'),
    ('ITMG.JK', '2024-09-09', '26020.87235996327', '25997.0', '26164.106519742883', '25877.638200183654'),
    ('ITMG.JK', '2024-09-10', '26100.0', '26100.0', '26225.0', '26000.0'),
    ('ITMG.JK', '2024-09-11', '26025.0', '26000.0', '26100.0', '25975.0'),
    ('ITMG.JK', '2024-09-12', '26000.0', '26375.0', '26550.0', '26000.0'),
    ('ITMG.JK', '2024-09-13', '26375.0', '26200.0', '26375.0', '26125.0'),
    ('ITMG.JK', '2024-09-17', '26200.0', '25850.0', '26225.0', '25800.0'),
    ('ITMG.JK', '2024-09-18', '25975.0', '25925.0', '26150.0', '25900.0'),
    ('ITMG.JK', '2024-09-19', '25925.0', '26000.0', '26125.0', '25900.0'),
    ('ITMG.JK', '2024-09-20', '26000.0', '25900.0', '26075.0', '25850.0'),
    ('ITMG.JK', '2024-09-23', '26000.0', '26175.0', '26225.0', '26000.0'),
    ('ITMG.JK', '2024-09-24', '26250.0', '26900.0', '26925.0', '26250.0'),
    ('ITMG.JK', '2024-09-25', '26900.0', '26525.0', '27075.0', '26500.0'),
    ('ITMG.JK', '2024-09-26', '26600.0', '26500.0', '26700.0', '26300.0'),
    ('ITMG.JK', '2024-09-27', '26500.0', '26500.0', '26550.0', '25850.0'),
    ('ITMG.JK', '2024-09-30', '26500.0', '26475.0', '26675.0', '26050.0'),
    ('ITMG.JK', '2024-10-01', '26450.0', '26350.0', '26450.0', '26025.0'),
    ('ITMG.JK', '2024-10-02', '26350.0', '26025.0', '26350.0', '26000.0'),
    ('ITMG.JK', '2024-10-03', '26075.0', '26100.0', '26175.0', '25950.0'),
    ('ITMG.JK', '2024-10-04', '26100.0', '25975.0', '26150.0', '25950.0'),
    ('ITMG.JK', '2024-10-07', '26400.0', '26325.0', '26650.0', '26150.0'),
    ('ITMG.JK', '2024-10-08', '26400.0', '26050.0', '26550.0', '26050.0'),
    ('ITMG.JK', '2024-10-09', '26050.0', '26050.0', '26050.0', '25900.0'),
    ('ITMG.JK', '2024-10-10', '26050.0', '26025.0', '26125.0', '25850.0'),
    ('ITMG.JK', '2024-10-11', '26125.0', '25925.0', '26125.0', '25925.0'),
    ('ITMG.JK', '2024-10-14', '25975.0', '25950.0', '26000.0', '25850.0'),
    ('ITMG.JK', '2024-10-15', '25950.0', '26150.0', '26300.0', '25875.0'),
    ('ITMG.JK', '2024-10-16', '26325.0', '25850.0', '26325.0', '25850.0'),
    ('ITMG.JK', '2024-10-17', '25900.0', '25950.0', '26125.0', '25900.0'),
    ('ITMG.JK', '2024-10-18', '25950.0', '25925.0', '26050.0', '25925.0'),
    ('ITMG.JK', '2024-10-21', '26000.0', '25875.0', '26000.0', '25875.0'),
    ('ITMG.JK', '2024-10-22', '25900.0', '25925.0', '25925.0', '25850.0'),
    ('ITMG.JK', '2024-10-23', '25925.0', '25675.0', '25925.0', '25650.0'),
    ('ITMG.JK', '2024-10-24', '25700.0', '25675.0', '25800.0', '25675.0'),
    ('ITMG.JK', '2024-10-25', '25700.0', '25525.0', '25700.0', '25500.0'),
    ('ITMG.JK', '2024-10-28', '25500.0', '25525.0', '25550.0', '25200.0'),
    ('ITMG.JK', '2024-10-29', '25525.0', '25450.0', '25525.0', '25275.0'),
    ('ITMG.JK', '2024-10-30', '25450.0', '25150.0', '25450.0', '25000.0'),
    ('ITMG.JK', '2024-10-31', '25150.0', '25075.0', '25475.0', '25075.0'),
    ('ITMG.JK', '2024-11-01', '25075.0', '25500.0', '25500.0', '25075.0'),
    ('ITMG.JK', '2024-11-04', '25500.0', '25125.0', '25500.0', '25100.0'),
    ('ITMG.JK', '2024-11-05', '25150.0', '25375.0', '25425.0', '25150.0'),
    ('ITMG.JK', '2024-11-06', '25500.0', '25250.0', '25500.0', '25125.0'),
    ('ITMG.JK', '2024-11-07', '25250.0', '25425.0', '25425.0', '25025.0'),
    ('ITMG.JK', '2024-11-08', '25425.0', '25250.0', '25475.0', '25225.0'),
    ('ITMG.JK', '2024-11-11', '25200.0', '25150.0', '25400.0', '25125.0'),
    ('ITMG.JK', '2024-11-12', '25150.0', '25700.0', '25850.0', '25125.0'),
    ('ITMG.JK', '2024-11-13', '26500.0', '26200.0', '26575.0', '25975.0'),
    ('ITMG.JK', '2024-11-14', '26325.0', '26300.0', '26400.0', '26200.0'),
    ('ITMG.JK', '2024-11-15', '26300.0', '26500.0', '26550.0', '26300.0'),
    ('ITMG.JK', '2024-11-18', '26500.0', '26850.0', '26975.0', '26500.0'),
    ('ITMG.JK', '2024-11-19', '26850.0', '26800.0', '26900.0', '26525.0'),
    ('ITMG.JK', '2024-11-20', '26700.0', '26700.0', '26775.0', '26600.0'),
    ('ITMG.JK', '2024-11-21', '26700.0', '27375.0', '27900.0', '26700.0'),
    ('ITMG.JK', '2024-11-22', '27425.0', '27950.0', '28000.0', '27425.0'),
    ('ITMG.JK', '2024-11-25', '27950.0', '27600.0', '27950.0', '27325.0'),
    ('ITMG.JK', '2024-11-26', '27625.0', '27425.0', '27850.0', '27400.0'),
    ('ITMG.JK', '2024-11-28', '27450.0', '27300.0', '27500.0', '27200.0'),
    ('ITMG.JK', '2024-11-29', '27300.0', '26650.0', '27300.0', '26625.0'),
    ('ITMG.JK', '2024-12-02', '26650.0', '26900.0', '27350.0', '26650.0'),
    ('ITMG.JK', '2024-12-03', '26900.0', '27100.0', '27225.0', '26900.0'),
    ('ITMG.JK', '2024-12-04', '27200.0', '27500.0', '27675.0', '27200.0'),
    ('ITMG.JK', '2024-12-05', '27500.0', '27450.0', '27600.0', '27125.0'),
    ('ITMG.JK', '2024-12-06', '27450.0', '27700.0', '27825.0', '27375.0'),
    ('ITMG.JK', '2024-12-09', '27700.0', '27850.0', '27900.0', '27500.0'),
    ('ITMG.JK', '2024-12-10', '27850.0', '27875.0', '27900.0', '27700.0'),
    ('ITMG.JK', '2024-12-11', '27875.0', '28200.0', '28650.0', '27875.0'),
    ('ITMG.JK', '2024-12-12', '28200.0', '28025.0', '28375.0', '27800.0'),
    ('ITMG.JK', '2024-12-13', '28025.0', '27850.0', '28200.0', '27725.0'),
    ('ITMG.JK', '2024-12-16', '27800.0', '27750.0', '27825.0', '27350.0'),
    ('ITMG.JK', '2024-12-17', '27750.0', '27250.0', '27750.0', '27050.0'),
    ('ITMG.JK', '2024-12-18', '27250.0', '27150.0', '27475.0', '26900.0'),
    ('ITMG.JK', '2024-12-19', '27075.0', '26325.0', '27075.0', '26325.0'),
    ('ITMG.JK', '2024-12-20', '26325.0', '25525.0', '26600.0', '25500.0'),
    ('ITMG.JK', '2024-12-23', '25625.0', '25650.0', '25775.0', '25300.0'),
    ('ITMG.JK', '2024-12-24', '25600.0', '25300.0', '25600.0', '25300.0'),
    ('ITMG.JK', '2024-12-27', '25400.0', '25850.0', '25950.0', '25400.0'),
    ('ITMG.JK', '2024-12-30', '25850.0', '26700.0', '26700.0', '25600.0'),
    ('ITMG.JK', '2025-01-02', '26525.0', '26175.0', '26725.0', '26175.0'),
    ('ITMG.JK', '2025-01-03', '26175.0', '26300.0', '26500.0', '26050.0'),
    ('ITMG.JK', '2025-01-06', '26300.0', '25800.0', '26350.0', '25800.0'),
    ('ITMG.JK', '2025-01-07', '25800.0', '25800.0', '25950.0', '25575.0'),
    ('ITMG.JK', '2025-01-08', '25800.0', '25375.0', '25825.0', '25375.0'),
    ('ITMG.JK', '2025-01-09', '25425.0', '25300.0', '25500.0', '25275.0'),
    ('ITMG.JK', '2025-01-10', '25300.0', '25275.0', '25450.0', '25125.0'),
    ('ITMG.JK', '2025-01-13', '25375.0', '25225.0', '25475.0', '24975.0'),
    ('ITMG.JK', '2025-01-14', '25700.0', '25400.0', '25825.0', '25300.0'),
    ('ITMG.JK', '2025-01-15', '25400.0', '25750.0', '25750.0', '25400.0'),
    ('ITMG.JK', '2025-01-16', '25875.0', '26000.0', '26175.0', '25750.0'),
    ('ITMG.JK', '2025-01-17', '26000.0', '26100.0', '26150.0', '25925.0'),
    ('ITMG.JK', '2025-01-20', '26150.0', '25900.0', '26375.0', '25800.0'),
    ('ITMG.JK', '2025-01-21', '26025.0', '26125.0', '26300.0', '25950.0'),
    ('ITMG.JK', '2025-01-22', '26150.0', '26425.0', '26575.0', '26125.0'),
    ('ITMG.JK', '2025-01-23', '26425.0', '26400.0', '26625.0', '26325.0'),
    ('ITMG.JK', '2025-01-24', '26400.0', '26325.0', '26500.0', '26300.0'),
    ('ITMG.JK', '2025-01-30', '26300.0', '25900.0', '26300.0', '25800.0'),
    ('ITMG.JK', '2025-01-31', '25900.0', '25875.0', '25900.0', '25550.0'),
    ('ITMG.JK', '2025-02-03', '25875.0', '26075.0', '26075.0', '25675.0'),
    ('ITMG.JK', '2025-02-04', '26075.0', '25875.0', '26150.0', '25825.0'),
    ('ITMG.JK', '2025-02-05', '26500.0', '26050.0', '26500.0', '25850.0'),
    ('ITMG.JK', '2025-02-06', '26050.0', '25450.0', '26050.0', '25300.0'),
    ('ITMG.JK', '2025-02-07', '25475.0', '25675.0', '25975.0', '25075.0'),
    ('ITMG.JK', '2025-02-10', '25825.0', '25200.0', '25825.0', '25200.0'),
    ('ITMG.JK', '2025-02-11', '25200.0', '25075.0', '25325.0', '25050.0'),
    ('ITMG.JK', '2025-02-12', '25700.0', '25350.0', '25700.0', '25025.0'),
    ('ITMG.JK', '2025-02-13', '25350.0', '25425.0', '25425.0', '25100.0'),
    ('ITMG.JK', '2025-02-14', '25375.0', '25600.0', '25600.0', '25375.0'),
    ('ITMG.JK', '2025-02-17', '25600.0', '25725.0', '25725.0', '25375.0'),
    ('ITMG.JK', '2025-02-18', '25725.0', '25775.0', '25975.0', '25675.0'),
    ('ITMG.JK', '2025-02-19', '25775.0', '25700.0', '25975.0', '25575.0'),
    ('ITMG.JK', '2025-02-20', '25700.0', '25225.0', '25725.0', '25200.0'),
    ('ITMG.JK', '2025-02-21', '25250.0', '25275.0', '25400.0', '25100.0'),
    ('ITMG.JK', '2025-02-24', '25275.0', '25200.0', '25325.0', '25100.0'),
    ('ITMG.JK', '2025-02-25', '25175.0', '24825.0', '25250.0', '24700.0'),
    ('ITMG.JK', '2025-02-26', '24775.0', '24675.0', '25000.0', '24400.0'),
    ('ITMG.JK', '2025-02-27', '24700.0', '24825.0', '25475.0', '24650.0'),
    ('ITMG.JK', '2025-02-28', '24825.0', '23700.0', '24825.0', '23600.0'),
    ('ITMG.JK', '2025-03-03', '23725.0', '24025.0', '24250.0', '23725.0'),
    ('ITMG.JK', '2025-03-04', '24000.0', '23075.0', '24100.0', '23000.0'),
    ('ITMG.JK', '2025-03-05', '23125.0', '23225.0', '23425.0', '23075.0'),
    ('ITMG.JK', '2025-03-06', '23375.0', '23500.0', '23700.0', '23325.0'),
    ('ITMG.JK', '2025-03-07', '23525.0', '23700.0', '23775.0', '23350.0'),
    ('ITMG.JK', '2025-03-10', '23800.0', '23850.0', '23850.0', '23275.0'),
    ('ITMG.JK', '2025-03-11', '23650.0', '23900.0', '23900.0', '23100.0'),
    ('ITMG.JK', '2025-03-12', '23725.0', '23275.0', '23725.0', '23200.0'),
    ('ITMG.JK', '2025-03-13', '23300.0', '23400.0', '23400.0', '23025.0'),
    ('ITMG.JK', '2025-03-14', '23250.0', '23125.0', '23325.0', '23050.0'),
    ('ITMG.JK', '2025-03-17', '23125.0', '22925.0', '23175.0', '22900.0'),
    ('ITMG.JK', '2025-03-18', '22925.0', '22500.0', '23100.0', '22350.0'),
    ('ITMG.JK', '2025-03-19', '22500.0', '22650.0', '22800.0', '22400.0'),
    ('ITMG.JK', '2025-03-20', '22750.0', '22900.0', '23200.0', '22725.0'),
    ('ITMG.JK', '2025-03-21', '23000.0', '22475.0', '23100.0', '22475.0'),
    ('ITMG.JK', '2025-03-24', '22475.0', '21875.0', '22550.0', '21400.0'),
    ('ITMG.JK', '2025-03-25', '21900.0', '22450.0', '22475.0', '21900.0'),
    ('ITMG.JK', '2025-03-26', '22500.0', '22950.0', '23050.0', '22450.0'),
    ('ITMG.JK', '2025-03-27', '22950.0', '22950.0', '23075.0', '22750.0'),
    ('ITMG.JK', '2025-04-08', '22000.0', '21825.0', '22275.0', '21400.0'),
    ('ITMG.JK', '2025-04-09', '21900.0', '22775.0', '22850.0', '21850.0'),
    ('ITMG.JK', '2025-04-10', '23300.0', '23275.0', '23600.0', '23075.0'),
    ('ITMG.JK', '2025-04-11', '23275.0', '23400.0', '23500.0', '23150.0'),
    ('ITMG.JK', '2025-04-14', '23700.0', '24800.0', '24850.0', '23675.0'),
    ('ITMG.JK', '2025-04-15', '24900.0', '24700.0', '25175.0', '24625.0'),
    ('ITMG.JK', '2025-04-16', '24725.0', '24600.0', '25000.0', '24425.0'),
    ('ITMG.JK', '2025-04-17', '24650.0', '24800.0', '24800.0', '24500.0'),
    ('ITMG.JK', '2025-04-21', '22600.0', '22175.0', '22650.0', '22175.0'),
    ('ITMG.JK', '2025-04-22', '22050.0', '22325.0', '22350.0', '22025.0'),
    ('ITMG.JK', '2025-04-23', '22450.0', '22300.0', '22600.0', '22275.0'),
    ('ITMG.JK', '2025-04-24', '22325.0', '22050.0', '22450.0', '22050.0'),
    ('ITMG.JK', '2025-04-25', '22225.0', '22100.0', '22225.0', '21950.0'),
    ('ITMG.JK', '2025-04-28', '22175.0', '22075.0', '22300.0', '22000.0'),
    ('ITMG.JK', '2025-04-29', '22100.0', '22050.0', '22150.0', '22000.0'),
    ('ITMG.JK', '2025-04-30', '22100.0', '22000.0', '22100.0', '21950.0'),
    ('ITMG.JK', '2025-05-02', '22000.0', '21950.0', '22000.0', '21875.0'),
    ('ITMG.JK', '2025-05-05', '21975.0', '22050.0', '22050.0', '21900.0'),
    ('ITMG.JK', '2025-05-06', '22050.0', '22275.0', '22300.0', '22050.0'),
    ('ITMG.JK', '2025-05-07', '22325.0', '22350.0', '22450.0', '22300.0'),
    ('ITMG.JK', '2025-05-08', '22400.0', '22125.0', '22500.0', '22050.0'),
    ('ITMG.JK', '2025-05-09', '22125.0', '22100.0', '22150.0', '22050.0'),
    ('ITMG.JK', '2025-05-14', '22250.0', '22475.0', '22500.0', '22250.0'),
    ('ITMG.JK', '2025-05-15', '22500.0', '22450.0', '22625.0', '22300.0'),
    ('ITMG.JK', '2025-05-16', '22625.0', '22600.0', '22750.0', '22400.0'),
    ('ITMG.JK', '2025-05-19', '22600.0', '22800.0', '23000.0', '22600.0'),
    ('ITMG.JK', '2025-05-20', '22850.0', '22325.0', '22900.0', '22300.0'),
    ('ITMG.JK', '2025-05-21', '22325.0', '22550.0', '22625.0', '22325.0'),
    ('ITMG.JK', '2025-05-22', '22550.0', '22650.0', '22650.0', '22425.0'),
    ('ITMG.JK', '2025-05-23', '22575.0', '22500.0', '22575.0', '22500.0'),
    ('JPFA.JK', '2024-05-27', '1321.984382437976', '1285.1346435546875', '1326.590599798387', '1252.89112203181'),
    ('JPFA.JK', '2024-05-28', '1285.1345854048295', '1266.709716796875', '1321.9843226207386', '1266.709716796875'),
    ('JPFA.JK', '2024-05-29', '1266.7097582135882', '1289.7408447265625', '1294.3470620291573', '1234.466237095424'),
    ('JPFA.JK', '2024-05-30', '1289.7408854166667', '1312.77197265625', '1312.77197265625', '1248.2849283854166'),
    ('JPFA.JK', '2024-05-31', '1317.3781221487227', '1262.103515625', '1331.1967737796533', '1262.103515625'),
    ('JPFA.JK', '2024-06-03', '1266.709748991243', '1257.497314453125', '1294.3470526055976', '1257.497314453125'),
    ('JPFA.JK', '2024-06-04', '1257.497339392221', '1285.1346435546875', '1298.9532956359208', '1248.2849046713989'),
    ('JPFA.JK', '2024-06-05', '1285.1346180674793', '1257.497314453125', '1285.1346180674793', '1252.891097184066'),
    ('JPFA.JK', '2024-06-06', '1257.4972883931705', '1229.8599853515625', '1257.4972883931705', '1220.6475510043597'),
    ('JPFA.JK', '2024-06-07', '1229.8600266400506', '1252.89111328125', '1262.10354793773', '1216.0413746553309'),
    ('JPFA.JK', '2024-06-10', '1252.891097184066', '1257.497314453125', '1280.5284007984203', '1248.2848799150067'),
    ('JPFA.JK', '2024-06-11', '1257.4972883931705', '1229.8599853515625', '1271.3159399139747', '1225.253768177961'),
    ('JPFA.JK', '2024-06-12', '1229.8600014134456', '1225.2537841796875', '1243.6786531147204', '1188.4040463096217'),
    ('JPFA.JK', '2024-06-13', '1225.2537841796875', '1225.2537841796875', '1243.6786531147204', '1211.4351324784127'),
    ('JPFA.JK', '2024-06-14', '1225.253790803658', '1188.404052734375', '1225.253790803658', '1174.5854009583938'),
    ('JPFA.JK', '2024-06-19', '1188.4039954450586', '1275.922119140625', '1289.7407702504513', '1183.7977784084499'),
    ('JPFA.JK', '2024-06-20', '1275.9222088338654', '1285.1346435546875', '1312.7719477171538', '1266.7097741130433'),
    ('JPFA.JK', '2024-06-21', '1298.953256785251', '1331.19677734375', '1331.19677734375', '1285.1346051173225'),
    ('JPFA.JK', '2024-06-24', '1331.1967454628436', '1340.4091796875', '1372.6526994737972', '1312.771877013531'),
    ('JPFA.JK', '2024-06-25', '1345.0154947916667', '1312.77197265625', '1358.8341471354167', '1298.9533203125'),
    ('JPFA.JK', '2024-06-26', '1312.7718926791486', '1335.802978515625', '1358.8340643521012', '1308.1656755118534'),
    ('JPFA.JK', '2024-06-27', '1340.4091956829202', '1335.802978515625', '1354.227847184806', '1331.1967613483296'),
    ('JPFA.JK', '2024-06-28', '1335.8030598958333', '1312.77197265625', '1345.0154947916667', '1312.77197265625'),
    ('JPFA.JK', '2024-07-01', '1317.3781821605696', '1349.6217041015625', '1349.6217041015625', '1308.1657473202858'),
    ('JPFA.JK', '2024-07-02', '1354.227847184806', '1335.802978515625', '1377.2589330212822', '1335.802978515625'),
    ('JPFA.JK', '2024-07-03', '1340.409237205376', '1358.8341064453125', '1358.8341064453125', '1331.1968025854078'),
    ('JPFA.JK', '2024-07-04', '1358.8340778839893', '1437.1397705078125', '1446.3522049341445', '1358.8340778839893'),
    ('JPFA.JK', '2024-07-05', '1460.170796976461', '1418.71484375', '1460.170796976461', '1414.1086267248377'),
    ('JPFA.JK', '2024-07-08', '1427.9273520711918', '1432.5335693359375', '1437.1397866006832', '1414.1087002769546'),
    ('JPFA.JK', '2024-07-09', '1432.5336263020833', '1450.95849609375', '1460.1709309895834', '1423.3211914062501'),
    ('JPFA.JK', '2024-07-10', '1450.9584383949207', '1432.5335693359375', '1460.1708729244122', '1427.9273520711918'),
    ('JPFA.JK', '2024-07-11', '1432.5336028675974', '1492.4144287109375', '1492.4144287109375', '1427.927385495033'),
    ('JPFA.JK', '2024-07-12', '1492.414322513545', '1487.80810546875', '1497.0205395583398', '1478.5956713791602'),
    ('JPFA.JK', '2024-07-15', '1492.414348938545', '1515.4454345703125', '1515.4454345703125', '1487.8081318121913'),
    ('JPFA.JK', '2024-07-16', '1515.4454345703125', '1515.4454345703125', '1520.051651696666', '1497.0205660648983'),
    ('JPFA.JK', '2024-07-17', '1515.4454447428384', '1547.68896484375', '1547.68896484375', '1483.201924641927'),
    ('JPFA.JK', '2024-07-18', '1552.2951186236214', '1566.11376953125', '1575.326203469669', '1529.2640337775736'),
    ('JPFA.JK', '2024-07-19', '1566.113940502133', '1552.2952880859375', '1566.113940502133', '1520.051765781482'),
    ('JPFA.JK', '2024-07-22', '1552.2952718339727', '1556.9014892578125', '1570.7201415293316', '1529.2641847147745'),
    ('JPFA.JK', '2024-07-23', '1556.9014730537888', '1561.5076904296875', '1561.5076904296875', '1543.0828209260924'),
    ('JPFA.JK', '2024-07-24', '1561.5077066816523', '1556.9014892578125', '1561.5077066816523', '1529.2641847147745'),
    ('JPFA.JK', '2024-07-25', '1556.901335592831', '1566.11376953125', '1612.1759392233457', '1524.657816808364'),
    ('JPFA.JK', '2024-07-26', '1566.1138496968285', '1543.082763671875', '1579.9325013118005', '1543.082763671875'),
    ('JPFA.JK', '2024-07-29', '1547.6889060146839', '1529.2640380859375', '1579.9324248899898', '1520.0516041215644'),
    ('JPFA.JK', '2024-07-30', '1529.264052353896', '1418.71484375', '1533.8702693790583', '1386.4713245738635'),
    ('JPFA.JK', '2024-07-31', '1409.502569431212', '1510.83935546875', '1515.4455730159107', '1404.896351884051'),
    ('JPFA.JK', '2024-08-01', '1520.0516574182243', '1478.595703125', '1533.8703088492991', '1446.352183119159'),
    ('JPFA.JK', '2024-08-02', '1460.1708503723144', '1473.989501953125', '1492.414370727539', '1437.1397644042968'),
    ('JPFA.JK', '2024-08-05', '1473.9894918130992', '1441.7459716796875', '1492.414360460763', '1423.3211030320238'),
    ('JPFA.JK', '2024-08-06', '1427.927299167799', '1483.201904296875', '1483.201904296875', '1427.927299167799'),
    ('JPFA.JK', '2024-08-07', '1487.808116196141', '1520.0516357421875', '1547.6889382102272', '1483.2018991181344'),
    ('JPFA.JK', '2024-08-08', '1515.4454028541588', '1524.6578369140625', '1547.6889220638218', '1510.839185824207'),
    ('JPFA.JK', '2024-08-09', '1533.8703421948471', '1469.38330078125', '1538.4765594386756', '1460.1708662935932'),
    ('JPFA.JK', '2024-08-12', '1473.989559220679', '1492.4144287109375', '1524.65795031889', '1469.3833418481145'),
    ('JPFA.JK', '2024-08-13', '1492.414419854101', '1460.1708984375', '1501.6268545445582', '1450.9584637470425'),
    ('JPFA.JK', '2024-08-14', '1469.3833331279573', '1460.1708984375', '1478.5957678184147', '1446.3522464018138'),
    ('JPFA.JK', '2024-08-15', '1460.1708662935932', '1469.38330078125', '1492.4143870003918', '1450.9584318059365'),
    ('JPFA.JK', '2024-08-16', '1469.3832847595215', '1473.989501953125', '1483.201936340332', '1460.1708503723144'),
    ('JPFA.JK', '2024-08-19', '1473.9894113600628', '1464.7769775390625', '1487.8080620915634', '1455.5645437180622'),
    ('JPFA.JK', '2024-08-20', '1464.7769775390625', '1464.7769775390625', '1497.0204959125638', '1464.7769775390625'),
    ('JPFA.JK', '2024-08-21', '1464.7770412955315', '1446.3521728515625', '1487.8081268504927', '1446.3521728515625'),
    ('JPFA.JK', '2024-08-22', '1446.3521098970616', '1464.7769775390625', '1473.9894113600628', '1437.1396760760613'),
    ('JPFA.JK', '2024-08-23', '1460.170914662035', '1455.564697265625', '1473.9895668512656', '1455.564697265625'),
    ('JPFA.JK', '2024-08-26', '1460.1708984375', '1460.1708984375', '1464.7771157827287', '1450.9584637470425'),
    ('JPFA.JK', '2024-08-27', '1460.1708137281012', '1520.0516357421875', '1529.2640698982007', '1460.1708137281012'),
    ('JPFA.JK', '2024-08-28', '1520.0517905630716', '1510.83935546875', '1533.870443204554', '1487.8082677329458'),
    ('JPFA.JK', '2024-08-29', '1510.8391906927245', '1487.80810546875', '1529.2640588719041', '1483.201888423955'),
    ('JPFA.JK', '2024-08-30', '1497.0206042442203', '1469.38330078125', '1510.8392559757053', '1460.1708662935932'),
    ('JPFA.JK', '2024-09-02', '1469.383374341536', '1414.1087646484375', '1473.989591815961', '1404.8963296995878'),
    ('JPFA.JK', '2024-09-03', '1418.7149580943433', '1455.564697265625', '1455.564697265625', '1404.8963059051127'),
    ('JPFA.JK', '2024-09-04', '1455.5646393604768', '1437.1397705078125', '1460.1708565736428', '1427.9273360814802'),
    ('JPFA.JK', '2024-09-05', '1441.746006503427', '1501.6268310546875', '1501.6268310546875', '1437.1397892302532'),
    ('JPFA.JK', '2024-09-06', '1487.8081374123833', '1478.595703125', '1510.8392231308412', '1460.1708345502336'),
    ('JPFA.JK', '2024-09-09', '1478.595628270563', '1464.7769775390625', '1483.2018451810634', '1446.3521098970616'),
    ('JPFA.JK', '2024-09-10', '1464.7771484375', '1450.95849609375', '1469.3833658854167', '1446.3522786458334'),
    ('JPFA.JK', '2024-09-11', '1469.3832310267856', '1418.71484375', '1469.3832310267856', '1414.1086267248377'),
    ('JPFA.JK', '2024-09-12', '1423.321044921875', '1423.321044921875', '1441.7459128173039', '1418.7148279480177'),
    ('JPFA.JK', '2024-09-13', '1427.9272778003246', '1418.71484375', '1437.1397118506493', '1409.5024096996754'),
    ('JPFA.JK', '2024-09-17', '1418.714885870108', '1441.7459716796875', '1450.9584060035195', '1418.714885870108'),
    ('JPFA.JK', '2024-09-18', '1441.7459128173039', '1423.321044921875', '1455.5645637388754', '1418.7148279480177'),
    ('JPFA.JK', '2024-09-19', '1427.9272618957323', '1423.321044921875', '1432.5334788695893', '1418.7148279480177'),
    ('JPFA.JK', '2024-09-20', '1418.7149016551482', '1437.1397705078125', '1441.7459877209785', '1414.1086844419822'),
    ('JPFA.JK', '2024-09-23', '1437.1397118506493', '1418.71484375', '1450.9583629261363', '1418.71484375'),
    ('JPFA.JK', '2024-09-24', '1418.714885870108', '1441.7459716796875', '1446.3521888416035', '1418.714885870108'),
    ('JPFA.JK', '2024-09-25', '1441.7460274601615', '1391.07763671875', '1446.3522448002898', '1368.0465500181085'),
    ('JPFA.JK', '2024-09-26', '1391.077523184823', '1317.3780517578125', '1404.8961740773875', '1303.559400865248'),
    ('JPFA.JK', '2024-09-27', '1326.5905283505153', '1340.4091796875', '1345.015396799828', '1317.3780941258592'),
    ('JPFA.JK', '2024-09-30', '1345.0154452853733', '1326.590576171875', '1349.6216625637478', '1321.9843588935005'),
    ('JPFA.JK', '2024-10-01', '1326.590576171875', '1326.590576171875', '1340.4092280069988', '1317.3781416151257'),
    ('JPFA.JK', '2024-10-02', '1335.8029036571754', '1321.9842529296875', '1340.4091205663383', '1303.5593852930367'),
    ('JPFA.JK', '2024-10-03', '1321.9843112381873', '1340.4091796875', '1340.4091796875', '1312.771877013531'),
    ('JPFA.JK', '2024-10-04', '1340.4092117890355', '1331.19677734375', '1349.621646234321', '1321.9843428984645'),
    ('JPFA.JK', '2024-10-07', '1349.6216879085619', '1354.2279052734375', '1354.2279052734375', '1331.1968184490593'),
    ('JPFA.JK', '2024-10-08', '1354.2278891353285', '1358.8341064453125', '1368.0465410652807', '1340.409237205376'),
    ('JPFA.JK', '2024-10-09', '1358.8340320325876', '1345.015380859375', '1363.4402490903253', '1340.4091638016373'),
    ('JPFA.JK', '2024-10-10', '1349.6216963961276', '1386.471435546875', '1391.0776529407185', '1335.803044214597'),
    ('JPFA.JK', '2024-10-11', '1386.4713614034972', '1372.6527099609375', '1400.290012846057', '1368.0464928134174'),
    ('JPFA.JK', '2024-10-14', '1400.289960052589', '1423.321044921875', '1437.1396958434466', '1391.0775261048746'),
    ('JPFA.JK', '2024-10-15', '1427.927299167799', '1483.201904296875', '1487.8081213909647', '1418.7148649796195'),
    ('JPFA.JK', '2024-10-16', '1483.201888423955', '1487.80810546875', '1510.8391906927245', '1483.201888423955'),
    ('JPFA.JK', '2024-10-17', '1487.8081697565635', '1469.38330078125', '1506.233038731877', '1464.7770835374217'),
    ('JPFA.JK', '2024-10-18', '1473.9894701086957', '1483.201904296875', '1483.201904296875', '1464.7770359205163'),
    ('JPFA.JK', '2024-10-21', '1483.2019202686915', '1478.595703125', '1501.626788843458', '1464.7770516939252'),
    ('JPFA.JK', '2024-10-22', '1493.0446118551588', '1517.1259765625', '1517.1259765625', '1478.595793030754'),
    ('JPFA.JK', '2024-10-23', '1521.9422726514863', '1579.737548828125', '1579.737548828125', '1512.3097266220466'),
    ('JPFA.JK', '2024-10-24', '1584.5538225652194', '1632.716552734375', '1656.7979178189528', '1560.4724574806417'),
    ('JPFA.JK', '2024-10-25', '1632.7165189470563', '1618.2677001953125', '1647.1653376988004', '1584.553789774577'),
    ('JPFA.JK', '2024-10-28', '1618.2676661036037', '1603.81884765625', '1651.9815758140953', '1560.4723923141892'),
    ('JPFA.JK', '2024-10-29', '1637.5327655396175', '1762.755859375', '1777.204677894467', '1627.9002198599726'),
    ('JPFA.JK', '2024-10-30', '1762.75581351433', '1743.49072265625', '1806.1022679450102', '1695.3279955110497'),
    ('JPFA.JK', '2024-10-31', '1743.4907680157103', '1762.755859375', '1762.755859375', '1729.0419494962432'),
    ('JPFA.JK', '2024-11-01', '1762.7559249441965', '1685.695556640625', '1762.7559249441965', '1676.0630106026786'),
    ('JPFA.JK', '2024-11-04', '1685.6955355588439', '1729.0419921875', '1738.674538104979', '1656.7978978064066'),
    ('JPFA.JK', '2024-11-05', '1733.8582538626047', '1724.2257080078125', '1733.8582538626047', '1676.0629787338512'),
    ('JPFA.JK', '2024-11-06', '1724.2257062488743', '1671.2467041015625', '1724.2257062488743', '1642.3490665666652'),
    ('JPFA.JK', '2024-11-07', '1666.430362645482', '1642.3489990234375', '1671.246635369891', '1623.0839081258018'),
    ('JPFA.JK', '2024-11-08', '1642.3490443132926', '1661.6141357421875', '1695.3280457427536', '1637.5327714560688'),
    ('JPFA.JK', '2024-11-11', '1661.6141470319274', '1666.430419921875', '1676.06296570177', '1603.818872352556'),
    ('JPFA.JK', '2024-11-12', '1666.4303777332684', '1700.144287109375', '1709.7768326454054', '1661.6141049652533'),
    ('JPFA.JK', '2024-11-13', '1695.3280225036444', '1651.9815673828125', '1700.144295294848', '1637.532749009202'),
    ('JPFA.JK', '2024-11-14', '1651.9815329159007', '1637.53271484375', '1651.9815329159007', '1618.2676240808823'),
    ('JPFA.JK', '2024-11-15', '1637.5327376873174', '1647.165283203125', '1647.165283203125', '1623.0839194136056'),
    ('JPFA.JK', '2024-11-18', '1647.165283203125', '1647.165283203125', '1671.2466469926444', '1637.5327376873174'),
    ('JPFA.JK', '2024-11-19', '1647.1652945916092', '1651.9815673828125', '1661.6141129652196', '1632.7164762179984'),
    ('JPFA.JK', '2024-11-20', '1651.9815329159007', '1637.53271484375', '1676.0628963694853', '1623.0838967715993'),
    ('JPFA.JK', '2024-11-21', '1642.348987534467', '1637.53271484375', '1651.9815329159007', '1570.1048971737132'),
    ('JPFA.JK', '2024-11-22', '1647.1652755737305', '1695.3280029296875', '1719.409366607666', '1618.2676391601562'),
    ('JPFA.JK', '2024-11-25', '1704.960548400879', '1695.3280029296875', '1724.2256393432617', '1685.695457458496'),
    ('JPFA.JK', '2024-11-26', '1704.9605325137868', '1637.53271484375', '1704.9605325137868', '1637.53271484375'),
    ('JPFA.JK', '2024-11-28', '1647.1652945916092', '1651.9815673828125', '1680.8792041300337', '1627.9002034267949'),
    ('JPFA.JK', '2024-11-29', '1651.981555961029', '1647.165283203125', '1671.2466469926444', '1642.3490104452212'),
    ('JPFA.JK', '2024-12-02', '1647.165283203125', '1647.165283203125', '1661.6141014768366', '1623.0839194136056'),
    ('JPFA.JK', '2024-12-03', '1647.1652755737305', '1695.3280029296875', '1733.8581848144531', '1647.1652755737305'),
    ('JPFA.JK', '2024-12-04', '1700.1442793748924', '1748.3070068359375', '1757.9395523281466', '1700.1442793748924'),
    ('JPFA.JK', '2024-12-05', '1767.5721208128211', '1757.9395751953125', '1767.5721208128211', '1738.6744839602954'),
    ('JPFA.JK', '2024-12-06', '1757.9396312816723', '1782.02099609375', '1796.4698149809965', '1704.9606286951014'),
    ('JPFA.JK', '2024-12-09', '1782.0209879765425', '1883.1627197265625', '1902.4278114884712', '1782.0209879765425'),
    ('JPFA.JK', '2024-12-10', '1883.1626628025826', '1859.081298828125', '1887.9789355974742', '1767.5721157251862'),
    ('JPFA.JK', '2024-12-11', '1859.081287413758', '1854.2650146484375', '1892.7951967710023', '1830.1836508218344'),
    ('JPFA.JK', '2024-12-12', '1854.2650931222097', '1887.97900390625', '1955.4068254743302', '1854.2650931222097'),
    ('JPFA.JK', '2024-12-13', '1907.2440730168269', '1878.346435546875', '1907.2440730168269', '1854.2650709885818'),
    ('JPFA.JK', '2024-12-16', '1878.346435546875', '1878.346435546875', '1892.795254281851', '1825.36743351863'),
    ('JPFA.JK', '2024-12-17', '1878.3464315663214', '1772.388427734375', '1878.3464315663214', '1762.7558819314709'),
    ('JPFA.JK', '2024-12-18', '1772.3883885200778', '1859.081298828125', '1868.7138444179081', '1743.4907517507286'),
    ('JPFA.JK', '2024-12-19', '1825.3674527554897', '1782.02099609375', '1830.1837257179054', '1767.5721772065033'),
    ('JPFA.JK', '2024-12-20', '1782.0209644458912', '1820.5511474609375', '1844.6325118453415', '1782.0209644458912'),
    ('JPFA.JK', '2024-12-23', '1830.1837381892178', '1839.8162841796875', '1868.713922151096', '1806.1023732130438'),
    ('JPFA.JK', '2024-12-24', '1849.4487847222222', '1820.5511474609375', '1854.265057599103', '1801.2860559534145'),
    ('JPFA.JK', '2024-12-27', '1820.5511132812499', '1806.102294921875', '1839.8162044270832', '1791.6534765625'),
    ('JPFA.JK', '2024-12-30', '1810.9185929445875', '1868.7138671875', '1892.7952314553802', '1796.4697743838594'),
    ('JPFA.JK', '2025-01-02', '1868.7138645971486', '1815.73486328125', '1873.5301374440483', '1796.4697718936504'),
    ('JPFA.JK', '2025-01-03', '1825.3673860677084', '1806.102294921875', '1830.1836588541667', '1782.0209309895833'),
    ('JPFA.JK', '2025-01-06', '1806.1023609058277', '1782.02099609375', '1825.3674527554897', '1782.02099609375'),
    ('JPFA.JK', '2025-01-07', '1782.0209309895833', '1806.102294921875', '1820.5511132812499', '1714.5931119791667'),
    ('JPFA.JK', '2025-01-08', '1801.286053649736', '1767.5721435546875', '1815.7348722618997', '1762.7558706839664'),
    ('JPFA.JK', '2025-01-09', '1782.0209160586692', '1748.3070068359375', '1786.8371888047736', '1748.3070068359375'),
    ('JPFA.JK', '2025-01-10', '1748.3070520718027', '1767.5721435546875', '1806.1023265204572', '1743.4907792010813'),
    ('JPFA.JK', '2025-01-13', '1767.5721014502212', '1801.2860107421875', '1806.1022834981825', '1762.7558286942262'),
    ('JPFA.JK', '2025-01-14', '1810.918544738606', '1796.4697265625', '1873.5300901683981', '1782.020908386394'),
    ('JPFA.JK', '2025-01-15', '1810.9185677083333', '1806.102294921875', '1834.999931640625', '1762.75583984375'),
    ('JPFA.JK', '2025-01-16', '1806.1023609058277', '1782.02099609375', '1825.3674527554897', '1782.02099609375'),
    ('JPFA.JK', '2025-01-17', '1786.8372802734375', '1786.8372802734375', '1868.7139211485005', '1786.8372802734375'),
    ('JPFA.JK', '2025-01-20', '1801.2860797384512', '1883.1627197265625', '1907.2440844289483', '1801.2860797384512'),
    ('JPFA.JK', '2025-01-21', '1887.9789355974742', '1859.081298828125', '1907.2440267770403', '1820.5511164689929'),
    ('JPFA.JK', '2025-01-22', '1887.979002624672', '1835.0', '2032.46719160105', '1830.1837270341207'),
    ('JPFA.JK', '2025-01-23', '1849.44875', '1806.102294921875', '1854.2650227864583', '1801.2860221354167'),
    ('JPFA.JK', '2025-01-24', '1806.1023749927483', '1945.7742919921875', '1974.6719299920715', '1801.2861019927675'),
    ('JPFA.JK', '2025-01-30', '1984.3044299316407', '1926.5091552734375', '1993.9369757080078', '1892.7952450561522'),
    ('JPFA.JK', '2025-01-31', '1926.509143953634', '1921.69287109375', '2022.8346011513158', '1912.0603253739819'),
    ('JPFA.JK', '2025-02-03', '1912.0603366088867', '1926.5091552734375', '1926.5091552734375', '1854.2650619506835'),
    ('JPFA.JK', '2025-02-04', '1926.5091017549262', '1955.40673828125', '2003.5694658251232', '1916.8765562461515'),
    ('JPFA.JK', '2025-02-05', '2022.8345719478916', '2013.2020263671875', '2022.8345719478916', '1955.4067528829619'),
    ('JPFA.JK', '2025-02-06', '2022.8346267255765', '1984.304443359375', '2022.8346267255765', '1955.4068058347239'),
    ('JPFA.JK', '2025-02-07', '1984.3043670654297', '2003.5694580078125', '2003.5694580078125', '1926.5090942382812'),
    ('JPFA.JK', '2025-02-10', '2003.56952569609', '2032.4671630859375', '2148.0577126453272', '2003.56952569609'),
    ('JPFA.JK', '2025-02-11', '2042.099718408677', '1984.304443359375', '2051.7322642502277', '1926.5091683100727'),
    ('JPFA.JK', '2025-02-12', '1984.3044207317073', '1974.671875', '2022.8346036585365', '1974.671875'),
    ('JPFA.JK', '2025-02-13', '1974.6718215942383', '2003.5694580078125', '2003.5694580078125', '1926.5090942382812'),
    ('JPFA.JK', '2025-02-14', '2003.5694740372473', '1907.2440185546875', '2022.8345651337595', '1902.4277457805595'),
    ('JPFA.JK', '2025-02-17', '1907.2440071202532', '1902.427734375', '1921.6928253560127', '1878.3463706487341'),
    ('JPFA.JK', '2025-02-18', '1902.4277796542137', '1921.69287109375', '1955.4067811129387', '1902.4277796542137'),
    ('JPFA.JK', '2025-02-19', '1936.1416319251666', '1897.6114501953125', '1965.039268222557', '1883.1626320466173'),
    ('JPFA.JK', '2025-02-20', '1897.611495588293', '1916.8765869140625', '1926.5091325769472', '1897.611495588293'),
    ('JPFA.JK', '2025-02-21', '1926.5091990696565', '1892.7952880859375', '1926.5091990696565', '1883.1627420905893'),
    ('JPFA.JK', '2025-02-24', '1892.7951888844937', '1902.427734375', '1936.1416435917722', '1878.3463706487341'),
    ('JPFA.JK', '2025-02-25', '1907.2440071202532', '1902.427734375', '1921.6928253560127', '1887.9789161392405'),
    ('JPFA.JK', '2025-02-26', '1912.0602995719316', '1859.081298828125', '1936.1416635463893', '1820.5511164689929'),
    ('JPFA.JK', '2025-02-27', '1859.0813419875494', '1825.367431640625', '1873.53016070766', '1791.6535212937006'),
    ('JPFA.JK', '2025-02-28', '1825.3673629147117', '1796.4697265625', '1834.999908365449', '1772.388362935657'),
    ('JPFA.JK', '2025-03-03', '1868.7139239924968', '1945.7742919921875', '1945.7742919921875', '1859.0813779925354'),
    ('JPFA.JK', '2025-03-04', '1936.141745992226', '1945.7742919921875', '2003.5695679919554', '1897.6115619923808'),
    ('JPFA.JK', '2025-03-05', '1945.7742509163952', '2032.4671630859375', '2051.7322546791693', '1945.7742509163952'),
    ('JPFA.JK', '2025-03-06', '2051.732177734375', '2051.732177734375', '2148.0576320881014', '2013.2019959928843'),
    ('JPFA.JK', '2025-03-07', '2051.7322773483565', '2042.0997314453125', '2080.6299150574882', '1974.6719101240049'),
    ('JPFA.JK', '2025-03-10', '2042.099743764335', '2099.89501953125', '2148.057749337013', '2032.4671978031824'),
    ('JPFA.JK', '2025-03-11', '2022.8346396392246', '2042.0997314453125', '2090.262460960532', '2003.5695478331368'),
    ('JPFA.JK', '2025-03-12', '2032.4671855422685', '2042.0997314453125', '2070.997369154444', '2003.5695478331368'),
    ('JPFA.JK', '2025-03-13', '2042.0997314453125', '2042.0997314453125', '2061.3648232514', '2013.2020937361806'),
    ('JPFA.JK', '2025-03-14', '2051.7322086900044', '2013.2020263671875', '2061.3647542707085', '1993.9369352057788'),
    ('JPFA.JK', '2025-03-17', '2022.8346036585365', '1974.671875', '2022.8346036585365', '1921.6928734756098'),
    ('JPFA.JK', '2025-03-18', '1965.0393152284862', '1916.8765869140625', '1974.671860891371', '1599.0025800388662'),
    ('JPFA.JK', '2025-03-19', '1916.8765755372324', '1912.060302734375', '1955.4067579600912', '1897.6114843258028'),
    ('JPFA.JK', '2025-03-20', '1945.7742353931706', '1921.69287109375', '1955.4067811129387', '1902.4277796542137'),
    ('JPFA.JK', '2025-03-21', '1926.5091096511994', '1907.2440185546875', '1936.1416551994555', '1883.1626546840475'),
    ('JPFA.JK', '2025-03-24', '1907.2440185546875', '1907.2440185546875', '1912.0602913288155', '1849.4487452651515'),
    ('JPFA.JK', '2025-03-25', '1936.141722071811', '1883.1627197265625', '1936.141722071811', '1878.3464467860854'),
    ('JPFA.JK', '2025-03-26', '1887.9789941892102', '1936.1417236328125', '2003.5695448538559', '1883.16272124485'),
    ('JPFA.JK', '2025-03-27', '1936.1417236328125', '1936.1417236328125', '1974.6719071876944', '1926.509177744092'),
    ('JPFA.JK', '2025-04-08', '1878.3464336143634', '1825.367431640625', '1936.1417084948055', '1806.102340013811'),
    ('JPFA.JK', '2025-04-09', '1815.734851918322', '1810.9185791015625', '1878.3463985361952', '1791.6534878345246'),
    ('JPFA.JK', '2025-04-10', '1883.1626320466173', '1897.6114501953125', '1926.509086492703', '1844.6324503167632'),
    ('JPFA.JK', '2025-04-11', '1907.2440615460314', '1873.5301513671875', '1912.0603344287235', '1859.0813327191115'),
    ('JPFA.JK', '2025-04-14', '1892.7952362804879', '1974.671875', '1984.3044207317073', '1873.5301448170733'),
    ('JPFA.JK', '2025-04-15', '1974.6718841552733', '1926.5091552734375', '2003.569521484375', '1902.4277908325196'),
    ('JPFA.JK', '2025-04-16', '1936.1416920731708', '1974.671875', '1984.3044207317073', '1916.876600609756'),
    ('JPFA.JK', '2025-04-17', '1974.6719071876944', '1936.1417236328125', '1984.3044530764148', '1902.427813022291'),
    ('JPFA.JK', '2025-04-21', '1945.7742782152231', '1835.0', '1955.4068241469818', '1806.1023622047244'),
    ('JPFA.JK', '2025-04-22', '1840.0', '1715.0', '1865.0', '1705.0'),
    ('JPFA.JK', '2025-04-23', '1730.0', '1720.0', '1760.0', '1690.0'),
    ('JPFA.JK', '2025-04-24', '1740.0', '1730.0', '1770.0', '1705.0'),
    ('JPFA.JK', '2025-04-25', '1745.0', '1780.0', '1785.0', '1715.0'),
    ('JPFA.JK', '2025-04-28', '1785.0', '1885.0', '1885.0', '1785.0'),
    ('JPFA.JK', '2025-04-29', '1900.0', '1845.0', '1905.0', '1830.0'),
    ('JPFA.JK', '2025-04-30', '1845.0', '1820.0', '1850.0', '1800.0'),
    ('JPFA.JK', '2025-05-02', '1810.0', '1750.0', '1810.0', '1730.0'),
    ('JPFA.JK', '2025-05-05', '1755.0', '1745.0', '1765.0', '1725.0'),
    ('JPFA.JK', '2025-05-06', '1755.0', '1765.0', '1780.0', '1750.0'),
    ('JPFA.JK', '2025-05-07', '1765.0', '1795.0', '1805.0', '1765.0'),
    ('JPFA.JK', '2025-05-08', '1810.0', '1755.0', '1825.0', '1755.0'),
    ('JPFA.JK', '2025-05-09', '1760.0', '1780.0', '1780.0', '1745.0'),
    ('JPFA.JK', '2025-05-14', '1795.0', '1765.0', '1805.0', '1765.0'),
    ('JPFA.JK', '2025-05-15', '1780.0', '1835.0', '1835.0', '1770.0'),
    ('JPFA.JK', '2025-05-16', '1850.0', '1795.0', '1850.0', '1790.0'),
    ('JPFA.JK', '2025-05-19', '1805.0', '1800.0', '1830.0', '1795.0'),
    ('JPFA.JK', '2025-05-20', '1805.0', '1800.0', '1815.0', '1785.0'),
    ('JPFA.JK', '2025-05-21', '1800.0', '1765.0', '1800.0', '1755.0'),
    ('JPFA.JK', '2025-05-22', '1765.0', '1715.0', '1770.0', '1700.0'),
    ('JPFA.JK', '2025-05-23', '1700.0', '1650.0', '1700.0', '1645.0'),
    ('MDKA.JK', '2024-05-27', '2770.0', '2700.0', '2800.0', '2700.0'),
    ('MDKA.JK', '2024-05-28', '2740.0', '2900.0', '2910.0', '2710.0'),
    ('MDKA.JK', '2024-05-29', '2930.0', '2900.0', '2970.0', '2790.0'),
    ('MDKA.JK', '2024-05-30', '2910.0', '2800.0', '2930.0', '2800.0'),
    ('MDKA.JK', '2024-05-31', '2820.0', '2700.0', '2890.0', '2700.0'),
    ('MDKA.JK', '2024-06-03', '2700.0', '2740.0', '2770.0', '2650.0'),
    ('MDKA.JK', '2024-06-04', '2700.0', '2650.0', '2760.0', '2650.0'),
    ('MDKA.JK', '2024-06-05', '2620.0', '2420.0', '2620.0', '2400.0'),
    ('MDKA.JK', '2024-06-06', '2460.0', '2460.0', '2510.0', '2440.0'),
    ('MDKA.JK', '2024-06-07', '2520.0', '2500.0', '2520.0', '2480.0'),
    ('MDKA.JK', '2024-06-10', '2430.0', '2460.0', '2540.0', '2420.0'),
    ('MDKA.JK', '2024-06-11', '2450.0', '2450.0', '2510.0', '2450.0'),
    ('MDKA.JK', '2024-06-12', '2440.0', '2380.0', '2450.0', '2330.0'),
    ('MDKA.JK', '2024-06-13', '2410.0', '2370.0', '2430.0', '2370.0'),
    ('MDKA.JK', '2024-06-14', '2370.0', '2270.0', '2390.0', '2270.0'),
    ('MDKA.JK', '2024-06-19', '2300.0', '2310.0', '2330.0', '2270.0'),
    ('MDKA.JK', '2024-06-20', '2310.0', '2300.0', '2350.0', '2300.0'),
    ('MDKA.JK', '2024-06-21', '2330.0', '2310.0', '2380.0', '2310.0'),
    ('MDKA.JK', '2024-06-24', '2310.0', '2320.0', '2340.0', '2310.0'),
    ('MDKA.JK', '2024-06-25', '2330.0', '2400.0', '2410.0', '2300.0'),
    ('MDKA.JK', '2024-06-26', '2400.0', '2340.0', '2400.0', '2340.0'),
    ('MDKA.JK', '2024-06-27', '2330.0', '2360.0', '2390.0', '2320.0'),
    ('MDKA.JK', '2024-06-28', '2380.0', '2380.0', '2400.0', '2360.0'),
    ('MDKA.JK', '2024-07-01', '2400.0', '2460.0', '2480.0', '2370.0'),
    ('MDKA.JK', '2024-07-02', '2480.0', '2460.0', '2500.0', '2430.0'),
    ('MDKA.JK', '2024-07-03', '2460.0', '2440.0', '2460.0', '2410.0'),
    ('MDKA.JK', '2024-07-04', '2500.0', '2470.0', '2510.0', '2460.0'),
    ('MDKA.JK', '2024-07-05', '2480.0', '2440.0', '2490.0', '2410.0'),
    ('MDKA.JK', '2024-07-08', '2480.0', '2480.0', '2520.0', '2440.0'),
    ('MDKA.JK', '2024-07-09', '2480.0', '2440.0', '2490.0', '2430.0'),
    ('MDKA.JK', '2024-07-10', '2440.0', '2420.0', '2460.0', '2390.0'),
    ('MDKA.JK', '2024-07-11', '2440.0', '2400.0', '2460.0', '2370.0'),
    ('MDKA.JK', '2024-07-12', '2420.0', '2400.0', '2440.0', '2370.0'),
    ('MDKA.JK', '2024-07-15', '2400.0', '2320.0', '2400.0', '2320.0'),
    ('MDKA.JK', '2024-07-16', '2340.0', '2390.0', '2390.0', '2330.0'),
    ('MDKA.JK', '2024-07-17', '2430.0', '2420.0', '2450.0', '2410.0'),
    ('MDKA.JK', '2024-07-18', '2420.0', '2420.0', '2430.0', '2390.0'),
    ('MDKA.JK', '2024-07-19', '2390.0', '2340.0', '2400.0', '2330.0'),
    ('MDKA.JK', '2024-07-22', '2360.0', '2390.0', '2440.0', '2360.0'),
    ('MDKA.JK', '2024-07-23', '2390.0', '2380.0', '2390.0', '2350.0'),
    ('MDKA.JK', '2024-07-24', '2380.0', '2410.0', '2430.0', '2360.0'),
    ('MDKA.JK', '2024-07-25', '2390.0', '2430.0', '2430.0', '2350.0'),
    ('MDKA.JK', '2024-07-26', '2430.0', '2390.0', '2440.0', '2390.0'),
    ('MDKA.JK', '2024-07-29', '2400.0', '2400.0', '2420.0', '2390.0'),
    ('MDKA.JK', '2024-07-30', '2420.0', '2440.0', '2440.0', '2380.0'),
    ('MDKA.JK', '2024-07-31', '2450.0', '2460.0', '2480.0', '2430.0'),
    ('MDKA.JK', '2024-08-01', '2480.0', '2440.0', '2480.0', '2430.0'),
    ('MDKA.JK', '2024-08-02', '2430.0', '2350.0', '2430.0', '2350.0'),
    ('MDKA.JK', '2024-08-05', '2340.0', '2190.0', '2340.0', '2160.0'),
    ('MDKA.JK', '2024-08-06', '2240.0', '2200.0', '2250.0', '2160.0'),
    ('MDKA.JK', '2024-08-07', '2210.0', '2200.0', '2250.0', '2200.0'),
    ('MDKA.JK', '2024-08-08', '2200.0', '2180.0', '2230.0', '2180.0'),
    ('MDKA.JK', '2024-08-09', '2210.0', '2210.0', '2230.0', '2190.0'),
    ('MDKA.JK', '2024-08-12', '2240.0', '2290.0', '2310.0', '2210.0'),
    ('MDKA.JK', '2024-08-13', '2330.0', '2320.0', '2350.0', '2310.0'),
    ('MDKA.JK', '2024-08-14', '2320.0', '2360.0', '2380.0', '2310.0'),
    ('MDKA.JK', '2024-08-15', '2360.0', '2340.0', '2370.0', '2290.0'),
    ('MDKA.JK', '2024-08-16', '2360.0', '2300.0', '2360.0', '2300.0'),
    ('MDKA.JK', '2024-08-19', '2320.0', '2340.0', '2340.0', '2310.0'),
    ('MDKA.JK', '2024-08-20', '2360.0', '2340.0', '2360.0', '2320.0'),
    ('MDKA.JK', '2024-08-21', '2340.0', '2350.0', '2390.0', '2330.0'),
    ('MDKA.JK', '2024-08-22', '2350.0', '2290.0', '2360.0', '2270.0'),
    ('MDKA.JK', '2024-08-23', '2320.0', '2320.0', '2370.0', '2320.0'),
    ('MDKA.JK', '2024-08-26', '2380.0', '2470.0', '2480.0', '2360.0'),
    ('MDKA.JK', '2024-08-27', '2480.0', '2450.0', '2490.0', '2410.0'),
    ('MDKA.JK', '2024-08-28', '2470.0', '2480.0', '2510.0', '2440.0'),
    ('MDKA.JK', '2024-08-29', '2470.0', '2400.0', '2480.0', '2390.0'),
    ('MDKA.JK', '2024-08-30', '2390.0', '2360.0', '2400.0', '2320.0'),
    ('MDKA.JK', '2024-09-02', '2360.0', '2370.0', '2420.0', '2340.0'),
    ('MDKA.JK', '2024-09-03', '2380.0', '2360.0', '2400.0', '2340.0'),
    ('MDKA.JK', '2024-09-04', '2330.0', '2280.0', '2340.0', '2260.0'),
    ('MDKA.JK', '2024-09-05', '2280.0', '2280.0', '2320.0', '2270.0'),
    ('MDKA.JK', '2024-09-06', '2300.0', '2280.0', '2320.0', '2280.0'),
    ('MDKA.JK', '2024-09-09', '2270.0', '2260.0', '2290.0', '2250.0'),
    ('MDKA.JK', '2024-09-10', '2290.0', '2260.0', '2310.0', '2250.0'),
    ('MDKA.JK', '2024-09-11', '2280.0', '2260.0', '2280.0', '2220.0'),
    ('MDKA.JK', '2024-09-12', '2270.0', '2300.0', '2310.0', '2260.0'),
    ('MDKA.JK', '2024-09-13', '2330.0', '2290.0', '2340.0', '2270.0'),
    ('MDKA.JK', '2024-09-17', '2310.0', '2300.0', '2330.0', '2290.0'),
    ('MDKA.JK', '2024-09-18', '2300.0', '2280.0', '2320.0', '2270.0'),
    ('MDKA.JK', '2024-09-19', '2310.0', '2270.0', '2310.0', '2260.0'),
    ('MDKA.JK', '2024-09-20', '2300.0', '2260.0', '2300.0', '2220.0'),
    ('MDKA.JK', '2024-09-23', '2280.0', '2290.0', '2320.0', '2260.0'),
    ('MDKA.JK', '2024-09-24', '2300.0', '2340.0', '2340.0', '2270.0'),
    ('MDKA.JK', '2024-09-25', '2390.0', '2450.0', '2450.0', '2360.0'),
    ('MDKA.JK', '2024-09-26', '2450.0', '2590.0', '2600.0', '2410.0'),
    ('MDKA.JK', '2024-09-27', '2620.0', '2700.0', '2750.0', '2610.0'),
    ('MDKA.JK', '2024-09-30', '2700.0', '2720.0', '2750.0', '2660.0'),
    ('MDKA.JK', '2024-10-01', '2630.0', '2690.0', '2700.0', '2590.0'),
    ('MDKA.JK', '2024-10-02', '2690.0', '2730.0', '2770.0', '2660.0'),
    ('MDKA.JK', '2024-10-03', '2750.0', '2690.0', '2780.0', '2690.0'),
    ('MDKA.JK', '2024-10-04', '2690.0', '2680.0', '2720.0', '2640.0'),
    ('MDKA.JK', '2024-10-07', '2680.0', '2710.0', '2710.0', '2670.0'),
    ('MDKA.JK', '2024-10-08', '2710.0', '2580.0', '2730.0', '2560.0'),
    ('MDKA.JK', '2024-10-09', '2560.0', '2550.0', '2560.0', '2480.0'),
    ('MDKA.JK', '2024-10-10', '2550.0', '2560.0', '2600.0', '2520.0'),
    ('MDKA.JK', '2024-10-11', '2580.0', '2540.0', '2610.0', '2520.0'),
    ('MDKA.JK', '2024-10-14', '2550.0', '2530.0', '2580.0', '2520.0'),
    ('MDKA.JK', '2024-10-15', '2540.0', '2510.0', '2570.0', '2480.0'),
    ('MDKA.JK', '2024-10-16', '2510.0', '2530.0', '2540.0', '2510.0'),
    ('MDKA.JK', '2024-10-17', '2550.0', '2550.0', '2560.0', '2510.0'),
    ('MDKA.JK', '2024-10-18', '2560.0', '2520.0', '2610.0', '2510.0'),
    ('MDKA.JK', '2024-10-21', '2560.0', '2560.0', '2620.0', '2530.0'),
    ('MDKA.JK', '2024-10-22', '2570.0', '2570.0', '2600.0', '2540.0'),
    ('MDKA.JK', '2024-10-23', '2580.0', '2530.0', '2590.0', '2530.0'),
    ('MDKA.JK', '2024-10-24', '2540.0', '2530.0', '2560.0', '2500.0'),
    ('MDKA.JK', '2024-10-25', '2540.0', '2450.0', '2550.0', '2430.0'),
    ('MDKA.JK', '2024-10-28', '2450.0', '2420.0', '2460.0', '2370.0'),
    ('MDKA.JK', '2024-10-29', '2440.0', '2360.0', '2440.0', '2350.0'),
    ('MDKA.JK', '2024-10-30', '2360.0', '2390.0', '2430.0', '2340.0'),
    ('MDKA.JK', '2024-10-31', '2390.0', '2420.0', '2420.0', '2360.0'),
    ('MDKA.JK', '2024-11-01', '2410.0', '2350.0', '2410.0', '2340.0'),
    ('MDKA.JK', '2024-11-04', '2350.0', '2320.0', '2360.0', '2290.0'),
    ('MDKA.JK', '2024-11-05', '2320.0', '2300.0', '2350.0', '2290.0'),
    ('MDKA.JK', '2024-11-06', '2300.0', '2270.0', '2360.0', '2270.0'),
    ('MDKA.JK', '2024-11-07', '2250.0', '2270.0', '2300.0', '2220.0'),
    ('MDKA.JK', '2024-11-08', '2300.0', '2240.0', '2320.0', '2240.0'),
    ('MDKA.JK', '2024-11-11', '2250.0', '2200.0', '2260.0', '2170.0'),
    ('MDKA.JK', '2024-11-12', '2210.0', '2180.0', '2240.0', '2170.0'),
    ('MDKA.JK', '2024-11-13', '2200.0', '2240.0', '2310.0', '2200.0'),
    ('MDKA.JK', '2024-11-14', '2240.0', '2180.0', '2260.0', '2180.0'),
    ('MDKA.JK', '2024-11-15', '2190.0', '2100.0', '2200.0', '2100.0'),
    ('MDKA.JK', '2024-11-18', '2090.0', '2010.0', '2110.0', '1995.0'),
    ('MDKA.JK', '2024-11-19', '2010.0', '2080.0', '2090.0', '2010.0'),
    ('MDKA.JK', '2024-11-20', '2100.0', '2150.0', '2160.0', '2070.0'),
    ('MDKA.JK', '2024-11-21', '2160.0', '2100.0', '2160.0', '2090.0'),
    ('MDKA.JK', '2024-11-22', '2070.0', '2050.0', '2100.0', '2030.0'),
    ('MDKA.JK', '2024-11-25', '2060.0', '2030.0', '2110.0', '2030.0'),
    ('MDKA.JK', '2024-11-26', '2030.0', '2000.0', '2030.0', '1995.0'),
    ('MDKA.JK', '2024-11-28', '2020.0', '1930.0', '2020.0', '1830.0'),
    ('MDKA.JK', '2024-11-29', '1930.0', '1840.0', '1935.0', '1830.0'),
    ('MDKA.JK', '2024-12-02', '1840.0', '1840.0', '1915.0', '1815.0'),
    ('MDKA.JK', '2024-12-03', '1850.0', '1860.0', '1875.0', '1840.0'),
    ('MDKA.JK', '2024-12-04', '1865.0', '1930.0', '1940.0', '1850.0'),
    ('MDKA.JK', '2024-12-05', '1945.0', '1920.0', '1945.0', '1905.0'),
    ('MDKA.JK', '2024-12-06', '1930.0', '1910.0', '1935.0', '1900.0'),
    ('MDKA.JK', '2024-12-09', '1910.0', '1920.0', '1960.0', '1910.0'),
    ('MDKA.JK', '2024-12-10', '1930.0', '1990.0', '2030.0', '1930.0'),
    ('MDKA.JK', '2024-12-11', '2000.0', '1985.0', '2030.0', '1970.0'),
    ('MDKA.JK', '2024-12-12', '1985.0', '1945.0', '1985.0', '1930.0'),
    ('MDKA.JK', '2024-12-13', '1945.0', '1925.0', '1980.0', '1925.0'),
    ('MDKA.JK', '2024-12-16', '1925.0', '1900.0', '1955.0', '1900.0'),
    ('MDKA.JK', '2024-12-17', '1900.0', '1840.0', '1920.0', '1825.0'),
    ('MDKA.JK', '2024-12-18', '1845.0', '1760.0', '1870.0', '1760.0'),
    ('MDKA.JK', '2024-12-19', '1700.0', '1615.0', '1700.0', '1550.0'),
    ('MDKA.JK', '2024-12-20', '1600.0', '1595.0', '1640.0', '1565.0'),
    ('MDKA.JK', '2024-12-23', '1610.0', '1630.0', '1675.0', '1585.0'),
    ('MDKA.JK', '2024-12-24', '1630.0', '1580.0', '1650.0', '1580.0'),
    ('MDKA.JK', '2024-12-27', '1595.0', '1570.0', '1620.0', '1570.0'),
    ('MDKA.JK', '2024-12-30', '1580.0', '1615.0', '1700.0', '1580.0'),
    ('MDKA.JK', '2025-01-02', '1645.0', '1595.0', '1650.0', '1580.0'),
    ('MDKA.JK', '2025-01-03', '1595.0', '1600.0', '1615.0', '1585.0'),
    ('MDKA.JK', '2025-01-06', '1600.0', '1550.0', '1610.0', '1510.0'),
    ('MDKA.JK', '2025-01-07', '1550.0', '1510.0', '1565.0', '1510.0'),
    ('MDKA.JK', '2025-01-08', '1520.0', '1360.0', '1525.0', '1360.0'),
    ('MDKA.JK', '2025-01-09', '1370.0', '1340.0', '1400.0', '1330.0'),
    ('MDKA.JK', '2025-01-10', '1350.0', '1410.0', '1425.0', '1350.0'),
    ('MDKA.JK', '2025-01-13', '1420.0', '1475.0', '1485.0', '1400.0'),
    ('MDKA.JK', '2025-01-14', '1500.0', '1635.0', '1685.0', '1455.0'),
    ('MDKA.JK', '2025-01-15', '1635.0', '1610.0', '1650.0', '1600.0'),
    ('MDKA.JK', '2025-01-16', '1615.0', '1600.0', '1640.0', '1575.0'),
    ('MDKA.JK', '2025-01-17', '1615.0', '1610.0', '1640.0', '1585.0'),
    ('MDKA.JK', '2025-01-20', '1625.0', '1700.0', '1710.0', '1620.0'),
    ('MDKA.JK', '2025-01-21', '1705.0', '1650.0', '1730.0', '1635.0'),
    ('MDKA.JK', '2025-01-22', '1660.0', '1650.0', '1675.0', '1575.0'),
    ('MDKA.JK', '2025-01-23', '1645.0', '1605.0', '1645.0', '1575.0'),
    ('MDKA.JK', '2025-01-24', '1600.0', '1600.0', '1610.0', '1585.0'),
    ('MDKA.JK', '2025-01-30', '1600.0', '1580.0', '1600.0', '1505.0'),
    ('MDKA.JK', '2025-01-31', '1580.0', '1565.0', '1590.0', '1550.0'),
    ('MDKA.JK', '2025-02-03', '1565.0', '1450.0', '1570.0', '1440.0'),
    ('MDKA.JK', '2025-02-04', '1465.0', '1500.0', '1515.0', '1465.0'),
    ('MDKA.JK', '2025-02-05', '1510.0', '1475.0', '1540.0', '1475.0'),
    ('MDKA.JK', '2025-02-06', '1485.0', '1430.0', '1500.0', '1415.0'),
    ('MDKA.JK', '2025-02-07', '1455.0', '1420.0', '1455.0', '1400.0'),
    ('MDKA.JK', '2025-02-10', '1430.0', '1490.0', '1550.0', '1430.0'),
    ('MDKA.JK', '2025-02-11', '1510.0', '1455.0', '1565.0', '1455.0'),
    ('MDKA.JK', '2025-02-12', '1460.0', '1505.0', '1510.0', '1435.0'),
    ('MDKA.JK', '2025-02-13', '1505.0', '1670.0', '1690.0', '1470.0'),
    ('MDKA.JK', '2025-02-14', '1675.0', '1650.0', '1725.0', '1630.0'),
    ('MDKA.JK', '2025-02-17', '1650.0', '1800.0', '1845.0', '1610.0'),
    ('MDKA.JK', '2025-02-18', '1805.0', '1800.0', '1875.0', '1755.0'),
    ('MDKA.JK', '2025-02-19', '1810.0', '1750.0', '1840.0', '1730.0'),
    ('MDKA.JK', '2025-02-20', '1760.0', '1810.0', '1830.0', '1760.0'),
    ('MDKA.JK', '2025-02-21', '1815.0', '1825.0', '1835.0', '1770.0'),
    ('MDKA.JK', '2025-02-24', '1825.0', '1715.0', '1825.0', '1710.0'),
    ('MDKA.JK', '2025-02-25', '1710.0', '1545.0', '1715.0', '1545.0'),
    ('MDKA.JK', '2025-02-26', '1545.0', '1595.0', '1595.0', '1485.0'),
    ('MDKA.JK', '2025-02-27', '1595.0', '1455.0', '1610.0', '1455.0'),
    ('MDKA.JK', '2025-02-28', '1430.0', '1400.0', '1565.0', '1400.0'),
    ('MDKA.JK', '2025-03-03', '1495.0', '1525.0', '1560.0', '1430.0'),
    ('MDKA.JK', '2025-03-04', '1480.0', '1470.0', '1505.0', '1440.0'),
    ('MDKA.JK', '2025-03-05', '1475.0', '1480.0', '1500.0', '1450.0'),
    ('MDKA.JK', '2025-03-06', '1520.0', '1475.0', '1550.0', '1475.0'),
    ('MDKA.JK', '2025-03-07', '1480.0', '1530.0', '1580.0', '1480.0'),
    ('MDKA.JK', '2025-03-10', '1530.0', '1400.0', '1530.0', '1400.0'),
    ('MDKA.JK', '2025-03-11', '1345.0', '1310.0', '1375.0', '1285.0'),
    ('MDKA.JK', '2025-03-12', '1320.0', '1330.0', '1360.0', '1275.0'),
    ('MDKA.JK', '2025-03-13', '1350.0', '1340.0', '1395.0', '1315.0'),
    ('MDKA.JK', '2025-03-14', '1365.0', '1340.0', '1390.0', '1330.0'),
    ('MDKA.JK', '2025-03-17', '1355.0', '1440.0', '1475.0', '1355.0'),
    ('MDKA.JK', '2025-03-18', '1460.0', '1420.0', '1470.0', '1355.0'),
    ('MDKA.JK', '2025-03-19', '1440.0', '1410.0', '1450.0', '1400.0'),
    ('MDKA.JK', '2025-03-20', '1435.0', '1430.0', '1465.0', '1410.0'),
    ('MDKA.JK', '2025-03-21', '1435.0', '1375.0', '1440.0', '1360.0'),
    ('MDKA.JK', '2025-03-24', '1375.0', '1345.0', '1390.0', '1325.0'),
    ('MDKA.JK', '2025-03-25', '1345.0', '1350.0', '1360.0', '1310.0'),
    ('MDKA.JK', '2025-03-26', '1415.0', '1450.0', '1465.0', '1375.0'),
    ('MDKA.JK', '2025-03-27', '1425.0', '1430.0', '1455.0', '1415.0'),
    ('MDKA.JK', '2025-04-08', '1290.0', '1220.0', '1290.0', '1220.0'),
    ('MDKA.JK', '2025-04-09', '1220.0', '1040.0', '1225.0', '1040.0'),
    ('MDKA.JK', '2025-04-10', '1175.0', '1220.0', '1300.0', '1150.0'),
    ('MDKA.JK', '2025-04-11', '1235.0', '1305.0', '1435.0', '1230.0'),
    ('MDKA.JK', '2025-04-14', '1350.0', '1440.0', '1460.0', '1350.0'),
    ('MDKA.JK', '2025-04-15', '1455.0', '1430.0', '1485.0', '1395.0'),
    ('MDKA.JK', '2025-04-16', '1425.0', '1415.0', '1460.0', '1400.0'),
    ('MDKA.JK', '2025-04-17', '1440.0', '1645.0', '1745.0', '1440.0'),
    ('MDKA.JK', '2025-04-21', '1710.0', '1695.0', '1795.0', '1665.0'),
    ('MDKA.JK', '2025-04-22', '1725.0', '1665.0', '1745.0', '1650.0'),
    ('MDKA.JK', '2025-04-23', '1660.0', '1570.0', '1660.0', '1550.0'),
    ('MDKA.JK', '2025-04-24', '1605.0', '1610.0', '1665.0', '1600.0'),
    ('MDKA.JK', '2025-04-25', '1625.0', '1680.0', '1720.0', '1620.0'),
    ('MDKA.JK', '2025-04-28', '1700.0', '1660.0', '1710.0', '1630.0'),
    ('MDKA.JK', '2025-04-29', '1685.0', '1720.0', '1735.0', '1685.0'),
    ('MDKA.JK', '2025-04-30', '1720.0', '1670.0', '1750.0', '1655.0'),
    ('MDKA.JK', '2025-05-02', '1675.0', '1690.0', '1725.0', '1675.0'),
    ('MDKA.JK', '2025-05-05', '1680.0', '1680.0', '1700.0', '1640.0'),
    ('MDKA.JK', '2025-05-06', '1710.0', '1780.0', '1790.0', '1705.0'),
    ('MDKA.JK', '2025-05-07', '1785.0', '1855.0', '1905.0', '1780.0'),
    ('MDKA.JK', '2025-05-08', '1885.0', '1800.0', '1970.0', '1800.0'),
    ('MDKA.JK', '2025-05-09', '1800.0', '1805.0', '1850.0', '1775.0'),
    ('MDKA.JK', '2025-05-14', '1790.0', '1770.0', '1800.0', '1735.0'),
    ('MDKA.JK', '2025-05-15', '1770.0', '1830.0', '1880.0', '1765.0'),
    ('MDKA.JK', '2025-05-16', '1890.0', '1935.0', '1955.0', '1870.0'),
    ('MDKA.JK', '2025-05-19', '1975.0', '2070.0', '2100.0', '1955.0'),
    ('MDKA.JK', '2025-05-20', '2080.0', '2020.0', '2170.0', '1975.0'),
    ('MDKA.JK', '2025-05-21', '2060.0', '2050.0', '2130.0', '2040.0'),
    ('MDKA.JK', '2025-05-22', '2090.0', '2030.0', '2110.0', '2000.0'),
    ('MDKA.JK', '2025-05-23', '2030.0', '2040.0', '2080.0', '2010.0'),
    ('PTBA.JK', '2024-05-27', '2600.0', '2520.0', '2600.0', '2520.0'),
    ('PTBA.JK', '2024-05-28', '2540.0', '2510.0', '2560.0', '2510.0'),
    ('PTBA.JK', '2024-05-29', '2520.0', '2470.0', '2530.0', '2460.0'),
    ('PTBA.JK', '2024-05-30', '2470.0', '2490.0', '2500.0', '2420.0'),
    ('PTBA.JK', '2024-05-31', '2500.0', '2490.0', '2520.0', '2490.0'),
    ('PTBA.JK', '2024-06-03', '2500.0', '2580.0', '2590.0', '2500.0'),
    ('PTBA.JK', '2024-06-04', '2590.0', '2570.0', '2590.0', '2560.0'),
    ('PTBA.JK', '2024-06-05', '2570.0', '2530.0', '2580.0', '2500.0'),
    ('PTBA.JK', '2024-06-06', '2530.0', '2510.0', '2540.0', '2500.0'),
    ('PTBA.JK', '2024-06-07', '2520.0', '2530.0', '2550.0', '2510.0'),
    ('PTBA.JK', '2024-06-10', '2530.0', '2480.0', '2540.0', '2470.0'),
    ('PTBA.JK', '2024-06-11', '2480.0', '2440.0', '2500.0', '2440.0'),
    ('PTBA.JK', '2024-06-12', '2440.0', '2430.0', '2460.0', '2420.0'),
    ('PTBA.JK', '2024-06-13', '2430.0', '2520.0', '2520.0', '2430.0'),
    ('PTBA.JK', '2024-06-14', '2520.0', '2460.0', '2520.0', '2450.0'),
    ('PTBA.JK', '2024-06-19', '2460.0', '2430.0', '2470.0', '2420.0'),
    ('PTBA.JK', '2024-06-20', '2430.0', '2420.0', '2450.0', '2420.0'),
    ('PTBA.JK', '2024-06-21', '2430.0', '2420.0', '2450.0', '2380.0'),
    ('PTBA.JK', '2024-06-24', '2430.0', '2430.0', '2440.0', '2420.0'),
    ('PTBA.JK', '2024-06-25', '2440.0', '2410.0', '2450.0', '2410.0'),
    ('PTBA.JK', '2024-06-26', '2410.0', '2440.0', '2440.0', '2400.0'),
    ('PTBA.JK', '2024-06-27', '2440.0', '2430.0', '2440.0', '2420.0'),
    ('PTBA.JK', '2024-06-28', '2430.0', '2450.0', '2470.0', '2430.0'),
    ('PTBA.JK', '2024-07-01', '2460.0', '2500.0', '2500.0', '2450.0'),
    ('PTBA.JK', '2024-07-02', '2500.0', '2490.0', '2520.0', '2490.0'),
    ('PTBA.JK', '2024-07-03', '2500.0', '2500.0', '2530.0', '2490.0'),
    ('PTBA.JK', '2024-07-04', '2520.0', '2530.0', '2570.0', '2510.0'),
    ('PTBA.JK', '2024-07-05', '2540.0', '2540.0', '2570.0', '2520.0'),
    ('PTBA.JK', '2024-07-08', '2540.0', '2550.0', '2560.0', '2530.0'),
    ('PTBA.JK', '2024-07-09', '2550.0', '2530.0', '2570.0', '2530.0'),
    ('PTBA.JK', '2024-07-10', '2530.0', '2540.0', '2560.0', '2530.0'),
    ('PTBA.JK', '2024-07-11', '2550.0', '2550.0', '2560.0', '2540.0'),
    ('PTBA.JK', '2024-07-12', '2550.0', '2530.0', '2560.0', '2530.0'),
    ('PTBA.JK', '2024-07-15', '2560.0', '2520.0', '2560.0', '2500.0'),
    ('PTBA.JK', '2024-07-16', '2530.0', '2530.0', '2550.0', '2520.0'),
    ('PTBA.JK', '2024-07-17', '2550.0', '2540.0', '2550.0', '2530.0'),
    ('PTBA.JK', '2024-07-18', '2540.0', '2620.0', '2630.0', '2520.0'),
    ('PTBA.JK', '2024-07-19', '2620.0', '2630.0', '2680.0', '2620.0'),
    ('PTBA.JK', '2024-07-22', '2640.0', '2680.0', '2700.0', '2640.0'),
    ('PTBA.JK', '2024-07-23', '2690.0', '2650.0', '2720.0', '2650.0'),
    ('PTBA.JK', '2024-07-24', '2650.0', '2620.0', '2680.0', '2610.0'),
    ('PTBA.JK', '2024-07-25', '2620.0', '2610.0', '2660.0', '2600.0'),
    ('PTBA.JK', '2024-07-26', '2620.0', '2660.0', '2670.0', '2620.0'),
    ('PTBA.JK', '2024-07-29', '2680.0', '2670.0', '2700.0', '2660.0'),
    ('PTBA.JK', '2024-07-30', '2680.0', '2640.0', '2690.0', '2640.0'),
    ('PTBA.JK', '2024-07-31', '2640.0', '2680.0', '2680.0', '2640.0'),
    ('PTBA.JK', '2024-08-01', '2700.0', '2670.0', '2700.0', '2640.0'),
    ('PTBA.JK', '2024-08-02', '2670.0', '2720.0', '2740.0', '2660.0'),
    ('PTBA.JK', '2024-08-05', '2710.0', '2560.0', '2710.0', '2510.0'),
    ('PTBA.JK', '2024-08-06', '2600.0', '2590.0', '2630.0', '2540.0'),
    ('PTBA.JK', '2024-08-07', '2600.0', '2610.0', '2630.0', '2590.0'),
    ('PTBA.JK', '2024-08-08', '2610.0', '2590.0', '2620.0', '2580.0'),
    ('PTBA.JK', '2024-08-09', '2600.0', '2580.0', '2620.0', '2580.0'),
    ('PTBA.JK', '2024-08-12', '2590.0', '2650.0', '2650.0', '2590.0'),
    ('PTBA.JK', '2024-08-13', '2670.0', '2660.0', '2680.0', '2650.0'),
    ('PTBA.JK', '2024-08-14', '2660.0', '2720.0', '2720.0', '2640.0'),
    ('PTBA.JK', '2024-08-15', '2720.0', '2700.0', '2720.0', '2670.0'),
    ('PTBA.JK', '2024-08-16', '2720.0', '2730.0', '2750.0', '2700.0'),
    ('PTBA.JK', '2024-08-19', '2730.0', '2710.0', '2730.0', '2700.0'),
    ('PTBA.JK', '2024-08-20', '2720.0', '2720.0', '2730.0', '2700.0'),
    ('PTBA.JK', '2024-08-21', '2720.0', '2710.0', '2740.0', '2710.0'),
    ('PTBA.JK', '2024-08-22', '2700.0', '2720.0', '2740.0', '2670.0'),
    ('PTBA.JK', '2024-08-23', '2720.0', '2760.0', '2790.0', '2720.0'),
    ('PTBA.JK', '2024-08-26', '2770.0', '2770.0', '2790.0', '2760.0'),
    ('PTBA.JK', '2024-08-27', '2780.0', '2780.0', '2820.0', '2760.0'),
    ('PTBA.JK', '2024-08-28', '2790.0', '2780.0', '2800.0', '2770.0'),
    ('PTBA.JK', '2024-08-29', '2780.0', '2780.0', '2810.0', '2760.0'),
    ('PTBA.JK', '2024-08-30', '2780.0', '2730.0', '2780.0', '2730.0'),
    ('PTBA.JK', '2024-09-02', '2740.0', '2820.0', '2820.0', '2730.0'),
    ('PTBA.JK', '2024-09-03', '2820.0', '2800.0', '2850.0', '2790.0'),
    ('PTBA.JK', '2024-09-04', '2770.0', '2760.0', '2810.0', '2740.0'),
    ('PTBA.JK', '2024-09-05', '2760.0', '2750.0', '2780.0', '2710.0'),
    ('PTBA.JK', '2024-09-06', '2750.0', '2710.0', '2750.0', '2710.0'),
    ('PTBA.JK', '2024-09-09', '2720.0', '2680.0', '2730.0', '2650.0'),
    ('PTBA.JK', '2024-09-10', '2690.0', '2670.0', '2710.0', '2650.0'),
    ('PTBA.JK', '2024-09-11', '2650.0', '2660.0', '2690.0', '2650.0'),
    ('PTBA.JK', '2024-09-12', '2690.0', '2720.0', '2750.0', '2690.0'),
    ('PTBA.JK', '2024-09-13', '2720.0', '2730.0', '2740.0', '2700.0'),
    ('PTBA.JK', '2024-09-17', '2730.0', '2800.0', '2820.0', '2710.0'),
    ('PTBA.JK', '2024-09-18', '2810.0', '2780.0', '2820.0', '2780.0'),
    ('PTBA.JK', '2024-09-19', '2780.0', '2780.0', '2800.0', '2760.0'),
    ('PTBA.JK', '2024-09-20', '2790.0', '2950.0', '2950.0', '2760.0'),
    ('PTBA.JK', '2024-09-23', '2950.0', '3120.0', '3130.0', '2930.0'),
    ('PTBA.JK', '2024-09-24', '3120.0', '3100.0', '3140.0', '3060.0'),
    ('PTBA.JK', '2024-09-25', '3120.0', '3080.0', '3160.0', '3040.0'),
    ('PTBA.JK', '2024-09-26', '3100.0', '3110.0', '3120.0', '3070.0'),
    ('PTBA.JK', '2024-09-27', '3110.0', '3140.0', '3140.0', '3040.0'),
    ('PTBA.JK', '2024-09-30', '3150.0', '3080.0', '3180.0', '3070.0'),
    ('PTBA.JK', '2024-10-01', '3080.0', '3070.0', '3120.0', '2990.0'),
    ('PTBA.JK', '2024-10-02', '3070.0', '3050.0', '3080.0', '3010.0'),
    ('PTBA.JK', '2024-10-03', '3050.0', '3060.0', '3080.0', '3030.0'),
    ('PTBA.JK', '2024-10-04', '3060.0', '2990.0', '3100.0', '2990.0'),
    ('PTBA.JK', '2024-10-07', '3060.0', '3100.0', '3140.0', '3060.0'),
    ('PTBA.JK', '2024-10-08', '3110.0', '3080.0', '3120.0', '3060.0'),
    ('PTBA.JK', '2024-10-09', '3080.0', '3050.0', '3080.0', '3020.0'),
    ('PTBA.JK', '2024-10-10', '3050.0', '3020.0', '3070.0', '3020.0'),
    ('PTBA.JK', '2024-10-11', '3050.0', '3030.0', '3060.0', '3020.0'),
    ('PTBA.JK', '2024-10-14', '3040.0', '3100.0', '3120.0', '3030.0'),
    ('PTBA.JK', '2024-10-15', '3100.0', '3100.0', '3140.0', '3080.0'),
    ('PTBA.JK', '2024-10-16', '3120.0', '3080.0', '3120.0', '3050.0'),
    ('PTBA.JK', '2024-10-17', '3080.0', '3060.0', '3090.0', '3060.0'),
    ('PTBA.JK', '2024-10-18', '3070.0', '3050.0', '3080.0', '3030.0'),
    ('PTBA.JK', '2024-10-21', '3050.0', '3020.0', '3050.0', '3010.0'),
    ('PTBA.JK', '2024-10-22', '3020.0', '3040.0', '3050.0', '3020.0'),
    ('PTBA.JK', '2024-10-23', '3040.0', '2950.0', '3050.0', '2950.0'),
    ('PTBA.JK', '2024-10-24', '2950.0', '2920.0', '2970.0', '2920.0'),
    ('PTBA.JK', '2024-10-25', '2920.0', '2880.0', '2940.0', '2870.0'),
    ('PTBA.JK', '2024-10-28', '2880.0', '2870.0', '2910.0', '2840.0'),
    ('PTBA.JK', '2024-10-29', '2850.0', '2850.0', '2870.0', '2830.0'),
    ('PTBA.JK', '2024-10-30', '2850.0', '2840.0', '2880.0', '2800.0'),
    ('PTBA.JK', '2024-10-31', '2850.0', '2960.0', '2960.0', '2840.0'),
    ('PTBA.JK', '2024-11-01', '2950.0', '2920.0', '2950.0', '2880.0'),
    ('PTBA.JK', '2024-11-04', '2920.0', '2870.0', '2920.0', '2850.0'),
    ('PTBA.JK', '2024-11-05', '2880.0', '2890.0', '2920.0', '2860.0'),
    ('PTBA.JK', '2024-11-06', '2900.0', '2860.0', '2900.0', '2840.0'),
    ('PTBA.JK', '2024-11-07', '2860.0', '2830.0', '2860.0', '2810.0'),
    ('PTBA.JK', '2024-11-08', '2830.0', '2800.0', '2840.0', '2800.0'),
    ('PTBA.JK', '2024-11-11', '2800.0', '2770.0', '2800.0', '2750.0'),
    ('PTBA.JK', '2024-11-12', '2780.0', '2870.0', '2890.0', '2780.0'),
    ('PTBA.JK', '2024-11-13', '2870.0', '2810.0', '2890.0', '2810.0'),
    ('PTBA.JK', '2024-11-14', '2810.0', '2770.0', '2810.0', '2770.0'),
    ('PTBA.JK', '2024-11-15', '2770.0', '2750.0', '2800.0', '2750.0'),
    ('PTBA.JK', '2024-11-18', '2750.0', '2720.0', '2770.0', '2700.0'),
    ('PTBA.JK', '2024-11-19', '2720.0', '2770.0', '2790.0', '2720.0'),
    ('PTBA.JK', '2024-11-20', '2770.0', '2740.0', '2780.0', '2720.0'),
    ('PTBA.JK', '2024-11-21', '2740.0', '2720.0', '2770.0', '2720.0'),
    ('PTBA.JK', '2024-11-22', '2750.0', '2770.0', '2780.0', '2740.0'),
    ('PTBA.JK', '2024-11-25', '2770.0', '2800.0', '2830.0', '2760.0'),
    ('PTBA.JK', '2024-11-26', '2830.0', '2760.0', '2830.0', '2760.0'),
    ('PTBA.JK', '2024-11-28', '2760.0', '2790.0', '2790.0', '2740.0'),
    ('PTBA.JK', '2024-11-29', '2790.0', '2700.0', '2790.0', '2700.0'),
    ('PTBA.JK', '2024-12-02', '2700.0', '2670.0', '2730.0', '2660.0'),
    ('PTBA.JK', '2024-12-03', '2670.0', '2700.0', '2710.0', '2670.0'),
    ('PTBA.JK', '2024-12-04', '2700.0', '2710.0', '2750.0', '2700.0'),
    ('PTBA.JK', '2024-12-05', '2730.0', '2740.0', '2770.0', '2700.0'),
    ('PTBA.JK', '2024-12-06', '2730.0', '2730.0', '2730.0', '2700.0'),
    ('PTBA.JK', '2024-12-09', '2730.0', '2750.0', '2760.0', '2730.0'),
    ('PTBA.JK', '2024-12-10', '2760.0', '2830.0', '2860.0', '2740.0'),
    ('PTBA.JK', '2024-12-11', '2830.0', '2800.0', '2860.0', '2790.0'),
    ('PTBA.JK', '2024-12-12', '2800.0', '2800.0', '2830.0', '2780.0'),
    ('PTBA.JK', '2024-12-13', '2800.0', '2780.0', '2810.0', '2770.0'),
    ('PTBA.JK', '2024-12-16', '2780.0', '2740.0', '2790.0', '2720.0'),
    ('PTBA.JK', '2024-12-17', '2740.0', '2670.0', '2740.0', '2670.0'),
    ('PTBA.JK', '2024-12-18', '2670.0', '2680.0', '2710.0', '2660.0'),
    ('PTBA.JK', '2024-12-19', '2680.0', '2580.0', '2680.0', '2570.0'),
    ('PTBA.JK', '2024-12-20', '2590.0', '2590.0', '2630.0', '2590.0'),
    ('PTBA.JK', '2024-12-23', '2600.0', '2590.0', '2620.0', '2590.0'),
    ('PTBA.JK', '2024-12-24', '2600.0', '2590.0', '2620.0', '2590.0'),
    ('PTBA.JK', '2024-12-27', '2600.0', '2620.0', '2640.0', '2600.0'),
    ('PTBA.JK', '2024-12-30', '2630.0', '2750.0', '2750.0', '2620.0'),
    ('PTBA.JK', '2025-01-02', '2750.0', '2680.0', '2760.0', '2670.0'),
    ('PTBA.JK', '2025-01-03', '2700.0', '2700.0', '2710.0', '2680.0'),
    ('PTBA.JK', '2025-01-06', '2700.0', '2650.0', '2710.0', '2650.0'),
    ('PTBA.JK', '2025-01-07', '2650.0', '2640.0', '2670.0', '2610.0'),
    ('PTBA.JK', '2025-01-08', '2610.0', '2640.0', '2680.0', '2610.0'),
    ('PTBA.JK', '2025-01-09', '2640.0', '2620.0', '2640.0', '2610.0'),
    ('PTBA.JK', '2025-01-10', '2610.0', '2690.0', '2720.0', '2610.0'),
    ('PTBA.JK', '2025-01-13', '2690.0', '2610.0', '2690.0', '2610.0'),
    ('PTBA.JK', '2025-01-14', '2610.0', '2620.0', '2660.0', '2600.0'),
    ('PTBA.JK', '2025-01-15', '2620.0', '2670.0', '2670.0', '2620.0'),
    ('PTBA.JK', '2025-01-16', '2670.0', '2690.0', '2710.0', '2670.0'),
    ('PTBA.JK', '2025-01-17', '2690.0', '2680.0', '2700.0', '2660.0'),
    ('PTBA.JK', '2025-01-20', '2670.0', '2660.0', '2700.0', '2660.0'),
    ('PTBA.JK', '2025-01-21', '2680.0', '2690.0', '2690.0', '2670.0'),
    ('PTBA.JK', '2025-01-22', '2690.0', '2710.0', '2740.0', '2690.0'),
    ('PTBA.JK', '2025-01-23', '2710.0', '2700.0', '2710.0', '2680.0'),
    ('PTBA.JK', '2025-01-24', '2700.0', '2700.0', '2720.0', '2680.0'),
    ('PTBA.JK', '2025-01-30', '2700.0', '2680.0', '2710.0', '2660.0'),
    ('PTBA.JK', '2025-01-31', '2660.0', '2690.0', '2700.0', '2630.0'),
    ('PTBA.JK', '2025-02-03', '2690.0', '2670.0', '2690.0', '2650.0'),
    ('PTBA.JK', '2025-02-04', '2680.0', '2690.0', '2750.0', '2670.0'),
    ('PTBA.JK', '2025-02-05', '2680.0', '2720.0', '2740.0', '2680.0'),
    ('PTBA.JK', '2025-02-06', '2720.0', '2650.0', '2730.0', '2650.0'),
    ('PTBA.JK', '2025-02-07', '2650.0', '2670.0', '2700.0', '2600.0'),
    ('PTBA.JK', '2025-02-10', '2670.0', '2620.0', '2670.0', '2620.0'),
    ('PTBA.JK', '2025-02-11', '2620.0', '2620.0', '2640.0', '2600.0'),
    ('PTBA.JK', '2025-02-12', '2620.0', '2640.0', '2640.0', '2590.0'),
    ('PTBA.JK', '2025-02-13', '2640.0', '2690.0', '2730.0', '2610.0'),
    ('PTBA.JK', '2025-02-14', '2680.0', '2710.0', '2740.0', '2660.0'),
    ('PTBA.JK', '2025-02-17', '2710.0', '2710.0', '2710.0', '2680.0'),
    ('PTBA.JK', '2025-02-18', '2710.0', '2690.0', '2720.0', '2680.0'),
    ('PTBA.JK', '2025-02-19', '2700.0', '2660.0', '2720.0', '2660.0'),
    ('PTBA.JK', '2025-02-20', '2670.0', '2670.0', '2700.0', '2630.0'),
    ('PTBA.JK', '2025-02-21', '2660.0', '2660.0', '2690.0', '2640.0'),
    ('PTBA.JK', '2025-02-24', '2650.0', '2640.0', '2700.0', '2630.0'),
    ('PTBA.JK', '2025-02-25', '2650.0', '2620.0', '2670.0', '2610.0'),
    ('PTBA.JK', '2025-02-26', '2620.0', '2610.0', '2640.0', '2600.0'),
    ('PTBA.JK', '2025-02-27', '2610.0', '2620.0', '2650.0', '2610.0'),
    ('PTBA.JK', '2025-02-28', '2600.0', '2590.0', '2610.0', '2480.0'),
    ('PTBA.JK', '2025-03-03', '2590.0', '2580.0', '2610.0', '2530.0'),
    ('PTBA.JK', '2025-03-04', '2580.0', '2510.0', '2580.0', '2470.0'),
    ('PTBA.JK', '2025-03-05', '2510.0', '2580.0', '2580.0', '2500.0'),
    ('PTBA.JK', '2025-03-06', '2580.0', '2580.0', '2600.0', '2560.0'),
    ('PTBA.JK', '2025-03-07', '2570.0', '2550.0', '2580.0', '2550.0'),
    ('PTBA.JK', '2025-03-10', '2550.0', '2510.0', '2570.0', '2510.0'),
    ('PTBA.JK', '2025-03-11', '2500.0', '2490.0', '2520.0', '2480.0'),
    ('PTBA.JK', '2025-03-12', '2490.0', '2480.0', '2520.0', '2480.0'),
    ('PTBA.JK', '2025-03-13', '2480.0', '2450.0', '2500.0', '2450.0'),
    ('PTBA.JK', '2025-03-14', '2460.0', '2450.0', '2480.0', '2450.0'),
    ('PTBA.JK', '2025-03-17', '2450.0', '2450.0', '2480.0', '2420.0'),
    ('PTBA.JK', '2025-03-18', '2450.0', '2420.0', '2460.0', '2350.0'),
    ('PTBA.JK', '2025-03-19', '2400.0', '2430.0', '2450.0', '2380.0'),
    ('PTBA.JK', '2025-03-20', '2440.0', '2410.0', '2470.0', '2410.0'),
    ('PTBA.JK', '2025-03-21', '2410.0', '2320.0', '2410.0', '2320.0'),
    ('PTBA.JK', '2025-03-24', '2320.0', '2300.0', '2350.0', '2250.0'),
    ('PTBA.JK', '2025-03-25', '2300.0', '2450.0', '2470.0', '2290.0'),
    ('PTBA.JK', '2025-03-26', '2460.0', '2510.0', '2540.0', '2460.0'),
    ('PTBA.JK', '2025-03-27', '2510.0', '2520.0', '2570.0', '2510.0'),
    ('PTBA.JK', '2025-04-08', '2320.0', '2420.0', '2450.0', '2300.0'),
    ('PTBA.JK', '2025-04-09', '2410.0', '2460.0', '2550.0', '2410.0'),
    ('PTBA.JK', '2025-04-10', '2550.0', '2680.0', '2680.0', '2530.0'),
    ('PTBA.JK', '2025-04-11', '2640.0', '2680.0', '2690.0', '2620.0'),
    ('PTBA.JK', '2025-04-14', '2680.0', '2740.0', '2740.0', '2670.0'),
    ('PTBA.JK', '2025-04-15', '2750.0', '2760.0', '2770.0', '2710.0'),
    ('PTBA.JK', '2025-04-16', '2750.0', '2710.0', '2760.0', '2710.0'),
    ('PTBA.JK', '2025-04-17', '2710.0', '2730.0', '2750.0', '2700.0'),
    ('PTBA.JK', '2025-04-21', '2730.0', '2730.0', '2740.0', '2700.0'),
    ('PTBA.JK', '2025-04-22', '2710.0', '2760.0', '2800.0', '2700.0'),
    ('PTBA.JK', '2025-04-23', '2780.0', '2780.0', '2820.0', '2760.0'),
    ('PTBA.JK', '2025-04-24', '2780.0', '2780.0', '2810.0', '2770.0'),
    ('PTBA.JK', '2025-04-25', '2780.0', '2780.0', '2820.0', '2770.0'),
    ('PTBA.JK', '2025-04-28', '2780.0', '2770.0', '2810.0', '2760.0'),
    ('PTBA.JK', '2025-04-29', '2770.0', '2790.0', '2840.0', '2770.0'),
    ('PTBA.JK', '2025-04-30', '2800.0', '2760.0', '2850.0', '2760.0'),
    ('PTBA.JK', '2025-05-02', '2700.0', '2740.0', '2750.0', '2640.0'),
    ('PTBA.JK', '2025-05-05', '2720.0', '2720.0', '2730.0', '2680.0'),
    ('PTBA.JK', '2025-05-06', '2720.0', '2710.0', '2730.0', '2710.0'),
    ('PTBA.JK', '2025-05-07', '2710.0', '2760.0', '2770.0', '2710.0'),
    ('PTBA.JK', '2025-05-08', '2770.0', '2720.0', '2780.0', '2710.0'),
    ('PTBA.JK', '2025-05-09', '2740.0', '2710.0', '2740.0', '2710.0'),
    ('PTBA.JK', '2025-05-14', '2720.0', '2790.0', '2790.0', '2720.0'),
    ('PTBA.JK', '2025-05-15', '2800.0', '2770.0', '2810.0', '2770.0'),
    ('PTBA.JK', '2025-05-16', '2790.0', '2860.0', '2880.0', '2770.0'),
    ('PTBA.JK', '2025-05-19', '2860.0', '2900.0', '2910.0', '2860.0'),
    ('PTBA.JK', '2025-05-20', '2920.0', '2820.0', '2930.0', '2800.0'),
    ('PTBA.JK', '2025-05-21', '2810.0', '2790.0', '2850.0', '2780.0'),
    ('PTBA.JK', '2025-05-22', '2790.0', '2820.0', '2830.0', '2790.0'),
    ('PTBA.JK', '2025-05-23', '2830.0', '2840.0', '2840.0', '2820.0'),
    ('SMGR.JK', '2024-05-27', '3910.0', '3760.0', '3990.0', '3760.0'),
    ('SMGR.JK', '2024-05-28', '3780.0', '3780.0', '3860.0', '3760.0'),
    ('SMGR.JK', '2024-05-29', '3780.0', '3760.0', '3790.0', '3710.0'),
    ('SMGR.JK', '2024-05-30', '3760.0', '3690.0', '3790.0', '3670.0'),
    ('SMGR.JK', '2024-05-31', '3630.0', '3490.0', '3650.0', '3490.0'),
    ('SMGR.JK', '2024-06-03', '3510.0', '3550.0', '3590.0', '3410.0'),
    ('SMGR.JK', '2024-06-04', '3560.0', '3830.0', '4060.0', '3530.0'),
    ('SMGR.JK', '2024-06-05', '3900.0', '3860.0', '3990.0', '3770.0'),
    ('SMGR.JK', '2024-06-06', '3890.0', '3950.0', '4040.0', '3880.0'),
    ('SMGR.JK', '2024-06-07', '4000.0', '4010.0', '4120.0', '3960.0'),
    ('SMGR.JK', '2024-06-10', '4050.0', '4100.0', '4150.0', '4020.0'),
    ('SMGR.JK', '2024-06-11', '4100.0', '3880.0', '4150.0', '3870.0'),
    ('SMGR.JK', '2024-06-12', '3890.0', '3610.0', '3900.0', '3570.0'),
    ('SMGR.JK', '2024-06-13', '3640.0', '3660.0', '3790.0', '3620.0'),
    ('SMGR.JK', '2024-06-14', '3670.0', '3440.0', '3700.0', '3420.0'),
    ('SMGR.JK', '2024-06-19', '3480.0', '3510.0', '3580.0', '3450.0'),
    ('SMGR.JK', '2024-06-20', '3550.0', '3500.0', '3630.0', '3500.0'),
    ('SMGR.JK', '2024-06-21', '3500.0', '3700.0', '3720.0', '3430.0'),
    ('SMGR.JK', '2024-06-24', '3720.0', '3690.0', '3780.0', '3680.0'),
    ('SMGR.JK', '2024-06-25', '3700.0', '3660.0', '3710.0', '3580.0'),
    ('SMGR.JK', '2024-06-26', '3660.0', '3630.0', '3730.0', '3620.0'),
    ('SMGR.JK', '2024-06-27', '3650.0', '3600.0', '3680.0', '3550.0'),
    ('SMGR.JK', '2024-06-28', '3600.0', '3730.0', '3780.0', '3600.0'),
    ('SMGR.JK', '2024-07-01', '3790.0', '3920.0', '3930.0', '3780.0'),
    ('SMGR.JK', '2024-07-02', '3950.0', '3960.0', '3990.0', '3850.0'),
    ('SMGR.JK', '2024-07-03', '3990.0', '4040.0', '4050.0', '3960.0'),
    ('SMGR.JK', '2024-07-04', '4050.0', '3940.0', '4100.0', '3930.0'),
    ('SMGR.JK', '2024-07-05', '3940.0', '3950.0', '4000.0', '3900.0'),
    ('SMGR.JK', '2024-07-08', '3950.0', '4200.0', '4220.0', '3950.0'),
    ('SMGR.JK', '2024-07-09', '4220.0', '4180.0', '4240.0', '4110.0'),
    ('SMGR.JK', '2024-07-10', '4180.0', '4050.0', '4450.0', '4050.0'),
    ('SMGR.JK', '2024-07-11', '4000.0', '4010.0', '4150.0', '3980.0'),
    ('SMGR.JK', '2024-07-12', '4040.0', '4090.0', '4120.0', '4030.0'),
    ('SMGR.JK', '2024-07-15', '4110.0', '4060.0', '4170.0', '4030.0'),
    ('SMGR.JK', '2024-07-16', '4090.0', '4060.0', '4120.0', '4050.0'),
    ('SMGR.JK', '2024-07-17', '4120.0', '4070.0', '4120.0', '4050.0'),
    ('SMGR.JK', '2024-07-18', '4070.0', '4080.0', '4160.0', '4070.0'),
    ('SMGR.JK', '2024-07-19', '4090.0', '4060.0', '4110.0', '4040.0'),
    ('SMGR.JK', '2024-07-22', '4090.0', '4120.0', '4160.0', '4060.0'),
    ('SMGR.JK', '2024-07-23', '4130.0', '4060.0', '4150.0', '4060.0'),
    ('SMGR.JK', '2024-07-24', '4080.0', '4060.0', '4100.0', '4040.0'),
    ('SMGR.JK', '2024-07-25', '4050.0', '3980.0', '4080.0', '3900.0'),
    ('SMGR.JK', '2024-07-26', '3990.0', '4010.0', '4070.0', '3980.0'),
    ('SMGR.JK', '2024-07-29', '4030.0', '3990.0', '4080.0', '3980.0'),
    ('SMGR.JK', '2024-07-30', '4000.0', '3900.0', '4020.0', '3900.0'),
    ('SMGR.JK', '2024-07-31', '3910.0', '3910.0', '3940.0', '3880.0'),
    ('SMGR.JK', '2024-08-01', '3780.0', '3850.0', '3880.0', '3730.0'),
    ('SMGR.JK', '2024-08-02', '3850.0', '3860.0', '3950.0', '3820.0'),
    ('SMGR.JK', '2024-08-05', '3860.0', '3780.0', '3860.0', '3750.0'),
    ('SMGR.JK', '2024-08-06', '3820.0', '3790.0', '3890.0', '3770.0'),
    ('SMGR.JK', '2024-08-07', '3800.0', '3780.0', '3850.0', '3780.0'),
    ('SMGR.JK', '2024-08-08', '3780.0', '3750.0', '3800.0', '3740.0'),
    ('SMGR.JK', '2024-08-09', '3770.0', '3770.0', '3840.0', '3770.0'),
    ('SMGR.JK', '2024-08-12', '3780.0', '3840.0', '3840.0', '3780.0'),
    ('SMGR.JK', '2024-08-13', '3850.0', '4000.0', '4030.0', '3830.0'),
    ('SMGR.JK', '2024-08-14', '4040.0', '4060.0', '4120.0', '4020.0'),
    ('SMGR.JK', '2024-08-15', '4070.0', '4010.0', '4100.0', '4000.0'),
    ('SMGR.JK', '2024-08-16', '4030.0', '4050.0', '4080.0', '4030.0'),
    ('SMGR.JK', '2024-08-19', '4060.0', '4130.0', '4210.0', '4060.0'),
    ('SMGR.JK', '2024-08-20', '4160.0', '4160.0', '4190.0', '4120.0'),
    ('SMGR.JK', '2024-08-21', '4180.0', '4070.0', '4190.0', '4070.0'),
    ('SMGR.JK', '2024-08-22', '4060.0', '4000.0', '4060.0', '3990.0'),
    ('SMGR.JK', '2024-08-23', '4020.0', '4040.0', '4080.0', '4020.0'),
    ('SMGR.JK', '2024-08-26', '4040.0', '4010.0', '4070.0', '4010.0'),
    ('SMGR.JK', '2024-08-27', '4010.0', '3970.0', '4030.0', '3950.0'),
    ('SMGR.JK', '2024-08-28', '3980.0', '4020.0', '4030.0', '3970.0'),
    ('SMGR.JK', '2024-08-29', '4050.0', '4020.0', '4130.0', '4020.0'),
    ('SMGR.JK', '2024-08-30', '4050.0', '4010.0', '4060.0', '4000.0'),
    ('SMGR.JK', '2024-09-02', '4030.0', '4090.0', '4130.0', '4020.0'),
    ('SMGR.JK', '2024-09-03', '4110.0', '4030.0', '4130.0', '4030.0'),
    ('SMGR.JK', '2024-09-04', '4020.0', '3980.0', '4040.0', '3980.0'),
    ('SMGR.JK', '2024-09-05', '3990.0', '4030.0', '4080.0', '3980.0'),
    ('SMGR.JK', '2024-09-06', '4030.0', '4020.0', '4090.0', '4020.0'),
    ('SMGR.JK', '2024-09-09', '4040.0', '4000.0', '4060.0', '3950.0'),
    ('SMGR.JK', '2024-09-10', '4030.0', '4000.0', '4030.0', '3990.0'),
    ('SMGR.JK', '2024-09-11', '4000.0', '3970.0', '4070.0', '3950.0'),
    ('SMGR.JK', '2024-09-12', '3970.0', '3960.0', '4000.0', '3960.0'),
    ('SMGR.JK', '2024-09-13', '3960.0', '3950.0', '3990.0', '3950.0'),
    ('SMGR.JK', '2024-09-17', '3950.0', '3960.0', '4000.0', '3950.0'),
    ('SMGR.JK', '2024-09-18', '3970.0', '3910.0', '3990.0', '3890.0'),
    ('SMGR.JK', '2024-09-19', '3920.0', '3890.0', '3930.0', '3880.0'),
    ('SMGR.JK', '2024-09-20', '3890.0', '3910.0', '3930.0', '3890.0'),
    ('SMGR.JK', '2024-09-23', '3910.0', '3830.0', '3930.0', '3820.0'),
    ('SMGR.JK', '2024-09-24', '3820.0', '3820.0', '3860.0', '3810.0'),
    ('SMGR.JK', '2024-09-25', '3830.0', '3870.0', '3870.0', '3810.0'),
    ('SMGR.JK', '2024-09-26', '3870.0', '3900.0', '3930.0', '3840.0'),
    ('SMGR.JK', '2024-09-27', '3920.0', '3850.0', '3930.0', '3850.0'),
    ('SMGR.JK', '2024-09-30', '3860.0', '3790.0', '3860.0', '3760.0'),
    ('SMGR.JK', '2024-10-01', '3770.0', '3880.0', '3900.0', '3770.0'),
    ('SMGR.JK', '2024-10-02', '3880.0', '3900.0', '3950.0', '3860.0'),
    ('SMGR.JK', '2024-10-03', '3910.0', '4040.0', '4060.0', '3910.0'),
    ('SMGR.JK', '2024-10-04', '4060.0', '4030.0', '4080.0', '4000.0'),
    ('SMGR.JK', '2024-10-07', '4040.0', '4030.0', '4050.0', '3990.0'),
    ('SMGR.JK', '2024-10-08', '4030.0', '4020.0', '4040.0', '3970.0'),
    ('SMGR.JK', '2024-10-09', '4030.0', '4010.0', '4100.0', '4010.0'),
    ('SMGR.JK', '2024-10-10', '4020.0', '4050.0', '4050.0', '3970.0'),
    ('SMGR.JK', '2024-10-11', '4050.0', '4310.0', '4310.0', '4010.0'),
    ('SMGR.JK', '2024-10-14', '4330.0', '4140.0', '4390.0', '4130.0'),
    ('SMGR.JK', '2024-10-15', '4160.0', '4220.0', '4260.0', '4150.0'),
    ('SMGR.JK', '2024-10-16', '4230.0', '4330.0', '4420.0', '4220.0'),
    ('SMGR.JK', '2024-10-17', '4370.0', '4570.0', '4600.0', '4370.0'),
    ('SMGR.JK', '2024-10-18', '4570.0', '4520.0', '4650.0', '4460.0'),
    ('SMGR.JK', '2024-10-21', '4530.0', '4410.0', '4570.0', '4410.0'),
    ('SMGR.JK', '2024-10-22', '4390.0', '4310.0', '4420.0', '4280.0'),
    ('SMGR.JK', '2024-10-23', '4310.0', '4280.0', '4360.0', '4240.0'),
    ('SMGR.JK', '2024-10-24', '4280.0', '4290.0', '4330.0', '4250.0'),
    ('SMGR.JK', '2024-10-25', '4290.0', '4390.0', '4400.0', '4270.0'),
    ('SMGR.JK', '2024-10-28', '4390.0', '4140.0', '4410.0', '4130.0'),
    ('SMGR.JK', '2024-10-29', '4140.0', '4110.0', '4170.0', '4060.0'),
    ('SMGR.JK', '2024-10-30', '4110.0', '3910.0', '4110.0', '3880.0'),
    ('SMGR.JK', '2024-10-31', '3910.0', '3950.0', '4030.0', '3850.0'),
    ('SMGR.JK', '2024-11-01', '3950.0', '3810.0', '3990.0', '3810.0'),
    ('SMGR.JK', '2024-11-04', '3810.0', '3610.0', '3830.0', '3610.0'),
    ('SMGR.JK', '2024-11-05', '3610.0', '3630.0', '3680.0', '3610.0'),
    ('SMGR.JK', '2024-11-06', '3630.0', '3650.0', '3730.0', '3630.0'),
    ('SMGR.JK', '2024-11-07', '3680.0', '3660.0', '3700.0', '3650.0'),
    ('SMGR.JK', '2024-11-08', '3670.0', '3630.0', '3690.0', '3630.0'),
    ('SMGR.JK', '2024-11-11', '3630.0', '3550.0', '3630.0', '3480.0'),
    ('SMGR.JK', '2024-11-12', '3550.0', '3600.0', '3670.0', '3510.0'),
    ('SMGR.JK', '2024-11-13', '3600.0', '3690.0', '3690.0', '3580.0'),
    ('SMGR.JK', '2024-11-14', '3700.0', '3630.0', '3700.0', '3630.0'),
    ('SMGR.JK', '2024-11-15', '3630.0', '3540.0', '3660.0', '3540.0'),
    ('SMGR.JK', '2024-11-18', '3550.0', '3550.0', '3570.0', '3480.0'),
    ('SMGR.JK', '2024-11-19', '3550.0', '3680.0', '3700.0', '3550.0'),
    ('SMGR.JK', '2024-11-20', '3690.0', '3620.0', '3760.0', '3620.0'),
    ('SMGR.JK', '2024-11-21', '3640.0', '3600.0', '3650.0', '3590.0'),
    ('SMGR.JK', '2024-11-22', '3600.0', '3590.0', '3670.0', '3590.0'),
    ('SMGR.JK', '2024-11-25', '3600.0', '3650.0', '3700.0', '3590.0'),
    ('SMGR.JK', '2024-11-26', '3670.0', '3600.0', '3720.0', '3600.0'),
    ('SMGR.JK', '2024-11-28', '3620.0', '3610.0', '3700.0', '3600.0'),
    ('SMGR.JK', '2024-11-29', '3630.0', '3500.0', '3640.0', '3490.0'),
    ('SMGR.JK', '2024-12-02', '3500.0', '3420.0', '3540.0', '3420.0'),
    ('SMGR.JK', '2024-12-03', '3420.0', '3290.0', '3470.0', '3280.0'),
    ('SMGR.JK', '2024-12-04', '3310.0', '3440.0', '3440.0', '3310.0'),
    ('SMGR.JK', '2024-12-05', '3430.0', '3370.0', '3430.0', '3360.0'),
    ('SMGR.JK', '2024-12-06', '3370.0', '3280.0', '3380.0', '3260.0'),
    ('SMGR.JK', '2024-12-09', '3290.0', '3310.0', '3330.0', '3270.0'),
    ('SMGR.JK', '2024-12-10', '3330.0', '3310.0', '3350.0', '3310.0'),
    ('SMGR.JK', '2024-12-11', '3310.0', '3440.0', '3450.0', '3310.0'),
    ('SMGR.JK', '2024-12-12', '3460.0', '3380.0', '3520.0', '3360.0'),
    ('SMGR.JK', '2024-12-13', '3370.0', '3400.0', '3440.0', '3370.0'),
    ('SMGR.JK', '2024-12-16', '3400.0', '3360.0', '3420.0', '3340.0'),
    ('SMGR.JK', '2024-12-17', '3360.0', '3290.0', '3390.0', '3280.0'),
    ('SMGR.JK', '2024-12-18', '3310.0', '3380.0', '3390.0', '3300.0'),
    ('SMGR.JK', '2024-12-19', '3350.0', '3280.0', '3350.0', '3260.0'),
    ('SMGR.JK', '2024-12-20', '3280.0', '3260.0', '3320.0', '3260.0'),
    ('SMGR.JK', '2024-12-23', '3300.0', '3350.0', '3360.0', '3220.0'),
    ('SMGR.JK', '2024-12-24', '3350.0', '3240.0', '3350.0', '3240.0'),
    ('SMGR.JK', '2024-12-27', '3250.0', '3300.0', '3330.0', '3250.0'),
    ('SMGR.JK', '2024-12-30', '3350.0', '3290.0', '3350.0', '3270.0'),
    ('SMGR.JK', '2025-01-02', '3320.0', '3280.0', '3320.0', '3260.0'),
    ('SMGR.JK', '2025-01-03', '3300.0', '3270.0', '3350.0', '3260.0'),
    ('SMGR.JK', '2025-01-06', '3280.0', '3220.0', '3290.0', '3220.0'),
    ('SMGR.JK', '2025-01-07', '3230.0', '3180.0', '3250.0', '3180.0'),
    ('SMGR.JK', '2025-01-08', '3190.0', '3050.0', '3210.0', '3040.0'),
    ('SMGR.JK', '2025-01-09', '3050.0', '2970.0', '3090.0', '2970.0'),
    ('SMGR.JK', '2025-01-10', '2970.0', '2980.0', '3060.0', '2970.0'),
    ('SMGR.JK', '2025-01-13', '2980.0', '2920.0', '2990.0', '2900.0'),
    ('SMGR.JK', '2025-01-14', '2920.0', '2780.0', '2970.0', '2730.0'),
    ('SMGR.JK', '2025-01-15', '2790.0', '2880.0', '2910.0', '2790.0'),
    ('SMGR.JK', '2025-01-16', '2900.0', '2850.0', '2940.0', '2850.0'),
    ('SMGR.JK', '2025-01-17', '2860.0', '2850.0', '2910.0', '2820.0'),
    ('SMGR.JK', '2025-01-20', '2850.0', '2940.0', '2990.0', '2850.0'),
    ('SMGR.JK', '2025-01-21', '2960.0', '3010.0', '3030.0', '2950.0'),
    ('SMGR.JK', '2025-01-22', '3040.0', '2950.0', '3060.0', '2940.0'),
    ('SMGR.JK', '2025-01-23', '2970.0', '2990.0', '3100.0', '2970.0'),
    ('SMGR.JK', '2025-01-24', '2990.0', '2940.0', '3020.0', '2930.0'),
    ('SMGR.JK', '2025-01-30', '2930.0', '2840.0', '2940.0', '2810.0'),
    ('SMGR.JK', '2025-01-31', '2850.0', '2810.0', '2920.0', '2810.0'),
    ('SMGR.JK', '2025-02-03', '2810.0', '2760.0', '2810.0', '2710.0'),
    ('SMGR.JK', '2025-02-04', '2790.0', '2880.0', '2880.0', '2720.0'),
    ('SMGR.JK', '2025-02-05', '2850.0', '2880.0', '2930.0', '2840.0'),
    ('SMGR.JK', '2025-02-06', '2880.0', '2770.0', '2890.0', '2740.0'),
    ('SMGR.JK', '2025-02-07', '2770.0', '2700.0', '2770.0', '2660.0'),
    ('SMGR.JK', '2025-02-10', '2710.0', '2650.0', '2730.0', '2610.0'),
    ('SMGR.JK', '2025-02-11', '2650.0', '2590.0', '2650.0', '2570.0'),
    ('SMGR.JK', '2025-02-12', '2590.0', '2550.0', '2630.0', '2520.0'),
    ('SMGR.JK', '2025-02-13', '2550.0', '2650.0', '2760.0', '2480.0'),
    ('SMGR.JK', '2025-02-14', '2650.0', '2790.0', '2790.0', '2620.0'),
    ('SMGR.JK', '2025-02-17', '2790.0', '2790.0', '2830.0', '2720.0'),
    ('SMGR.JK', '2025-02-18', '2800.0', '2800.0', '2850.0', '2780.0'),
    ('SMGR.JK', '2025-02-19', '2800.0', '2830.0', '2900.0', '2750.0'),
    ('SMGR.JK', '2025-02-20', '2830.0', '2780.0', '2850.0', '2700.0'),
    ('SMGR.JK', '2025-02-21', '2760.0', '2790.0', '2860.0', '2720.0'),
    ('SMGR.JK', '2025-02-24', '2760.0', '2780.0', '2860.0', '2710.0'),
    ('SMGR.JK', '2025-02-25', '2800.0', '2790.0', '2820.0', '2730.0'),
    ('SMGR.JK', '2025-02-26', '2780.0', '2680.0', '2790.0', '2600.0'),
    ('SMGR.JK', '2025-02-27', '2680.0', '2590.0', '2710.0', '2590.0'),
    ('SMGR.JK', '2025-02-28', '2590.0', '2330.0', '2600.0', '2310.0'),
    ('SMGR.JK', '2025-03-03', '2400.0', '2340.0', '2410.0', '2290.0'),
    ('SMGR.JK', '2025-03-04', '2340.0', '2210.0', '2370.0', '2210.0'),
    ('SMGR.JK', '2025-03-05', '2230.0', '2270.0', '2320.0', '2140.0'),
    ('SMGR.JK', '2025-03-06', '2270.0', '2330.0', '2380.0', '2250.0'),
    ('SMGR.JK', '2025-03-07', '2360.0', '2360.0', '2420.0', '2350.0'),
    ('SMGR.JK', '2025-03-10', '2350.0', '2440.0', '2480.0', '2340.0'),
    ('SMGR.JK', '2025-03-11', '2380.0', '2330.0', '2400.0', '2300.0'),
    ('SMGR.JK', '2025-03-12', '2320.0', '2340.0', '2370.0', '2310.0'),
    ('SMGR.JK', '2025-03-13', '2350.0', '2330.0', '2380.0', '2270.0'),
    ('SMGR.JK', '2025-03-14', '2310.0', '2260.0', '2310.0', '2220.0'),
    ('SMGR.JK', '2025-03-17', '2260.0', '2260.0', '2280.0', '2210.0'),
    ('SMGR.JK', '2025-03-18', '2280.0', '2210.0', '2360.0', '2100.0'),
    ('SMGR.JK', '2025-03-19', '2210.0', '2230.0', '2280.0', '2200.0'),
    ('SMGR.JK', '2025-03-20', '2250.0', '2250.0', '2270.0', '2200.0'),
    ('SMGR.JK', '2025-03-21', '2250.0', '2120.0', '2260.0', '2120.0'),
    ('SMGR.JK', '2025-03-24', '2150.0', '2220.0', '2240.0', '2140.0'),
    ('SMGR.JK', '2025-03-25', '2240.0', '2510.0', '2550.0', '2240.0'),
    ('SMGR.JK', '2025-03-26', '2530.0', '2750.0', '2790.0', '2510.0'),
    ('SMGR.JK', '2025-03-27', '2750.0', '2650.0', '2790.0', '2620.0'),
    ('SMGR.JK', '2025-04-08', '2310.0', '2260.0', '2310.0', '2260.0'),
    ('SMGR.JK', '2025-04-09', '2200.0', '2090.0', '2210.0', '2070.0'),
    ('SMGR.JK', '2025-04-10', '2210.0', '2160.0', '2290.0', '2140.0'),
    ('SMGR.JK', '2025-04-11', '2140.0', '2140.0', '2190.0', '2110.0'),
    ('SMGR.JK', '2025-04-14', '2160.0', '2460.0', '2460.0', '2150.0'),
    ('SMGR.JK', '2025-04-15', '2490.0', '2500.0', '2590.0', '2490.0'),
    ('SMGR.JK', '2025-04-16', '2550.0', '2450.0', '2550.0', '2450.0'),
    ('SMGR.JK', '2025-04-17', '2450.0', '2450.0', '2520.0', '2430.0'),
    ('SMGR.JK', '2025-04-21', '2470.0', '2370.0', '2480.0', '2340.0'),
    ('SMGR.JK', '2025-04-22', '2380.0', '2540.0', '2550.0', '2380.0'),
    ('SMGR.JK', '2025-04-23', '2580.0', '2550.0', '2590.0', '2530.0'),
    ('SMGR.JK', '2025-04-24', '2550.0', '2530.0', '2670.0', '2500.0'),
    ('SMGR.JK', '2025-04-25', '2550.0', '2600.0', '2610.0', '2520.0'),
    ('SMGR.JK', '2025-04-28', '2620.0', '2570.0', '2650.0', '2570.0'),
    ('SMGR.JK', '2025-04-29', '2580.0', '2560.0', '2700.0', '2540.0'),
    ('SMGR.JK', '2025-04-30', '2570.0', '2610.0', '2700.0', '2540.0'),
    ('SMGR.JK', '2025-05-02', '2570.0', '2540.0', '2620.0', '2520.0'),
    ('SMGR.JK', '2025-05-05', '2550.0', '2550.0', '2610.0', '2480.0'),
    ('SMGR.JK', '2025-05-06', '2550.0', '2550.0', '2610.0', '2500.0'),
    ('SMGR.JK', '2025-05-07', '2570.0', '2510.0', '2630.0', '2510.0'),
    ('SMGR.JK', '2025-05-08', '2520.0', '2490.0', '2630.0', '2480.0'),
    ('SMGR.JK', '2025-05-09', '2500.0', '2410.0', '2510.0', '2400.0'),
    ('SMGR.JK', '2025-05-14', '2450.0', '2520.0', '2530.0', '2450.0'),
    ('SMGR.JK', '2025-05-15', '2540.0', '2520.0', '2580.0', '2500.0'),
    ('SMGR.JK', '2025-05-16', '2560.0', '2570.0', '2570.0', '2520.0'),
    ('SMGR.JK', '2025-05-19', '2590.0', '2710.0', '2750.0', '2590.0'),
    ('SMGR.JK', '2025-05-20', '2730.0', '2530.0', '2740.0', '2500.0'),
    ('SMGR.JK', '2025-05-21', '2550.0', '2570.0', '2590.0', '2460.0'),
    ('SMGR.JK', '2025-05-22', '2570.0', '2670.0', '2680.0', '2550.0'),
    ('SMGR.JK', '2025-05-23', '2730.0', '2720.0', '2740.0', '2710.0'),
    ('TINS.JK', '2024-05-27', '935.0', '890.0', '940.0', '890.0'),
    ('TINS.JK', '2024-05-28', '900.0', '925.0', '940.0', '890.0'),
    ('TINS.JK', '2024-05-29', '930.0', '915.0', '955.0', '910.0'),
    ('TINS.JK', '2024-05-30', '925.0', '910.0', '925.0', '895.0'),
    ('TINS.JK', '2024-05-31', '910.0', '895.0', '925.0', '895.0'),
    ('TINS.JK', '2024-06-03', '900.0', '860.0', '905.0', '855.0'),
    ('TINS.JK', '2024-06-04', '865.0', '845.0', '875.0', '835.0'),
    ('TINS.JK', '2024-06-05', '845.0', '810.0', '845.0', '805.0'),
    ('TINS.JK', '2024-06-06', '815.0', '810.0', '835.0', '810.0'),
    ('TINS.JK', '2024-06-07', '820.0', '855.0', '880.0', '815.0'),
    ('TINS.JK', '2024-06-10', '855.0', '845.0', '870.0', '830.0'),
    ('TINS.JK', '2024-06-11', '855.0', '840.0', '865.0', '840.0'),
    ('TINS.JK', '2024-06-12', '845.0', '835.0', '865.0', '830.0'),
    ('TINS.JK', '2024-06-13', '860.0', '835.0', '880.0', '830.0'),
    ('TINS.JK', '2024-06-14', '835.0', '815.0', '850.0', '810.0'),
    ('TINS.JK', '2024-06-19', '815.0', '780.0', '815.0', '780.0'),
    ('TINS.JK', '2024-06-20', '785.0', '795.0', '810.0', '785.0'),
    ('TINS.JK', '2024-06-21', '800.0', '810.0', '835.0', '800.0'),
    ('TINS.JK', '2024-06-24', '810.0', '835.0', '845.0', '805.0'),
    ('TINS.JK', '2024-06-25', '840.0', '840.0', '845.0', '815.0'),
    ('TINS.JK', '2024-06-26', '840.0', '870.0', '875.0', '825.0'),
    ('TINS.JK', '2024-06-27', '875.0', '880.0', '885.0', '855.0'),
    ('TINS.JK', '2024-06-28', '890.0', '875.0', '890.0', '870.0'),
    ('TINS.JK', '2024-07-01', '880.0', '925.0', '940.0', '880.0'),
    ('TINS.JK', '2024-07-02', '930.0', '935.0', '945.0', '915.0'),
    ('TINS.JK', '2024-07-03', '940.0', '945.0', '955.0', '925.0'),
    ('TINS.JK', '2024-07-04', '945.0', '960.0', '980.0', '945.0'),
    ('TINS.JK', '2024-07-05', '965.0', '1000.0', '1005.0', '945.0'),
    ('TINS.JK', '2024-07-08', '1000.0', '1000.0', '1035.0', '995.0'),
    ('TINS.JK', '2024-07-09', '1000.0', '980.0', '1015.0', '975.0'),
    ('TINS.JK', '2024-07-10', '985.0', '970.0', '1000.0', '970.0'),
    ('TINS.JK', '2024-07-11', '985.0', '1010.0', '1020.0', '980.0'),
    ('TINS.JK', '2024-07-12', '1000.0', '995.0', '1010.0', '990.0'),
    ('TINS.JK', '2024-07-15', '995.0', '975.0', '1000.0', '965.0'),
    ('TINS.JK', '2024-07-16', '975.0', '1010.0', '1020.0', '970.0'),
    ('TINS.JK', '2024-07-17', '1010.0', '1075.0', '1090.0', '1000.0'),
    ('TINS.JK', '2024-07-18', '1075.0', '1035.0', '1080.0', '1030.0'),
    ('TINS.JK', '2024-07-19', '1035.0', '1005.0', '1045.0', '1000.0'),
    ('TINS.JK', '2024-07-22', '1005.0', '995.0', '1005.0', '970.0'),
    ('TINS.JK', '2024-07-23', '995.0', '1000.0', '1025.0', '985.0'),
    ('TINS.JK', '2024-07-24', '1000.0', '970.0', '1005.0', '970.0'),
    ('TINS.JK', '2024-07-25', '975.0', '930.0', '975.0', '915.0'),
    ('TINS.JK', '2024-07-26', '940.0', '950.0', '965.0', '925.0'),
    ('TINS.JK', '2024-07-29', '950.0', '960.0', '975.0', '950.0'),
    ('TINS.JK', '2024-07-30', '965.0', '960.0', '965.0', '950.0'),
    ('TINS.JK', '2024-07-31', '960.0', '945.0', '985.0', '935.0'),
    ('TINS.JK', '2024-08-01', '990.0', '975.0', '1030.0', '965.0'),
    ('TINS.JK', '2024-08-02', '975.0', '980.0', '980.0', '960.0'),
    ('TINS.JK', '2024-08-05', '975.0', '900.0', '1005.0', '890.0'),
    ('TINS.JK', '2024-08-06', '905.0', '915.0', '935.0', '900.0'),
    ('TINS.JK', '2024-08-07', '915.0', '920.0', '930.0', '915.0'),
    ('TINS.JK', '2024-08-08', '935.0', '925.0', '955.0', '920.0'),
    ('TINS.JK', '2024-08-09', '940.0', '955.0', '970.0', '935.0'),
    ('TINS.JK', '2024-08-12', '970.0', '1010.0', '1010.0', '955.0'),
    ('TINS.JK', '2024-08-13', '1010.0', '995.0', '1020.0', '985.0'),
    ('TINS.JK', '2024-08-14', '995.0', '995.0', '1005.0', '985.0'),
    ('TINS.JK', '2024-08-15', '1000.0', '1025.0', '1025.0', '990.0'),
    ('TINS.JK', '2024-08-16', '1030.0', '1030.0', '1060.0', '1025.0'),
    ('TINS.JK', '2024-08-19', '1030.0', '1035.0', '1045.0', '1020.0'),
    ('TINS.JK', '2024-08-20', '1040.0', '1035.0', '1055.0', '1030.0'),
    ('TINS.JK', '2024-08-21', '1035.0', '1025.0', '1060.0', '1020.0'),
    ('TINS.JK', '2024-08-22', '1025.0', '1015.0', '1030.0', '1010.0'),
    ('TINS.JK', '2024-08-23', '1015.0', '1030.0', '1040.0', '1015.0'),
    ('TINS.JK', '2024-08-26', '1035.0', '1060.0', '1110.0', '1035.0'),
    ('TINS.JK', '2024-08-27', '1075.0', '1040.0', '1080.0', '1040.0'),
    ('TINS.JK', '2024-08-28', '1050.0', '1030.0', '1055.0', '1025.0'),
    ('TINS.JK', '2024-08-29', '1035.0', '995.0', '1040.0', '995.0'),
    ('TINS.JK', '2024-08-30', '1000.0', '1000.0', '1015.0', '990.0'),
    ('TINS.JK', '2024-09-02', '1000.0', '1000.0', '1015.0', '970.0'),
    ('TINS.JK', '2024-09-03', '1010.0', '1005.0', '1035.0', '995.0'),
    ('TINS.JK', '2024-09-04', '1005.0', '985.0', '1020.0', '985.0'),
    ('TINS.JK', '2024-09-05', '995.0', '995.0', '1000.0', '985.0'),
    ('TINS.JK', '2024-09-06', '995.0', '1000.0', '1005.0', '990.0'),
    ('TINS.JK', '2024-09-09', '1000.0', '970.0', '1010.0', '970.0'),
    ('TINS.JK', '2024-09-10', '970.0', '975.0', '990.0', '970.0'),
    ('TINS.JK', '2024-09-11', '980.0', '985.0', '985.0', '970.0'),
    ('TINS.JK', '2024-09-12', '985.0', '1010.0', '1020.0', '980.0'),
    ('TINS.JK', '2024-09-13', '1020.0', '1005.0', '1035.0', '1000.0'),
    ('TINS.JK', '2024-09-17', '1020.0', '1030.0', '1040.0', '1005.0'),
    ('TINS.JK', '2024-09-18', '1030.0', '1015.0', '1040.0', '1015.0'),
    ('TINS.JK', '2024-09-19', '1015.0', '1030.0', '1035.0', '1015.0'),
    ('TINS.JK', '2024-09-20', '1035.0', '1010.0', '1035.0', '1005.0'),
    ('TINS.JK', '2024-09-23', '1015.0', '1045.0', '1055.0', '1015.0'),
    ('TINS.JK', '2024-09-24', '1050.0', '1070.0', '1075.0', '1040.0'),
    ('TINS.JK', '2024-09-25', '1075.0', '1130.0', '1145.0', '1075.0'),
    ('TINS.JK', '2024-09-26', '1140.0', '1150.0', '1170.0', '1115.0'),
    ('TINS.JK', '2024-09-27', '1160.0', '1150.0', '1185.0', '1135.0'),
    ('TINS.JK', '2024-09-30', '1150.0', '1155.0', '1170.0', '1125.0'),
    ('TINS.JK', '2024-10-01', '1185.0', '1180.0', '1195.0', '1150.0'),
    ('TINS.JK', '2024-10-02', '1130.0', '1180.0', '1215.0', '1110.0'),
    ('TINS.JK', '2024-10-03', '1195.0', '1170.0', '1220.0', '1165.0'),
    ('TINS.JK', '2024-10-04', '1170.0', '1190.0', '1220.0', '1155.0'),
    ('TINS.JK', '2024-10-07', '1200.0', '1250.0', '1265.0', '1190.0'),
    ('TINS.JK', '2024-10-08', '1255.0', '1230.0', '1285.0', '1190.0'),
    ('TINS.JK', '2024-10-09', '1230.0', '1250.0', '1260.0', '1220.0'),
    ('TINS.JK', '2024-10-10', '1265.0', '1255.0', '1285.0', '1235.0'),
    ('TINS.JK', '2024-10-11', '1255.0', '1315.0', '1320.0', '1255.0'),
    ('TINS.JK', '2024-10-14', '1335.0', '1430.0', '1440.0', '1310.0'),
    ('TINS.JK', '2024-10-15', '1435.0', '1380.0', '1465.0', '1370.0'),
    ('TINS.JK', '2024-10-16', '1400.0', '1375.0', '1410.0', '1350.0'),
    ('TINS.JK', '2024-10-17', '1395.0', '1365.0', '1395.0', '1355.0'),
    ('TINS.JK', '2024-10-18', '1390.0', '1335.0', '1390.0', '1325.0'),
    ('TINS.JK', '2024-10-21', '1355.0', '1360.0', '1400.0', '1335.0'),
    ('TINS.JK', '2024-10-22', '1365.0', '1390.0', '1415.0', '1345.0'),
    ('TINS.JK', '2024-10-23', '1390.0', '1340.0', '1410.0', '1325.0'),
    ('TINS.JK', '2024-10-24', '1340.0', '1335.0', '1355.0', '1310.0'),
    ('TINS.JK', '2024-10-25', '1335.0', '1285.0', '1360.0', '1285.0'),
    ('TINS.JK', '2024-10-28', '1285.0', '1330.0', '1345.0', '1280.0'),
    ('TINS.JK', '2024-10-29', '1330.0', '1305.0', '1345.0', '1295.0'),
    ('TINS.JK', '2024-10-30', '1305.0', '1330.0', '1335.0', '1290.0'),
    ('TINS.JK', '2024-10-31', '1320.0', '1305.0', '1335.0', '1280.0'),
    ('TINS.JK', '2024-11-01', '1305.0', '1265.0', '1305.0', '1260.0'),
    ('TINS.JK', '2024-11-04', '1300.0', '1365.0', '1375.0', '1295.0'),
    ('TINS.JK', '2024-11-05', '1395.0', '1520.0', '1520.0', '1365.0'),
    ('TINS.JK', '2024-11-06', '1525.0', '1440.0', '1575.0', '1420.0'),
    ('TINS.JK', '2024-11-07', '1430.0', '1450.0', '1510.0', '1400.0'),
    ('TINS.JK', '2024-11-08', '1530.0', '1480.0', '1530.0', '1445.0'),
    ('TINS.JK', '2024-11-11', '1480.0', '1420.0', '1480.0', '1405.0'),
    ('TINS.JK', '2024-11-12', '1415.0', '1345.0', '1445.0', '1320.0'),
    ('TINS.JK', '2024-11-13', '1345.0', '1370.0', '1380.0', '1310.0'),
    ('TINS.JK', '2024-11-14', '1375.0', '1330.0', '1375.0', '1320.0'),
    ('TINS.JK', '2024-11-15', '1330.0', '1310.0', '1340.0', '1280.0'),
    ('TINS.JK', '2024-11-18', '1320.0', '1300.0', '1330.0', '1280.0'),
    ('TINS.JK', '2024-11-19', '1310.0', '1345.0', '1360.0', '1300.0'),
    ('TINS.JK', '2024-11-20', '1365.0', '1325.0', '1365.0', '1315.0'),
    ('TINS.JK', '2024-11-21', '1330.0', '1295.0', '1330.0', '1290.0'),
    ('TINS.JK', '2024-11-22', '1295.0', '1205.0', '1300.0', '1205.0'),
    ('TINS.JK', '2024-11-25', '1215.0', '1215.0', '1230.0', '1200.0'),
    ('TINS.JK', '2024-11-26', '1215.0', '1165.0', '1225.0', '1160.0'),
    ('TINS.JK', '2024-11-28', '1200.0', '1120.0', '1200.0', '1115.0'),
    ('TINS.JK', '2024-11-29', '1120.0', '1125.0', '1140.0', '1105.0'),
    ('TINS.JK', '2024-12-02', '1130.0', '1045.0', '1140.0', '1040.0'),
    ('TINS.JK', '2024-12-03', '1050.0', '1075.0', '1095.0', '1050.0'),
    ('TINS.JK', '2024-12-04', '1075.0', '1180.0', '1195.0', '1065.0'),
    ('TINS.JK', '2024-12-05', '1200.0', '1145.0', '1200.0', '1130.0'),
    ('TINS.JK', '2024-12-06', '1140.0', '1165.0', '1175.0', '1140.0'),
    ('TINS.JK', '2024-12-09', '1170.0', '1160.0', '1190.0', '1155.0'),
    ('TINS.JK', '2024-12-10', '1175.0', '1205.0', '1230.0', '1175.0'),
    ('TINS.JK', '2024-12-11', '1220.0', '1210.0', '1235.0', '1205.0'),
    ('TINS.JK', '2024-12-12', '1220.0', '1205.0', '1220.0', '1180.0'),
    ('TINS.JK', '2024-12-13', '1200.0', '1180.0', '1200.0', '1170.0'),
    ('TINS.JK', '2024-12-16', '1175.0', '1115.0', '1175.0', '1115.0'),
    ('TINS.JK', '2024-12-17', '1120.0', '1080.0', '1150.0', '1075.0'),
    ('TINS.JK', '2024-12-18', '1085.0', '1115.0', '1130.0', '1055.0'),
    ('TINS.JK', '2024-12-19', '1110.0', '1055.0', '1110.0', '1050.0'),
    ('TINS.JK', '2024-12-20', '1060.0', '1020.0', '1075.0', '1010.0'),
    ('TINS.JK', '2024-12-23', '1040.0', '1005.0', '1045.0', '995.0'),
    ('TINS.JK', '2024-12-24', '1010.0', '1060.0', '1090.0', '1005.0'),
    ('TINS.JK', '2024-12-27', '1065.0', '1030.0', '1100.0', '1020.0'),
    ('TINS.JK', '2024-12-30', '1040.0', '1070.0', '1090.0', '1020.0'),
    ('TINS.JK', '2025-01-02', '1075.0', '1085.0', '1100.0', '1060.0'),
    ('TINS.JK', '2025-01-03', '1075.0', '1055.0', '1095.0', '1050.0'),
    ('TINS.JK', '2025-01-06', '1065.0', '1025.0', '1075.0', '1025.0'),
    ('TINS.JK', '2025-01-07', '1025.0', '1010.0', '1050.0', '1000.0'),
    ('TINS.JK', '2025-01-08', '1015.0', '1005.0', '1025.0', '990.0'),
    ('TINS.JK', '2025-01-09', '1015.0', '995.0', '1030.0', '995.0'),
    ('TINS.JK', '2025-01-10', '1000.0', '1030.0', '1035.0', '995.0'),
    ('TINS.JK', '2025-01-13', '1030.0', '1070.0', '1090.0', '1010.0'),
    ('TINS.JK', '2025-01-14', '1085.0', '1120.0', '1125.0', '1055.0'),
    ('TINS.JK', '2025-01-15', '1120.0', '1080.0', '1125.0', '1075.0'),
    ('TINS.JK', '2025-01-16', '1100.0', '1070.0', '1105.0', '1070.0'),
    ('TINS.JK', '2025-01-17', '1070.0', '1075.0', '1085.0', '1045.0'),
    ('TINS.JK', '2025-01-20', '1085.0', '1075.0', '1110.0', '1070.0'),
    ('TINS.JK', '2025-01-21', '1090.0', '1070.0', '1105.0', '1070.0'),
    ('TINS.JK', '2025-01-22', '1075.0', '1075.0', '1105.0', '1075.0'),
    ('TINS.JK', '2025-01-23', '1075.0', '1050.0', '1090.0', '1040.0'),
    ('TINS.JK', '2025-01-24', '1055.0', '1055.0', '1065.0', '1040.0'),
    ('TINS.JK', '2025-01-30', '1055.0', '1015.0', '1055.0', '1005.0'),
    ('TINS.JK', '2025-01-31', '1020.0', '1005.0', '1035.0', '1000.0'),
    ('TINS.JK', '2025-02-03', '1010.0', '955.0', '1015.0', '950.0'),
    ('TINS.JK', '2025-02-04', '975.0', '960.0', '980.0', '955.0'),
    ('TINS.JK', '2025-02-05', '970.0', '975.0', '990.0', '955.0'),
    ('TINS.JK', '2025-02-06', '990.0', '980.0', '1010.0', '960.0'),
    ('TINS.JK', '2025-02-07', '990.0', '985.0', '1000.0', '960.0'),
    ('TINS.JK', '2025-02-10', '1000.0', '975.0', '1000.0', '970.0'),
    ('TINS.JK', '2025-02-11', '980.0', '930.0', '990.0', '930.0'),
    ('TINS.JK', '2025-02-12', '930.0', '960.0', '975.0', '930.0'),
    ('TINS.JK', '2025-02-13', '965.0', '990.0', '990.0', '960.0'),
    ('TINS.JK', '2025-02-14', '1000.0', '1015.0', '1040.0', '995.0'),
    ('TINS.JK', '2025-02-17', '1035.0', '1045.0', '1065.0', '1035.0'),
    ('TINS.JK', '2025-02-18', '1055.0', '1040.0', '1060.0', '1035.0'),
    ('TINS.JK', '2025-02-19', '1050.0', '1020.0', '1060.0', '1020.0'),
    ('TINS.JK', '2025-02-20', '1025.0', '1040.0', '1055.0', '1015.0'),
    ('TINS.JK', '2025-02-21', '1060.0', '1030.0', '1070.0', '1025.0'),
    ('TINS.JK', '2025-02-24', '1040.0', '1045.0', '1060.0', '1040.0'),
    ('TINS.JK', '2025-02-25', '1045.0', '990.0', '1045.0', '990.0'),
    ('TINS.JK', '2025-02-26', '990.0', '1000.0', '1005.0', '970.0'),
    ('TINS.JK', '2025-02-27', '1005.0', '960.0', '1005.0', '955.0'),
    ('TINS.JK', '2025-02-28', '955.0', '880.0', '955.0', '880.0'),
    ('TINS.JK', '2025-03-03', '890.0', '965.0', '980.0', '885.0'),
    ('TINS.JK', '2025-03-04', '965.0', '905.0', '970.0', '895.0'),
    ('TINS.JK', '2025-03-05', '915.0', '955.0', '965.0', '915.0'),
    ('TINS.JK', '2025-03-06', '965.0', '965.0', '985.0', '960.0'),
    ('TINS.JK', '2025-03-07', '985.0', '1015.0', '1035.0', '975.0'),
    ('TINS.JK', '2025-03-10', '1025.0', '985.0', '1030.0', '985.0'),
    ('TINS.JK', '2025-03-11', '975.0', '980.0', '990.0', '955.0'),
    ('TINS.JK', '2025-03-12', '985.0', '975.0', '1000.0', '975.0'),
    ('TINS.JK', '2025-03-13', '980.0', '970.0', '985.0', '960.0'),
    ('TINS.JK', '2025-03-14', '1020.0', '1030.0', '1060.0', '1020.0'),
    ('TINS.JK', '2025-03-17', '1035.0', '1010.0', '1035.0', '1000.0'),
    ('TINS.JK', '2025-03-18', '1015.0', '975.0', '1020.0', '920.0'),
    ('TINS.JK', '2025-03-19', '975.0', '965.0', '980.0', '955.0'),
    ('TINS.JK', '2025-03-20', '970.0', '940.0', '975.0', '935.0'),
    ('TINS.JK', '2025-03-21', '950.0', '905.0', '950.0', '895.0'),
    ('TINS.JK', '2025-03-24', '905.0', '885.0', '910.0', '850.0'),
    ('TINS.JK', '2025-03-25', '895.0', '890.0', '905.0', '855.0'),
    ('TINS.JK', '2025-03-26', '905.0', '965.0', '965.0', '900.0'),
    ('TINS.JK', '2025-03-27', '965.0', '960.0', '970.0', '935.0'),
    ('TINS.JK', '2025-04-08', '850.0', '840.0', '875.0', '825.0'),
    ('TINS.JK', '2025-04-09', '835.0', '915.0', '925.0', '835.0'),
    ('TINS.JK', '2025-04-10', '955.0', '930.0', '980.0', '930.0'),
    ('TINS.JK', '2025-04-11', '930.0', '960.0', '990.0', '925.0'),
    ('TINS.JK', '2025-04-14', '970.0', '1020.0', '1025.0', '970.0'),
    ('TINS.JK', '2025-04-15', '1030.0', '1015.0', '1060.0', '1015.0'),
    ('TINS.JK', '2025-04-16', '1015.0', '1015.0', '1040.0', '1005.0'),
    ('TINS.JK', '2025-04-17', '1020.0', '1010.0', '1035.0', '1010.0'),
    ('TINS.JK', '2025-04-21', '1025.0', '1030.0', '1045.0', '1020.0'),
    ('TINS.JK', '2025-04-22', '1045.0', '1070.0', '1080.0', '1030.0'),
    ('TINS.JK', '2025-04-23', '1090.0', '1035.0', '1095.0', '1025.0'),
    ('TINS.JK', '2025-04-24', '1045.0', '1065.0', '1075.0', '1040.0'),
    ('TINS.JK', '2025-04-25', '1080.0', '1135.0', '1170.0', '1060.0'),
    ('TINS.JK', '2025-04-28', '1155.0', '1175.0', '1180.0', '1135.0'),
    ('TINS.JK', '2025-04-29', '1180.0', '1165.0', '1185.0', '1155.0'),
    ('TINS.JK', '2025-04-30', '1170.0', '1190.0', '1215.0', '1145.0'),
    ('TINS.JK', '2025-05-02', '1195.0', '1105.0', '1200.0', '1100.0'),
    ('TINS.JK', '2025-05-05', '1100.0', '1110.0', '1120.0', '1080.0'),
    ('TINS.JK', '2025-05-06', '1120.0', '1195.0', '1205.0', '1115.0'),
    ('TINS.JK', '2025-05-07', '1195.0', '1215.0', '1250.0', '1180.0'),
    ('TINS.JK', '2025-05-08', '1230.0', '1140.0', '1245.0', '1135.0'),
    ('TINS.JK', '2025-05-09', '1150.0', '1120.0', '1160.0', '1120.0'),
    ('TINS.JK', '2025-05-14', '1135.0', '1135.0', '1155.0', '1110.0'),
    ('TINS.JK', '2025-05-15', '1150.0', '1120.0', '1165.0', '1120.0'),
    ('TINS.JK', '2025-05-16', '1130.0', '1175.0', '1205.0', '1125.0'),
    ('TINS.JK', '2025-05-19', '1190.0', '1185.0', '1195.0', '1165.0'),
    ('TINS.JK', '2025-05-20', '1185.0', '1145.0', '1190.0', '1140.0'),
    ('TINS.JK', '2025-05-21', '1150.0', '1155.0', '1175.0', '1150.0'),
    ('TINS.JK', '2025-05-22', '1155.0', '1190.0', '1225.0', '1155.0'),
    ('TINS.JK', '2025-05-23', '1170.0', '1175.0', '1185.0', '1165.0');
CREATE TABLE stock_ipo (
    ticker VARCHAR(100),
    harga_penawaran INT,
    status_ipo ENUM('open', 'closed'),
    tanggal_ipo DATE,
    PRIMARY KEY (ticker)
,
    FOREIGN KEY (ticker) REFERENCES stocks(ticker) ON DELETE CASCADE ON UPDATE CASCADE  
);
INSERT INTO stock_ipo (ticker, harga_penawaran, status_ipo, tanggal_ipo) VALUES
    ('ELIT.JK', '3430', 'open', '2025-02-25'),
    ('BAYU.JK', '5066', 'closed', '2024-10-25'),
    ('BINA.JK', '9412', 'open', '2025-02-11'),
    ('BOLT.JK', '5896', 'closed', '2025-04-08'),
    ('WIFI.JK', '3848', 'open', '2024-10-29'),
    ('DATA.JK', '8408', 'open', '2024-06-30'),
    ('VKTR.JK', '8570', 'open', '2025-04-02'),
    ('FORE.JK', '3290', 'open', '2024-05-29'),
    ('ISAT.JK', '2010', 'open', '2024-07-14'),
    ('EXCL.JK', '4246', 'closed', '2024-10-16');
CREATE TABLE comments (
    comment_id INT,
    nik VARCHAR(100),
    isi TEXT,
    timestamp DATETIME,
    PRIMARY KEY (comment_id)
,
    FOREIGN KEY (nik) REFERENCES users(nik) ON DELETE CASCADE ON UPDATE CASCADE  
);
INSERT INTO comments (comment_id, nik, isi, timestamp) VALUES
    ('1', '244-39-1997', 'Ea corporis ad officiis quis.', '2025-05-13 17:29:07'),
    ('2', '291-87-9718', 'Commodi sint mollitia. Consequuntur rerum fugiat ad ipsa eum. Eveniet saepe alias eligendi.', '2025-01-25 23:01:10'),
    ('3', '715-31-9369', 'Eum harum odio id magni enim ad. Mollitia aliquam nihil distinctio nesciunt ab.', '2025-05-05 15:05:31'),
    ('4', '484-05-4704', 'Tempore hic officiis iste ipsum voluptas. Quo dignissimos beatae harum autem ut dignissimos.', '2025-03-06 22:48:59'),
    ('5', '274-51-1295', 'Cupiditate beatae quam iste suscipit possimus earum.', '2025-02-10 01:40:23'),
    ('6', '375-97-2364', 'Ad adipisci commodi delectus quod. Architecto iste blanditiis velit.', '2025-04-01 10:19:36'),
    ('7', '641-28-4336', 'Nostrum ratione suscipit officia quidem culpa nobis. Libero asperiores nobis impedit natus.', '2025-01-20 00:44:41'),
    ('8', '671-88-5531', 'Porro facere molestiae eum reiciendis. Maxime blanditiis quam eos doloribus nisi odio excepturi.', '2025-03-16 23:19:39'),
    ('9', '483-04-9199', 'Dolores dolore nobis quibusdam unde explicabo. Corrupti mollitia et dolore rem.', '2025-03-25 01:15:37'),
    ('10', '607-55-6371', 'Facilis voluptatum laboriosam cumque sequi. Nobis repellat sapiente voluptatem facilis quis at.', '2025-03-17 02:10:04'),
    ('11', '607-55-6371', 'Cumque architecto sit numquam nemo. Enim iusto incidunt cumque. Repellat deserunt quae.', '2025-02-14 11:37:50'),
    ('12', '836-09-8728', 'Explicabo deserunt ullam cumque. Corporis quae earum ad. Occaecati fuga ipsum ex nostrum.', '2025-02-22 21:11:04'),
    ('13', '641-28-4336', 'Illo inventore impedit voluptatem ex fuga. Doloremque soluta laudantium vero nihil.', '2025-02-23 13:08:02'),
    ('14', '774-07-1797', 'Debitis consequatur voluptates facilis placeat repudiandae facere.', '2025-01-10 23:20:40'),
    ('15', '483-04-9199', 'Vero rem earum. Velit accusamus sit quasi quisquam ratione quisquam. Libero neque modi.', '2025-01-13 14:39:14'),
    ('16', '411-68-1289', 'Impedit temporibus dignissimos cum atque. Est molestiae molestias architecto voluptatem.', '2025-05-08 15:58:20'),
    ('17', '715-31-9369', 'A distinctio beatae possimus impedit exercitationem ipsum. Quam quos sit eveniet.', '2025-04-14 19:22:43'),
    ('18', '746-44-1791', 'Repellat quidem pariatur nam nostrum. Ullam occaecati voluptate a vero eveniet porro.', '2025-01-12 13:43:13'),
    ('19', '233-47-2940', 'Fuga alias accusamus nesciunt blanditiis. Officia suscipit tempora atque unde.', '2025-02-16 19:55:13'),
    ('20', '033-74-1801', 'Quas quam facilis quidem.', '2025-05-16 05:21:42'),
    ('21', '340-50-2293', 'Molestiae assumenda minima atque ea. Consequatur debitis incidunt sed dignissimos rem dolore.', '2025-03-26 09:28:07'),
    ('22', '483-04-9199', 'Assumenda cumque quia.', '2025-05-10 02:34:31'),
    ('23', '233-47-2940', 'Numquam aliquam fugit aliquam ipsa ad nobis. Optio suscipit fugiat.', '2025-02-04 02:56:15'),
    ('24', '144-65-4740', 'Explicabo quibusdam quidem sint. Delectus ratione quam. Excepturi placeat eos vero tenetur ad.', '2025-05-02 08:47:23'),
    ('25', '655-08-1230', 'Quas rem rem at quae iste. Quam ratione molestias non dicta nihil occaecati.', '2025-04-18 23:34:07'),
    ('26', '411-68-1289', 'Consequuntur voluptatum deserunt repellendus culpa dolor nobis corporis.', '2025-03-05 13:59:09'),
    ('27', '144-65-4740', 'Dolores vel inventore vitae quia maxime.
Quia incidunt sed vel. Soluta animi suscipit facere id.', '2025-05-03 10:14:24'),
    ('28', '244-39-1997', 'Natus eos quo suscipit necessitatibus recusandae. Veritatis tempora autem saepe rem.', '2025-05-01 14:54:08'),
    ('29', '468-18-7613', 'Quisquam voluptas adipisci ipsam quibusdam est velit. Maxime dolore pariatur nobis facere.', '2025-03-19 06:47:07'),
    ('30', '716-63-1990', 'Nihil facere perspiciatis ipsa eaque quos. Nemo exercitationem occaecati unde dolor natus.', '2025-04-17 15:42:02'),
    ('31', '131-25-6889', 'Rerum cum quibusdam.
Pariatur maiores nobis.', '2025-05-02 13:33:49'),
    ('32', '027-12-3751', 'Eos non similique eum. Illum debitis occaecati deserunt nesciunt ipsam illum.', '2025-04-29 20:26:30'),
    ('33', '753-89-8045', 'Quaerat ipsum consequuntur illo. Perferendis nisi exercitationem nam at sit.', '2025-03-17 20:58:15'),
    ('34', '375-97-2364', 'Molestias quasi laudantium quasi non doloremque incidunt. Soluta molestiae soluta sed debitis.', '2025-03-08 22:36:36'),
    ('35', '052-38-6294', 'Omnis cupiditate dolore expedita. Assumenda hic sit facilis.', '2025-04-15 23:28:29'),
    ('36', '716-63-1990', 'Sint veritatis consectetur ullam sed reiciendis veritatis. Optio molestiae voluptate nisi porro.', '2025-04-16 05:14:22'),
    ('37', '753-89-8045', 'Illo hic deserunt quisquam omnis ad nulla. Fugit aspernatur nostrum quaerat optio.', '2025-02-04 18:23:51'),
    ('38', '766-62-3506', 'Debitis quia sequi eaque delectus minima itaque. Deserunt explicabo repellendus eos odit odio.', '2025-01-01 03:03:02'),
    ('39', '833-17-8625', 'Totam nobis cum dicta. Neque eaque alias saepe distinctio esse.', '2025-03-07 14:40:18'),
    ('40', '766-62-3506', 'Veniam recusandae alias explicabo itaque. Minus voluptatum possimus minima natus non rerum quidem.', '2025-05-05 22:03:05'),
    ('41', '411-68-1289', 'Vel nam totam quod. Animi eveniet quo magni recusandae ipsum.', '2025-03-20 02:21:29'),
    ('42', '230-14-5737', 'Voluptates ad ut ab aliquam culpa. Fuga dolorem officia doloremque vero.', '2025-01-24 00:59:07'),
    ('43', '641-28-4336', 'Sed minima fugit nesciunt voluptatum. Corporis vitae porro vel in tempore ratione.', '2025-02-25 03:06:50'),
    ('44', '131-25-6889', 'Saepe commodi non soluta officia. Esse at fugiat ab at doloribus ea cum.', '2025-01-21 13:20:56'),
    ('45', '872-21-2853', 'Sequi molestiae eum velit eaque commodi quam. Qui sunt dolor repellat enim velit necessitatibus.', '2025-01-28 15:50:43'),
    ('46', '655-08-1230', 'Hic aperiam saepe quibusdam voluptatum quisquam dicta. Voluptate dolores harum aspernatur nemo.', '2025-03-06 07:04:59'),
    ('47', '692-31-6616', 'Impedit iusto distinctio nisi at voluptas corporis.
Quasi blanditiis culpa sint.', '2025-02-08 02:58:34'),
    ('48', '523-96-8500', 'Eos deserunt fugit. Modi optio iste soluta repellat.', '2025-05-01 23:16:09'),
    ('49', '836-09-8728', 'Enim consectetur saepe nihil praesentium facilis voluptas quam. Repellat quasi a ut.', '2025-01-27 03:26:27'),
    ('50', '880-61-3645', 'Voluptatibus ut in facere.', '2025-01-31 07:48:27');
CREATE TABLE post_likes (
    post_id INT,
    nik VARCHAR(100),
    timestamp DATETIME,
    PRIMARY KEY (post_id, nik)
,
    FOREIGN KEY (post_id) REFERENCES posts(post_id) ON DELETE CASCADE ON UPDATE CASCADE  
,
    FOREIGN KEY (nik) REFERENCES users(nik) ON DELETE CASCADE ON UPDATE CASCADE  
);
INSERT INTO post_likes (post_id, nik, timestamp) VALUES
    ('82', '716-63-1990', '2025-02-04 19:06:09'),
    ('21', '753-89-8045', '2025-05-23 09:26:29'),
    ('57', '375-97-2364', '2025-03-06 13:28:29'),
    ('91', '833-17-8625', '2025-02-10 20:25:01'),
    ('72', '655-15-0410', '2025-03-21 20:18:56'),
    ('15', '746-44-1791', '2025-03-14 02:23:39'),
    ('89', '468-18-7613', '2025-04-23 17:12:56'),
    ('70', '774-07-1797', '2025-03-22 15:26:02'),
    ('48', '766-62-3506', '2025-05-20 18:01:15'),
    ('71', '468-18-7613', '2025-02-22 19:21:10'),
    ('56', '131-25-6889', '2025-04-26 12:25:48'),
    ('6', '652-25-4107', '2025-03-08 03:57:47'),
    ('47', '774-07-1797', '2025-04-27 15:25:08'),
    ('46', '233-47-2940', '2025-04-04 16:59:43'),
    ('88', '027-12-3751', '2025-03-22 14:57:17'),
    ('86', '620-27-5618', '2025-05-18 19:30:37'),
    ('46', '607-55-6371', '2025-04-07 04:45:02'),
    ('72', '630-77-8308', '2025-04-28 15:34:05'),
    ('80', '753-89-8045', '2025-05-13 21:12:44'),
    ('20', '027-12-3751', '2025-05-06 10:44:39'),
    ('21', '172-78-9950', '2025-04-19 08:17:52'),
    ('53', '047-85-3734', '2025-03-22 23:59:23'),
    ('23', '753-89-8045', '2025-02-01 08:22:50'),
    ('43', '630-77-8308', '2025-04-19 15:24:56'),
    ('86', '753-89-8045', '2025-05-25 08:23:45'),
    ('32', '715-31-9369', '2025-03-13 03:05:14'),
    ('21', '274-51-1295', '2025-04-30 04:24:40'),
    ('14', '291-87-9718', '2025-05-03 12:53:09'),
    ('5', '065-92-7499', '2025-05-25 01:08:00'),
    ('29', '030-64-5326', '2025-05-18 05:38:13'),
    ('59', '068-17-4506', '2025-01-15 03:41:21'),
    ('40', '641-28-4336', '2025-05-24 04:36:28'),
    ('29', '047-85-3734', '2025-05-25 21:48:48'),
    ('85', '030-64-5326', '2025-04-11 02:13:00'),
    ('52', '250-17-9251', '2025-05-22 17:43:24'),
    ('36', '746-44-1791', '2025-02-21 08:58:09'),
    ('99', '715-31-9369', '2025-05-24 14:37:02'),
    ('45', '144-65-4740', '2025-04-27 22:14:00'),
    ('66', '411-68-1289', '2025-05-24 01:56:05'),
    ('87', '052-38-6294', '2025-02-08 16:02:20'),
    ('43', '047-85-3734', '2025-05-04 01:28:00'),
    ('15', '716-63-1990', '2025-02-23 20:51:51'),
    ('23', '766-62-3506', '2025-02-02 07:25:53'),
    ('34', '774-07-1797', '2025-05-23 22:41:56'),
    ('14', '657-70-8591', '2025-05-16 11:38:21'),
    ('56', '068-17-4506', '2025-05-25 11:23:53'),
    ('94', '483-04-9199', '2025-05-14 22:39:08'),
    ('56', '657-70-8591', '2025-03-31 00:59:05'),
    ('66', '880-61-3645', '2025-05-24 22:20:29'),
    ('50', '033-74-1801', '2025-05-01 20:15:48');
CREATE TABLE post_comments (
    comment_id INT,
    post_id INT,
    PRIMARY KEY (comment_id, post_id)
,
    FOREIGN KEY (post_id) REFERENCES posts(post_id) ON DELETE CASCADE ON UPDATE CASCADE  
,
    FOREIGN KEY (comment_id) REFERENCES comments(comment_id) ON DELETE CASCADE ON UPDATE CASCADE  
);
INSERT INTO post_comments (comment_id, post_id) VALUES
    ('10', '73'),
    ('41', '11'),
    ('11', '11'),
    ('44', '94'),
    ('28', '63'),
    ('39', '9'),
    ('5', '98'),
    ('25', '69'),
    ('43', '99'),
    ('45', '17'),
    ('30', '17'),
    ('34', '85'),
    ('17', '61'),
    ('36', '71'),
    ('1', '22'),
    ('8', '34'),
    ('18', '68'),
    ('22', '78'),
    ('35', '55'),
    ('50', '28'),
    ('14', '70'),
    ('6', '97'),
    ('15', '94'),
    ('37', '89'),
    ('24', '26'),
    ('26', '92'),
    ('9', '40'),
    ('38', '52'),
    ('29', '86'),
    ('23', '84'),
    ('4', '48'),
    ('31', '57'),
    ('21', '67'),
    ('7', '58'),
    ('47', '16'),
    ('33', '32'),
    ('13', '29'),
    ('3', '9'),
    ('42', '44'),
    ('12', '3'),
    ('27', '76'),
    ('46', '71'),
    ('32', '30'),
    ('19', '76'),
    ('49', '29'),
    ('40', '1'),
    ('16', '10'),
    ('48', '91'),
    ('20', '81'),
    ('2', '8');
CREATE TABLE post_tags (
    post_id INT,
    ticker VARCHAR(100),
    PRIMARY KEY (post_id, ticker)
,
    FOREIGN KEY (post_id) REFERENCES posts(post_id) ON DELETE CASCADE ON UPDATE CASCADE  
,
    FOREIGN KEY (ticker) REFERENCES stocks(ticker) ON DELETE CASCADE ON UPDATE CASCADE  
);
INSERT INTO post_tags (post_id, ticker) VALUES
    ('61', 'ASII.JK'),
    ('22', 'TLKM.JK'),
    ('11', 'FORE.JK'),
    ('66', 'TLKM.JK'),
    ('82', 'BMRI.JK'),
    ('43', 'BOLT.JK'),
    ('97', 'SMGR.JK'),
    ('87', 'FORE.JK'),
    ('29', 'UNVR.JK'),
    ('19', 'PGAS.JK'),
    ('6', 'SMGR.JK'),
    ('61', 'BMRI.JK'),
    ('99', 'BOLT.JK'),
    ('59', 'EXCL.JK'),
    ('81', 'VKTR.JK'),
    ('25', 'PTBA.JK'),
    ('90', 'WIFI.JK'),
    ('64', 'WIFI.JK'),
    ('32', 'TINS.JK'),
    ('84', 'PTBA.JK'),
    ('1', 'HMSP.JK'),
    ('99', 'ITMG.JK'),
    ('100', 'EXCL.JK'),
    ('29', 'BAYU.JK'),
    ('90', 'DATA.JK'),
    ('60', 'MDKA.JK'),
    ('72', 'SMGR.JK'),
    ('16', 'JPFA.JK'),
    ('18', 'JPFA.JK'),
    ('86', 'DATA.JK'),
    ('72', 'BMRI.JK'),
    ('41', 'HMSP.JK'),
    ('57', 'BMRI.JK'),
    ('93', 'DATA.JK'),
    ('55', 'GGRM.JK'),
    ('58', 'BAYU.JK'),
    ('96', 'ISAT.JK'),
    ('58', 'ELIT.JK'),
    ('82', 'ELIT.JK'),
    ('99', 'HMSP.JK'),
    ('67', 'ISAT.JK'),
    ('81', 'SMGR.JK'),
    ('36', 'JPFA.JK'),
    ('10', 'PTBA.JK'),
    ('37', 'SMGR.JK'),
    ('35', 'BRPT.JK'),
    ('41', 'GGRM.JK'),
    ('11', 'TINS.JK'),
    ('20', 'SMGR.JK');
CREATE TABLE moderators (
    username VARCHAR(100),
    password VARCHAR(100),
    PRIMARY KEY (username)
);
INSERT INTO moderators (username, password) VALUES
    ('estiono25', '*9BGTaIOel'),
    ('lanangfirmansyah', '%LgRS((j3F'),
    ('vjailani', 'LD3JzjblV_'),
    ('banarapurnawati', '^B89Iptc*x'),
    ('jamilmaulana', 'oH_Y5H^yi+'),
    ('iswahyudivero', '_5J37CCzTN'),
    ('maheswaragalih', '*c7aAvna6F'),
    ('sidiqyolanda', 'N@41!AgzJ)'),
    ('liman26', 'T#2D3hqXKC'),
    ('sidiq52', '$Wf4U@cq3W'),
    ('alikawinarno', '@3yzv)puFP'),
    ('budimankarna', 'H0BzJHZR$&'),
    ('purwa91', '%&6LXXgh(e'),
    ('ganda52', 'j#48%XUdL+'),
    ('kajenjailani', 'P$p)1HxupS'),
    ('pertiwipanca', '@ly8Vb8oCS'),
    ('putri37', '^gSk9PySZd'),
    ('putrafitriani', 'xbP$5oIs$6'),
    ('lhutagalung', 'xv0NldgB8)'),
    ('danujamarbun', '*EjKMn&lA7');
CREATE TABLE monitoring_posts (
    post_id INT,
    username VARCHAR(100),
    approval_status ENUM('approved', 'rejected'),
    timestamp DATE,
    PRIMARY KEY (username, post_id)
,
    FOREIGN KEY (username) REFERENCES moderators(username) ON DELETE CASCADE ON UPDATE CASCADE  
,
    FOREIGN KEY (post_id) REFERENCES posts(post_id) ON DELETE CASCADE ON UPDATE CASCADE  
);
INSERT INTO monitoring_posts (post_id, username, approval_status, timestamp) VALUES
    ('25', 'sidiq52', 'rejected', '2025-03-18 16:50:03'),
    ('33', 'putrafitriani', 'rejected', '2025-05-05 01:24:14'),
    ('6', 'jamilmaulana', 'approved', '2025-05-06 20:01:27'),
    ('91', 'maheswaragalih', 'approved', '2025-02-08 13:50:25'),
    ('56', 'ganda52', 'rejected', '2025-04-25 15:04:38'),
    ('1', 'purwa91', 'rejected', '2025-05-14 01:03:25'),
    ('67', 'iswahyudivero', 'approved', '2025-03-22 12:03:55'),
    ('69', 'danujamarbun', 'rejected', '2025-04-28 02:07:22'),
    ('88', 'lhutagalung', 'rejected', '2025-01-20 19:36:45'),
    ('86', 'sidiq52', 'rejected', '2025-03-16 04:16:03'),
    ('26', 'purwa91', 'approved', '2025-01-29 19:46:47'),
    ('47', 'putrafitriani', 'approved', '2025-04-05 04:03:21'),
    ('96', 'estiono25', 'rejected', '2025-01-10 12:50:31'),
    ('9', 'sidiq52', 'rejected', '2025-04-04 04:27:29'),
    ('97', 'sidiq52', 'rejected', '2025-02-18 04:53:26'),
    ('43', 'maheswaragalih', 'approved', '2025-02-03 19:48:34'),
    ('80', 'ganda52', 'rejected', '2025-03-26 20:04:20'),
    ('41', 'lhutagalung', 'approved', '2025-02-10 23:01:49'),
    ('16', 'danujamarbun', 'rejected', '2025-04-24 04:20:34'),
    ('39', 'alikawinarno', 'approved', '2025-04-29 13:21:04'),
    ('65', 'kajenjailani', 'rejected', '2025-01-03 20:19:22'),
    ('40', 'kajenjailani', 'approved', '2025-05-19 03:46:09'),
    ('53', 'kajenjailani', 'rejected', '2025-02-02 01:37:15'),
    ('42', 'maheswaragalih', 'rejected', '2025-05-09 05:19:29'),
    ('52', 'putri37', 'approved', '2025-01-06 02:35:57');
CREATE TABLE orders (
    order_id INT AUTO_INCREMENT,
    nik VARCHAR(100),
    ticker VARCHAR(100),
    tipe_order ENUM('beli', 'jual'),
    harga INT,
    jumlah_lembar INT,
    status ENUM('pending', 'partial', 'executed'),
    PRIMARY KEY (order_id)
,
    FOREIGN KEY (nik) REFERENCES users(nik) ON DELETE CASCADE ON UPDATE CASCADE  
,
    FOREIGN KEY (ticker) REFERENCES stocks(ticker) ON DELETE CASCADE ON UPDATE CASCADE  
);
INSERT INTO orders (order_id, nik, ticker, tipe_order, harga, jumlah_lembar, status) VALUES
    ('1', '131-25-6889', 'ISAT.JK', 'beli', '2376', '20688', 'executed'),
    ('2', '387-87-9912', 'ITMG.JK', 'jual', '5430', '21673', 'executed'),
    ('3', '033-74-1801', 'UNVR.JK', 'jual', '9268', '19719', 'partial'),
    ('4', '244-39-1997', 'PTBA.JK', 'jual', '8817', '87109', 'executed'),
    ('5', '716-63-1990', 'HMSP.JK', 'beli', '5376', '5654', 'executed'),
    ('6', '230-14-5737', 'BAYU.JK', 'jual', '4757', '93505', 'pending'),
    ('7', '657-70-8591', 'BMRI.JK', 'jual', '2448', '76150', 'partial'),
    ('8', '753-89-8045', 'PTBA.JK', 'beli', '6809', '55988', 'pending'),
    ('9', '880-61-3645', 'HMSP.JK', 'jual', '5065', '23204', 'partial'),
    ('10', '225-35-7141', 'FORE.JK', 'jual', '4672', '43688', 'executed'),
    ('11', '620-27-5618', 'VKTR.JK', 'jual', '6800', '14026', 'partial'),
    ('12', '047-85-3734', 'FORE.JK', 'jual', '3977', '38385', 'executed'),
    ('13', '033-74-1801', 'TLKM.JK', 'beli', '7908', '92014', 'executed'),
    ('14', '291-87-9718', 'WIFI.JK', 'jual', '7165', '50297', 'executed'),
    ('15', '340-50-2293', 'UNVR.JK', 'beli', '5338', '80191', 'partial'),
    ('16', '746-44-1791', 'VKTR.JK', 'beli', '5352', '59384', 'executed'),
    ('17', '274-51-1295', 'BBCA.JK', 'jual', '3485', '8489', 'partial'),
    ('18', '027-12-3751', 'ITMG.JK', 'beli', '3505', '73510', 'partial'),
    ('19', '274-51-1295', 'HMSP.JK', 'beli', '7323', '18657', 'pending'),
    ('20', '652-25-4107', 'TLKM.JK', 'jual', '4983', '82617', 'partial'),
    ('21', '657-70-8591', 'ITMG.JK', 'jual', '9890', '71659', 'pending'),
    ('22', '033-74-1801', 'MDKA.JK', 'beli', '9233', '75219', 'pending'),
    ('23', '068-17-4506', 'GGRM.JK', 'jual', '9759', '52446', 'executed'),
    ('24', '833-17-8625', 'TLKM.JK', 'beli', '1673', '57136', 'pending'),
    ('25', '230-14-5737', 'BOLT.JK', 'jual', '7474', '62853', 'pending'),
    ('26', '872-21-2853', 'BBCA.JK', 'jual', '2116', '55695', 'pending'),
    ('27', '250-17-9251', 'PGAS.JK', 'beli', '2461', '39309', 'pending'),
    ('28', '630-77-8308', 'ISAT.JK', 'beli', '2850', '76874', 'executed'),
    ('29', '620-27-5618', 'EXCL.JK', 'beli', '6861', '86663', 'executed'),
    ('30', '230-14-5737', 'BBCA.JK', 'beli', '4351', '93682', 'partial'),
    ('31', '244-39-1997', 'PTBA.JK', 'beli', '4811', '27964', 'partial'),
    ('32', '468-18-7613', 'EXCL.JK', 'jual', '1006', '44792', 'pending'),
    ('33', '172-78-9950', 'ASII.JK', 'beli', '1717', '33360', 'partial'),
    ('34', '630-69-1531', 'BBCA.JK', 'beli', '7563', '43575', 'executed'),
    ('35', '715-31-9369', 'BMRI.JK', 'beli', '3712', '47228', 'partial'),
    ('36', '052-38-6294', 'HMSP.JK', 'jual', '9119', '18959', 'partial'),
    ('37', '065-92-7499', 'JPFA.JK', 'beli', '2595', '56220', 'partial'),
    ('38', '833-17-8625', 'ASII.JK', 'beli', '4166', '91360', 'partial'),
    ('39', '766-62-3506', 'ELIT.JK', 'jual', '1462', '74347', 'partial'),
    ('40', '483-04-9199', 'SMGR.JK', 'jual', '2035', '61610', 'executed'),
    ('41', '692-31-6616', 'ELIT.JK', 'jual', '2070', '67606', 'pending'),
    ('42', '797-49-8240', 'SMGR.JK', 'jual', '9818', '75136', 'executed'),
    ('43', '523-96-8500', 'JPFA.JK', 'beli', '9957', '70916', 'executed'),
    ('44', '033-74-1801', 'BMRI.JK', 'beli', '7565', '60520', 'executed'),
    ('45', '387-87-9912', 'WIFI.JK', 'beli', '2587', '35586', 'pending'),
    ('46', '250-17-9251', 'PGAS.JK', 'jual', '5437', '54225', 'executed'),
    ('47', '655-08-1230', 'BRPT.JK', 'beli', '4710', '42789', 'executed'),
    ('48', '172-78-9950', 'ISAT.JK', 'beli', '7463', '82129', 'partial'),
    ('49', '233-47-2940', 'BINA.JK', 'jual', '9944', '55337', 'executed'),
    ('50', '716-63-1990', 'BRPT.JK', 'beli', '7485', '91289', 'executed'),
    ('51', '715-31-9369', 'BMRI.JK', 'jual', '6105', '66418', 'partial'),
    ('52', '274-51-1295', 'ELIT.JK', 'jual', '2479', '42904', 'partial'),
    ('53', '375-97-2364', 'PGAS.JK', 'jual', '6137', '86496', 'pending'),
    ('54', '630-69-1531', 'UNVR.JK', 'beli', '3033', '80439', 'pending'),
    ('55', '692-31-6616', 'SMGR.JK', 'beli', '1959', '90106', 'partial'),
    ('56', '568-12-9781', 'EXCL.JK', 'jual', '5036', '91356', 'partial'),
    ('57', '655-08-1230', 'GGRM.JK', 'beli', '6755', '14863', 'pending'),
    ('58', '523-96-8500', 'SMGR.JK', 'jual', '2287', '55376', 'executed'),
    ('59', '274-51-1295', 'ISAT.JK', 'beli', '4720', '78120', 'executed'),
    ('60', '144-65-4740', 'PTBA.JK', 'jual', '4393', '55214', 'partial'),
    ('61', '655-08-1230', 'JPFA.JK', 'beli', '7730', '92977', 'executed'),
    ('62', '047-85-3734', 'BOLT.JK', 'beli', '2638', '67459', 'executed'),
    ('63', '384-56-2386', 'SMGR.JK', 'jual', '6368', '48810', 'executed'),
    ('64', '411-68-1289', 'PTBA.JK', 'beli', '7209', '63637', 'pending'),
    ('65', '027-12-3751', 'FORE.JK', 'beli', '1405', '77873', 'executed'),
    ('66', '387-87-9912', 'VKTR.JK', 'jual', '3226', '39153', 'executed'),
    ('67', '230-14-5737', 'ISAT.JK', 'jual', '3931', '6155', 'partial'),
    ('68', '375-97-2364', 'DATA.JK', 'jual', '7144', '89445', 'partial'),
    ('69', '068-17-4506', 'EXCL.JK', 'jual', '8067', '65209', 'partial'),
    ('70', '753-89-8045', 'GGRM.JK', 'beli', '6355', '57122', 'partial'),
    ('71', '250-17-9251', 'BINA.JK', 'beli', '1235', '40730', 'partial'),
    ('72', '274-51-1295', 'JPFA.JK', 'jual', '6966', '64230', 'partial'),
    ('73', '715-31-9369', 'FORE.JK', 'jual', '9806', '3826', 'executed'),
    ('74', '716-63-1990', 'SMGR.JK', 'jual', '6054', '41804', 'pending'),
    ('75', '880-61-3645', 'ASII.JK', 'beli', '9297', '79772', 'pending'),
    ('76', '030-64-5326', 'BRPT.JK', 'jual', '3143', '31788', 'partial'),
    ('77', '880-61-3645', 'ASII.JK', 'jual', '7626', '49973', 'pending'),
    ('78', '052-38-6294', 'HMSP.JK', 'beli', '7860', '44107', 'executed'),
    ('79', '274-51-1295', 'BAYU.JK', 'jual', '1887', '14209', 'partial'),
    ('80', '030-64-5326', 'UNVR.JK', 'jual', '6685', '30003', 'pending'),
    ('81', '753-89-8045', 'ISAT.JK', 'beli', '7971', '21007', 'pending'),
    ('82', '715-31-9369', 'ASII.JK', 'beli', '3865', '19944', 'partial'),
    ('83', '766-62-3506', 'HMSP.JK', 'beli', '8404', '56123', 'partial'),
    ('84', '630-69-1531', 'BMRI.JK', 'jual', '6089', '52591', 'pending'),
    ('85', '384-56-2386', 'ITMG.JK', 'jual', '2103', '51137', 'pending'),
    ('86', '030-64-5326', 'FORE.JK', 'beli', '2295', '23184', 'partial'),
    ('87', '641-28-4336', 'BINA.JK', 'beli', '2512', '48826', 'executed'),
    ('88', '172-78-9950', 'FORE.JK', 'jual', '9739', '67774', 'executed'),
    ('89', '655-15-0410', 'PTBA.JK', 'jual', '1982', '803', 'executed'),
    ('90', '052-38-6294', 'TINS.JK', 'beli', '2775', '62205', 'executed'),
    ('91', '715-31-9369', 'MDKA.JK', 'jual', '8883', '93188', 'partial'),
    ('92', '836-09-8728', 'GGRM.JK', 'beli', '4209', '10373', 'pending'),
    ('93', '384-56-2386', 'PTBA.JK', 'jual', '8275', '1786', 'partial'),
    ('94', '131-25-6889', 'BBCA.JK', 'jual', '3210', '94147', 'partial'),
    ('95', '523-96-8500', 'ISAT.JK', 'jual', '3688', '83702', 'partial'),
    ('96', '620-27-5618', 'PGAS.JK', 'beli', '3412', '95742', 'pending'),
    ('97', '033-74-1801', 'FORE.JK', 'beli', '1876', '26725', 'executed'),
    ('98', '065-92-7499', 'ISAT.JK', 'jual', '4748', '96393', 'partial'),
    ('99', '797-49-8240', 'BRPT.JK', 'jual', '4735', '56372', 'partial'),
    ('100', '172-78-9950', 'MDKA.JK', 'jual', '9721', '6304', 'partial');
CREATE TABLE transactions (
    order_id INT,
    jumlah INT,
    waktu_eksekusi DATETIME,
    PRIMARY KEY (order_id, waktu_eksekusi)
,
    FOREIGN KEY (order_id) REFERENCES orders(order_id) ON DELETE CASCADE ON UPDATE CASCADE  
);
INSERT INTO transactions (order_id, jumlah, waktu_eksekusi) VALUES
    ('14', '50297', '2025-05-08 04:46:35'),
    ('42', '75136', '2025-04-16 10:06:23'),
    ('3', '100', '2025-01-14 01:30:29'),
    ('49', '55337', '2025-04-28 19:36:56'),
    ('7', '700', '2025-02-17 22:48:51'),
    ('34', '43575', '2025-01-09 02:20:52'),
    ('88', '67774', '2025-02-19 12:03:34'),
    ('97', '26725', '2025-03-05 21:01:27'),
    ('82', '400', '2025-01-07 10:43:25'),
    ('52', '700', '2025-04-29 05:35:24'),
    ('36', '400', '2025-03-05 02:36:30'),
    ('79', '900', '2025-04-08 16:20:32'),
    ('91', '300', '2025-02-21 19:12:59'),
    ('15', '1000', '2025-02-14 13:15:18'),
    ('89', '803', '2025-03-06 06:41:02'),
    ('65', '77873', '2025-02-14 13:37:59'),
    ('76', '500', '2025-01-03 07:03:47'),
    ('62', '67459', '2025-01-07 22:40:18'),
    ('61', '92977', '2025-05-16 22:15:29'),
    ('17', '200', '2025-04-10 22:41:10'),
    ('31', '200', '2025-05-19 20:51:56'),
    ('66', '39153', '2025-03-18 23:04:25'),
    ('82', '800', '2025-04-03 01:47:43'),
    ('100', '900', '2025-02-25 15:40:46'),
    ('55', '900', '2025-01-14 00:03:36'),
    ('79', '700', '2025-03-09 01:24:10'),
    ('5', '5654', '2025-02-03 10:44:35'),
    ('46', '54225', '2025-02-24 03:33:16'),
    ('9', '500', '2025-02-19 09:33:31'),
    ('33', '600', '2025-02-20 19:23:24'),
    ('28', '76874', '2025-02-20 20:29:04'),
    ('35', '700', '2025-01-11 09:16:06'),
    ('11', '900', '2025-02-10 19:54:38'),
    ('82', '900', '2025-03-12 05:19:34'),
    ('40', '61610', '2025-05-14 16:20:06'),
    ('94', '200', '2025-04-03 06:10:47'),
    ('55', '1000', '2025-05-01 07:16:14'),
    ('90', '62205', '2025-02-12 05:21:23'),
    ('1', '20688', '2025-03-29 10:43:11'),
    ('72', '900', '2025-01-21 19:22:11'),
    ('98', '100', '2025-05-05 14:56:38'),
    ('59', '78120', '2025-05-14 06:06:43'),
    ('51', '600', '2025-02-16 18:47:06'),
    ('47', '42789', '2025-05-05 23:37:24'),
    ('7', '1000', '2025-01-24 22:46:21'),
    ('18', '300', '2025-04-15 04:52:52'),
    ('60', '800', '2025-04-08 13:04:13'),
    ('39', '900', '2025-05-09 08:48:42'),
    ('71', '500', '2025-04-15 15:18:02'),
    ('87', '48826', '2025-05-23 18:56:17'),
    ('56', '700', '2025-05-01 19:11:27'),
    ('72', '1000', '2025-04-23 11:38:21'),
    ('51', '700', '2025-04-24 20:28:35'),
    ('91', '900', '2025-04-10 21:42:31'),
    ('7', '300', '2025-05-15 02:25:43'),
    ('20', '1000', '2025-01-12 19:54:42'),
    ('31', '500', '2025-03-03 01:41:09'),
    ('67', '800', '2025-04-23 09:17:16'),
    ('13', '92014', '2025-05-17 12:34:44'),
    ('35', '300', '2025-04-04 01:53:32'),
    ('52', '200', '2025-02-23 06:03:17'),
    ('82', '800', '2025-05-13 05:48:02'),
    ('58', '55376', '2025-01-27 16:56:15'),
    ('12', '38385', '2025-02-19 06:45:41'),
    ('3', '700', '2025-02-15 03:46:01'),
    ('78', '44107', '2025-01-08 01:46:20'),
    ('73', '3826', '2025-01-18 09:17:40'),
    ('31', '1000', '2025-04-15 22:39:56'),
    ('94', '700', '2025-05-18 23:02:32'),
    ('18', '500', '2025-02-03 23:41:48'),
    ('37', '500', '2025-01-26 16:06:07'),
    ('70', '400', '2025-04-19 02:37:45'),
    ('2', '21673', '2025-05-06 23:08:57'),
    ('71', '400', '2025-04-26 00:45:03'),
    ('52', '800', '2025-02-01 14:23:44'),
    ('11', '900', '2025-02-15 17:21:01'),
    ('31', '400', '2025-04-21 07:07:59'),
    ('16', '59384', '2025-01-21 00:57:44'),
    ('63', '48810', '2025-01-30 07:28:05'),
    ('17', '200', '2025-05-06 10:54:38'),
    ('93', '900', '2025-04-08 02:01:30'),
    ('20', '100', '2025-03-18 02:22:23'),
    ('69', '300', '2025-04-21 00:27:35'),
    ('99', '400', '2025-02-03 11:27:13'),
    ('38', '900', '2025-04-10 22:36:03'),
    ('70', '100', '2025-05-19 04:43:08'),
    ('99', '1000', '2025-04-19 04:01:18'),
    ('37', '400', '2025-02-02 13:55:35'),
    ('55', '300', '2025-01-24 12:29:26'),
    ('68', '100', '2025-01-23 17:08:00'),
    ('68', '100', '2025-02-05 22:41:42'),
    ('35', '400', '2025-02-04 02:57:25'),
    ('67', '100', '2025-01-04 03:51:30'),
    ('76', '200', '2025-05-15 07:23:32'),
    ('20', '900', '2025-03-16 22:36:35'),
    ('51', '800', '2025-03-26 06:26:57'),
    ('30', '700', '2025-01-23 06:08:29'),
    ('83', '100', '2025-01-06 18:52:49'),
    ('70', '900', '2025-05-03 14:26:23'),
    ('18', '1000', '2025-05-11 09:17:28'),
    ('10', '43688', '2025-04-19 08:58:25'),
    ('38', '800', '2025-05-19 19:31:00'),
    ('56', '700', '2025-01-24 15:10:32'),
    ('48', '100', '2025-04-17 08:39:29'),
    ('71', '200', '2025-02-27 08:59:52'),
    ('38', '400', '2025-03-14 08:46:27'),
    ('3', '700', '2025-01-19 01:08:02'),
    ('39', '500', '2025-01-12 23:35:52'),
    ('43', '70916', '2025-05-21 16:26:32'),
    ('86', '400', '2025-04-18 09:19:06'),
    ('86', '500', '2025-03-04 00:09:39'),
    ('98', '400', '2025-05-05 11:59:27'),
    ('71', '200', '2025-04-25 11:53:14'),
    ('23', '52446', '2025-04-10 02:19:56'),
    ('69', '100', '2025-04-04 17:01:20'),
    ('82', '500', '2025-03-23 18:39:19'),
    ('71', '900', '2025-05-05 13:40:27'),
    ('52', '300', '2025-02-07 20:42:25'),
    ('51', '600', '2025-03-02 01:34:56'),
    ('83', '700', '2025-04-25 07:32:53'),
    ('82', '600', '2025-05-12 07:41:55'),
    ('56', '200', '2025-01-07 18:30:08'),
    ('70', '100', '2025-02-08 13:20:12'),
    ('50', '91289', '2025-05-23 09:35:23'),
    ('33', '100', '2025-03-30 17:58:46'),
    ('37', '700', '2025-02-05 09:56:59'),
    ('91', '100', '2025-03-13 20:35:47'),
    ('60', '500', '2025-03-05 23:13:37'),
    ('36', '1000', '2025-03-15 15:09:02'),
    ('68', '800', '2025-01-15 11:20:54'),
    ('7', '600', '2025-01-04 19:05:13'),
    ('51', '100', '2025-03-26 15:29:44'),
    ('72', '700', '2025-05-10 19:09:55'),
    ('60', '700', '2025-03-23 23:02:37'),
    ('60', '500', '2025-01-18 20:52:45'),
    ('100', '200', '2025-01-03 12:46:46'),
    ('99', '700', '2025-03-14 00:50:17'),
    ('29', '86663', '2025-02-28 01:51:51'),
    ('79', '200', '2025-05-18 15:59:14'),
    ('7', '200', '2025-05-17 17:14:56'),
    ('20', '400', '2025-02-24 19:06:45'),
    ('82', '100', '2025-03-28 19:16:06'),
    ('94', '900', '2025-03-04 21:37:40'),
    ('55', '200', '2025-03-19 10:39:04'),
    ('17', '1000', '2025-04-25 20:30:09'),
    ('71', '500', '2025-05-01 02:56:56'),
    ('17', '800', '2025-01-09 03:32:12'),
    ('83', '900', '2025-04-30 10:55:32'),
    ('72', '100', '2025-03-13 07:40:07'),
    ('3', '900', '2025-02-07 19:07:20'),
    ('30', '700', '2025-03-23 11:53:56'),
    ('69', '900', '2025-02-09 06:47:45'),
    ('100', '500', '2025-04-18 13:38:44'),
    ('30', '300', '2025-03-15 09:14:16'),
    ('11', '900', '2025-05-21 21:36:49'),
    ('76', '1000', '2025-04-20 15:14:04'),
    ('39', '1000', '2025-03-20 16:37:54'),
    ('55', '300', '2025-03-17 10:08:30'),
    ('98', '1000', '2025-03-31 03:37:23'),
    ('68', '100', '2025-04-13 12:26:46'),
    ('100', '400', '2025-04-15 20:16:56'),
    ('15', '700', '2025-04-19 08:36:30'),
    ('55', '900', '2025-04-11 23:33:26'),
    ('86', '1000', '2025-01-23 23:22:47'),
    ('67', '800', '2025-04-13 17:57:52'),
    ('52', '800', '2025-04-30 07:08:58'),
    ('99', '200', '2025-03-12 16:45:22'),
    ('79', '100', '2025-03-14 00:57:55'),
    ('86', '1000', '2025-03-25 06:08:23'),
    ('7', '300', '2025-03-12 11:48:07'),
    ('98', '800', '2025-01-16 01:20:10'),
    ('11', '1000', '2025-03-30 05:59:12'),
    ('38', '700', '2025-01-05 12:55:44'),
    ('99', '1000', '2025-02-15 23:19:24'),
    ('48', '300', '2025-01-05 07:49:05'),
    ('37', '200', '2025-01-26 18:25:54'),
    ('15', '700', '2025-05-17 05:25:24'),
    ('70', '600', '2025-03-30 06:21:59'),
    ('17', '900', '2025-04-23 02:28:11'),
    ('99', '900', '2025-02-06 06:25:13'),
    ('17', '700', '2025-01-03 20:28:19'),
    ('71', '500', '2025-01-16 06:34:44'),
    ('31', '900', '2025-01-02 03:14:12'),
    ('51', '1000', '2025-03-13 13:32:18'),
    ('4', '87109', '2025-01-28 00:43:11'),
    ('9', '200', '2025-03-31 12:20:53'),
    ('55', '600', '2025-03-07 04:04:35'),
    ('11', '900', '2025-03-03 00:59:54'),
    ('51', '200', '2025-03-31 10:24:53'),
    ('60', '800', '2025-03-30 17:23:34'),
    ('67', '500', '2025-05-18 02:30:27'),
    ('71', '200', '2025-05-11 06:55:11'),
    ('31', '300', '2025-04-05 19:32:21'),
    ('39', '500', '2025-03-16 18:40:48'),
    ('86', '1000', '2025-02-05 21:35:41'),
    ('70', '200', '2025-01-19 18:03:29'),
    ('94', '900', '2025-05-11 16:17:14'),
    ('35', '900', '2025-01-29 02:08:01'),
    ('33', '500', '2025-01-18 20:17:40'),
    ('35', '1000', '2025-05-19 09:44:57'),
    ('17', '1000', '2025-03-20 05:14:39'),
    ('99', '300', '2025-03-26 14:42:25'),
    ('68', '500', '2025-02-04 09:00:06'),
    ('99', '300', '2025-01-28 08:42:12'),
    ('39', '1000', '2025-04-03 17:26:29'),
    ('82', '600', '2025-04-10 11:08:59'),
    ('95', '1000', '2025-01-15 10:57:12'),
    ('31', '800', '2025-01-11 08:50:12'),
    ('38', '500', '2025-05-21 00:07:54'),
    ('76', '600', '2025-02-21 17:31:07'),
    ('100', '300', '2025-01-21 10:26:03'),
    ('44', '60520', '2025-04-18 11:44:23'),
    ('79', '600', '2025-05-13 05:45:40'),
    ('48', '500', '2025-03-14 09:35:58'),
    ('3', '800', '2025-01-09 19:26:46'),
    ('79', '600', '2025-03-26 11:47:42'),
    ('52', '900', '2025-01-25 13:09:19'),
    ('93', '100', '2025-04-23 05:34:19'),
    ('33', '300', '2025-01-25 12:44:01'),
    ('15', '600', '2025-04-07 11:55:52'),
    ('76', '100', '2025-05-18 22:16:07'),
    ('67', '1000', '2025-01-04 12:10:26'),
    ('98', '100', '2025-01-13 07:19:20'),
    ('55', '700', '2025-02-12 15:12:40'),
    ('72', '600', '2025-03-21 14:46:45'),
    ('48', '500', '2025-01-11 06:15:27'),
    ('79', '800', '2025-02-03 08:04:23'),
    ('55', '400', '2025-01-27 09:51:49'),
    ('36', '500', '2025-04-02 06:22:16'),
    ('69', '300', '2025-04-08 16:36:35'),
    ('82', '300', '2025-04-19 17:44:33'),
    ('18', '1000', '2025-03-05 17:02:56'),
    ('39', '500', '2025-01-01 23:34:00'),
    ('69', '100', '2025-01-18 06:34:51'),
    ('95', '800', '2025-04-12 00:10:15'),
    ('67', '900', '2025-02-05 11:45:41'),
    ('95', '300', '2025-05-14 18:15:40'),
    ('52', '500', '2025-05-20 05:49:11'),
    ('52', '800', '2025-02-16 16:12:27'),
    ('7', '200', '2025-01-27 10:58:10'),
    ('70', '700', '2025-01-15 01:49:06'),
    ('51', '700', '2025-04-16 07:02:40'),
    ('3', '600', '2025-01-02 05:06:47'),
    ('95', '800', '2025-01-13 19:10:04'),
    ('11', '100', '2025-03-10 05:47:35'),
    ('99', '900', '2025-05-05 13:30:55'),
    ('83', '100', '2025-01-18 18:15:58'),
    ('52', '200', '2025-04-22 12:42:57'),
    ('38', '600', '2025-01-01 04:46:48'),
    ('99', '1000', '2025-02-04 13:32:28'),
    ('67', '800', '2025-01-22 04:56:34'),
    ('38', '200', '2025-03-03 03:55:44'),
    ('36', '300', '2025-03-24 23:50:43'),
    ('100', '200', '2025-01-09 11:16:55'),
    ('48', '600', '2025-02-14 03:49:13'),
    ('30', '800', '2025-01-11 08:07:00'),
    ('18', '1000', '2025-01-27 10:34:17'),
    ('9', '400', '2025-01-09 12:21:23'),
    ('55', '100', '2025-03-31 18:49:32'),
    ('76', '200', '2025-03-25 12:49:16'),
    ('9', '1000', '2025-03-02 22:55:37'),
    ('98', '100', '2025-01-01 21:27:13'),
    ('68', '800', '2025-02-19 19:01:49'),
    ('30', '200', '2025-04-08 21:38:56'),
    ('17', '1000', '2025-03-02 15:13:46'),
    ('52', '900', '2025-05-19 03:15:17'),
    ('56', '600', '2025-05-16 18:10:02'),
    ('71', '500', '2025-02-14 01:54:44'),
    ('35', '300', '2025-04-21 04:40:51'),
    ('36', '900', '2025-04-01 22:33:13'),
    ('30', '700', '2025-04-26 04:02:14'),
    ('93', '500', '2025-04-22 06:45:59'),
    ('68', '400', '2025-03-22 00:38:30'),
    ('91', '600', '2025-01-26 12:51:28'),
    ('86', '1000', '2025-02-19 22:07:48'),
    ('51', '500', '2025-04-02 16:41:33'),
    ('33', '200', '2025-03-22 06:40:29'),
    ('48', '200', '2025-05-02 05:56:21'),
    ('82', '900', '2025-01-28 10:16:33'),
    ('52', '800', '2025-02-09 06:14:54'),
    ('60', '500', '2025-04-15 13:13:05'),
    ('20', '200', '2025-02-11 09:39:54'),
    ('79', '200', '2025-01-07 21:32:34'),
    ('15', '500', '2025-03-06 12:35:03'),
    ('31', '100', '2025-01-30 20:25:45'),
    ('38', '600', '2025-04-20 00:41:16'),
    ('70', '1000', '2025-03-20 07:25:44'),
    ('94', '400', '2025-05-13 22:28:41'),
    ('68', '300', '2025-01-14 08:15:42'),
    ('17', '800', '2025-02-27 15:02:53'),
    ('70', '400', '2025-05-22 10:27:34'),
    ('3', '600', '2025-03-27 00:31:50'),
    ('48', '500', '2025-04-12 18:06:01'),
    ('93', '100', '2025-03-07 12:22:30'),
    ('20', '300', '2025-03-23 16:29:46'),
    ('79', '900', '2025-01-12 17:50:10'),
    ('68', '700', '2025-02-23 00:18:42'),
    ('48', '900', '2025-03-26 13:12:44'),
    ('98', '100', '2025-05-25 17:29:54'),
    ('69', '700', '2025-03-28 22:55:15');
CREATE TABLE portfolios (
    nik VARCHAR(100),
    ticker VARCHAR(100),
    jumlah_lembar INT,
    average_cost DOUBLE,
    PRIMARY KEY (nik, ticker)
,
    FOREIGN KEY (nik) REFERENCES orders(nik) ON DELETE CASCADE ON UPDATE CASCADE  
,
    FOREIGN KEY (ticker) REFERENCES stocks(ticker) ON DELETE CASCADE ON UPDATE CASCADE  
);
INSERT INTO portfolios (nik, ticker, jumlah_lembar, average_cost) VALUES
    ('655-08-1230', 'DATA.JK', '6300', '8404.0'),
    ('340-50-2293', 'BRPT.JK', '2100', '2595.0'),
    ('233-47-2940', 'HMSP.JK', '6900', '1235.0'),
    ('753-89-8045', 'PGAS.JK', '3400', '4351.0'),
    ('411-68-1289', 'PGAS.JK', '5500', '2295.0'),
    ('033-74-1801', 'BOLT.JK', '2400', '3712.0'),
    ('065-92-7499', 'DATA.JK', '78120', '4720.0'),
    ('144-65-4740', 'PGAS.JK', '4300', '3865.0'),
    ('027-12-3751', 'WIFI.JK', '48826', '2512.0'),
    ('620-27-5618', 'JPFA.JK', '3800', '1717.0'),
    ('880-61-3645', 'BAYU.JK', '22825', '1876.0'),
    ('880-61-3645', 'EXCL.JK', '2400', '4811.0'),
    ('033-74-1801', 'SMGR.JK', '60520', '7565.0'),
    ('746-44-1791', 'JPFA.JK', '4900', '4166.0'),
    ('753-89-8045', 'PTBA.JK', '6000', '9248.0'),
    ('523-96-8500', 'PTBA.JK', '2800', '1683.0'),
    ('568-12-9781', 'ASII.JK', '44107', '7860.0'),
    ('172-78-9950', 'PTBA.JK', '2700', '6355.0'),
    ('630-77-8308', 'PTBA.JK', '91289', '7485.0'),
    ('483-04-9199', 'MDKA.JK', '67459', '2638.0'),
    ('872-21-2853', 'BMRI.JK', '2700', '7463.0'),
    ('131-25-6889', 'BMRI.JK', '2200', '2102.0'),
    ('766-62-3506', 'ELIT.JK', '92977', '7730.0'),
    ('657-70-8591', 'TINS.JK', '86663', '6861.0'),
    ('375-97-2364', 'GGRM.JK', '62205', '2775.0'),
    ('047-85-3734', 'WIFI.JK', '43575', '7563.0'),
    ('172-78-9950', 'BAYU.JK', '1800', '1959.0'),
    ('620-27-5618', 'FORE.JK', '50675', '1543.0'),
    ('230-14-5737', 'TLKM.JK', '76874', '2850.0'),
    ('523-96-8500', 'DATA.JK', '77873', '1405.0'),
    ('230-14-5737', 'UNVR.JK', '42789', '4710.0'),
    ('657-70-8591', 'ISAT.JK', '70916', '9957.0'),
    ('715-31-9369', 'SMGR.JK', '72757', '4139.0'),
    ('033-74-1801', 'WIFI.JK', '94266', '6324.0');
CREATE TABLE comment_likes (
    nik VARCHAR(100),
    comment_id INT,
    timestamp TIMESTAMP,
    PRIMARY KEY (nik, comment_id)
,
    FOREIGN KEY (nik) REFERENCES users(nik) ON DELETE CASCADE ON UPDATE CASCADE  
,
    FOREIGN KEY (comment_id) REFERENCES comments(comment_id) ON DELETE CASCADE ON UPDATE CASCADE  
);
INSERT INTO comment_likes (nik, comment_id, timestamp) VALUES
    ('746-44-1791', '15', '2025-02-05 14:56:54'),
    ('250-17-9251', '3', '2025-05-24 23:31:44'),
    ('872-21-2853', '5', '2025-05-20 21:56:22'),
    ('715-31-9369', '16', '2025-05-11 15:24:48'),
    ('655-08-1230', '43', '2025-02-28 21:21:44'),
    ('052-38-6294', '14', '2025-02-20 05:03:25'),
    ('568-12-9781', '9', '2025-03-27 15:20:54'),
    ('033-74-1801', '37', '2025-04-25 21:07:32'),
    ('027-12-3751', '31', '2025-05-16 00:12:02'),
    ('630-77-8308', '31', '2025-05-08 03:27:41'),
    ('620-27-5618', '13', '2025-03-05 07:01:46'),
    ('387-87-9912', '7', '2025-04-17 06:45:16'),
    ('068-17-4506', '28', '2025-05-20 23:20:58'),
    ('630-77-8308', '28', '2025-05-15 00:39:48'),
    ('568-12-9781', '30', '2025-05-24 17:10:39'),
    ('671-88-5531', '4', '2025-03-15 16:29:11'),
    ('144-65-4740', '42', '2025-04-28 23:49:00'),
    ('836-09-8728', '7', '2025-02-09 21:16:30'),
    ('568-12-9781', '26', '2025-04-15 17:31:25'),
    ('620-27-5618', '22', '2025-05-22 15:19:48'),
    ('030-64-5326', '16', '2025-05-09 16:48:07'),
    ('052-38-6294', '13', '2025-04-17 09:36:50'),
    ('131-25-6889', '29', '2025-03-20 13:22:41'),
    ('172-78-9950', '28', '2025-05-06 08:24:52'),
    ('244-39-1997', '18', '2025-05-22 17:03:10'),
    ('746-44-1791', '16', '2025-05-17 13:19:29'),
    ('375-97-2364', '29', '2025-05-01 18:08:40'),
    ('052-38-6294', '42', '2025-02-21 19:19:51'),
    ('692-31-6616', '1', '2025-05-14 11:14:32'),
    ('027-12-3751', '49', '2025-02-17 03:36:13'),
    ('630-77-8308', '11', '2025-04-22 00:49:00'),
    ('065-92-7499', '32', '2025-05-02 19:16:53'),
    ('411-68-1289', '14', '2025-04-10 23:12:10'),
    ('225-35-7141', '4', '2025-03-15 03:33:51'),
    ('655-15-0410', '25', '2025-04-28 11:19:33'),
    ('716-63-1990', '25', '2025-05-13 15:51:16'),
    ('384-56-2386', '30', '2025-04-19 17:09:32'),
    ('274-51-1295', '28', '2025-05-21 10:56:25'),
    ('375-97-2364', '47', '2025-05-07 01:56:14'),
    ('340-50-2293', '43', '2025-03-07 00:00:49'),
    ('468-18-7613', '32', '2025-05-11 19:38:18'),
    ('384-56-2386', '13', '2025-02-28 18:41:26'),
    ('836-09-8728', '14', '2025-04-10 16:10:10'),
    ('753-89-8045', '38', '2025-05-19 12:06:22'),
    ('836-09-8728', '35', '2025-04-27 02:29:57'),
    ('483-04-9199', '48', '2025-05-10 00:45:15'),
    ('836-09-8728', '4', '2025-03-14 16:32:54'),
    ('065-92-7499', '38', '2025-01-10 09:48:25'),
    ('630-69-1531', '33', '2025-04-14 19:25:09');
CREATE TABLE comment_replies (
    comment_id_from INT,
    comment_id_to INT,
    timestamp DATETIME
);
INSERT INTO comment_replies (comment_id_from, comment_id_to, timestamp) VALUES
    ('13', '16', '2025-04-09 08:30:09'),
    ('14', '14', '2025-05-06 17:30:22'),
    ('7', '43', '2025-04-30 15:47:27'),
    ('47', '43', '2025-05-19 00:34:02'),
    ('38', '4', '2025-05-23 03:33:22'),
    ('16', '37', '2025-05-19 23:25:54'),
    ('30', '4', '2025-05-09 03:54:42'),
    ('28', '47', '2025-05-22 12:25:25'),
    ('5', '43', '2025-05-21 14:34:18'),
    ('14', '29', '2025-04-29 13:38:48'),
    ('14', '28', '2025-04-20 05:10:15'),
    ('30', '4', '2025-04-20 22:02:29'),
    ('16', '42', '2025-05-10 02:57:19'),
    ('28', '14', '2025-05-21 21:16:11'),
    ('48', '16', '2025-05-20 14:12:57'),
    ('4', '42', '2025-04-02 07:56:18'),
    ('16', '31', '2025-05-21 18:57:32'),
    ('14', '13', '2025-05-06 11:38:06'),
    ('22', '49', '2025-05-25 20:14:36'),
    ('16', '33', '2025-05-18 07:47:55'),
    ('43', '15', '2025-04-13 06:31:40'),
    ('49', '43', '2025-05-10 20:28:50'),
    ('30', '9', '2025-05-23 20:41:17'),
    ('43', '25', '2025-04-11 14:08:04'),
    ('28', '14', '2025-05-22 06:18:27'),
    ('42', '31', '2025-05-11 07:28:09'),
    ('29', '43', '2025-05-07 17:32:51'),
    ('4', '28', '2025-03-18 13:39:18'),
    ('26', '13', '2025-04-25 15:51:19'),
    ('1', '25', '2025-05-15 22:20:21'),
    ('48', '22', '2025-05-23 15:42:38'),
    ('43', '13', '2025-03-07 12:45:06'),
    ('4', '15', '2025-04-16 13:17:15'),
    ('14', '25', '2025-04-20 07:58:48'),
    ('22', '14', '2025-05-23 20:30:37'),
    ('9', '31', '2025-05-25 13:40:26'),
    ('42', '37', '2025-05-18 12:51:22'),
    ('9', '38', '2025-04-11 20:12:59'),
    ('25', '31', '2025-05-24 07:52:04'),
    ('7', '26', '2025-03-31 06:01:52'),
    ('47', '28', '2025-05-17 16:47:05'),
    ('48', '13', '2025-05-19 14:03:24'),
    ('28', '38', '2025-05-20 07:53:35'),
    ('32', '42', '2025-05-15 10:23:12'),
    ('14', '32', '2025-04-14 19:10:00'),
    ('42', '16', '2025-05-16 03:21:49'),
    ('14', '32', '2025-04-18 00:32:55'),
    ('42', '7', '2025-02-28 00:38:07'),
    ('5', '15', '2025-05-24 02:20:31'),
    ('13', '31', '2025-04-29 01:52:20');
CREATE TABLE predictions (
    post_id INT,
    ticker VARCHAR(100),
    price INT,
    duration INT,
    PRIMARY KEY (ticker, post_id)
,
    FOREIGN KEY (ticker) REFERENCES stocks(ticker) ON DELETE CASCADE ON UPDATE CASCADE  
,
    FOREIGN KEY (post_id) REFERENCES posts(post_id) ON DELETE CASCADE ON UPDATE CASCADE  
);
INSERT INTO predictions (post_id, ticker, price, duration) VALUES
    ('50', 'TINS.JK', '224804', '240'),
    ('89', 'TINS.JK', '53507', '264'),
    ('20', 'GGRM.JK', '483172', '277'),
    ('91', 'PGAS.JK', '885311', '88'),
    ('28', 'BBCA.JK', '110875', '46'),
    ('9', 'GGRM.JK', '430744', '29'),
    ('54', 'PTBA.JK', '881931', '82'),
    ('53', 'TLKM.JK', '692902', '341'),
    ('43', 'HMSP.JK', '691338', '15'),
    ('70', 'BRPT.JK', '661517', '339'),
    ('60', 'TLKM.JK', '658314', '133'),
    ('94', 'PGAS.JK', '99746', '280'),
    ('8', 'SMGR.JK', '989606', '43'),
    ('27', 'PTBA.JK', '246686', '190'),
    ('99', 'MDKA.JK', '717638', '360'),
    ('100', 'JPFA.JK', '787452', '315'),
    ('75', 'BRPT.JK', '599376', '263'),
    ('3', 'MDKA.JK', '624449', '259'),
    ('74', 'MDKA.JK', '927988', '300'),
    ('49', 'ASII.JK', '470420', '76'),
    ('62', 'UNVR.JK', '941091', '58'),
    ('1', 'PTBA.JK', '87606', '228'),
    ('46', 'SMGR.JK', '23551', '276'),
    ('39', 'ASII.JK', '528164', '321'),
    ('85', 'HMSP.JK', '616242', '149'),
    ('86', 'PTBA.JK', '972922', '339'),
    ('69', 'SMGR.JK', '532954', '16'),
    ('97', 'HMSP.JK', '854973', '37'),
    ('29', 'BBCA.JK', '573220', '205'),
    ('63', 'BRPT.JK', '937648', '134'),
    ('72', 'PGAS.JK', '318936', '274'),
    ('35', 'BMRI.JK', '145005', '83'),
    ('56', 'ITMG.JK', '794695', '62'),
    ('71', 'PGAS.JK', '473263', '183'),
    ('4', 'MDKA.JK', '547350', '263'),
    ('76', 'JPFA.JK', '773317', '120'),
    ('44', 'GGRM.JK', '598878', '226'),
    ('92', 'BBCA.JK', '531518', '192'),
    ('64', 'ASII.JK', '458977', '6'),
    ('52', 'GGRM.JK', '565337', '89'),
    ('26', 'PGAS.JK', '64762', '14'),
    ('47', 'ASII.JK', '272156', '277'),
    ('11', 'PGAS.JK', '49146', '215'),
    ('84', 'JPFA.JK', '497397', '164'),
    ('30', 'JPFA.JK', '496315', '342'),
    ('95', 'HMSP.JK', '98298', '93'),
    ('40', 'PGAS.JK', '883075', '97'),
    ('82', 'TINS.JK', '398770', '289'),
    ('2', 'TLKM.JK', '89313', '154'),
    ('90', 'JPFA.JK', '624666', '207');
CREATE TABLE prediction_voting (
    nik VARCHAR(100),
    post_id INT,
    tipe ENUM('yes', 'no'),
    PRIMARY KEY (nik, post_id)
,
    FOREIGN KEY (nik) REFERENCES users(nik) ON DELETE CASCADE ON UPDATE CASCADE  
,
    FOREIGN KEY (post_id) REFERENCES predictions(post_id) ON DELETE CASCADE ON UPDATE CASCADE  
);
INSERT INTO prediction_voting (nik, post_id, tipe) VALUES
    ('384-56-2386', '75', 'no'),
    ('340-50-2293', '72', 'yes'),
    ('384-56-2386', '53', 'no'),
    ('274-51-1295', '28', 'no'),
    ('244-39-1997', '86', 'yes'),
    ('746-44-1791', '35', 'no'),
    ('671-88-5531', '40', 'yes'),
    ('641-28-4336', '44', 'yes'),
    ('716-63-1990', '26', 'yes'),
    ('484-05-4704', '91', 'no'),
    ('766-62-3506', '70', 'no'),
    ('387-87-9912', '52', 'no'),
    ('030-64-5326', '11', 'no'),
    ('833-17-8625', '49', 'yes'),
    ('880-61-3645', '9', 'yes'),
    ('052-38-6294', '100', 'no'),
    ('641-28-4336', '82', 'no'),
    ('144-65-4740', '69', 'no'),
    ('468-18-7613', '99', 'no'),
    ('715-31-9369', '85', 'no'),
    ('468-18-7613', '90', 'no'),
    ('746-44-1791', '8', 'no'),
    ('836-09-8728', '30', 'yes'),
    ('225-35-7141', '97', 'yes'),
    ('652-25-4107', '64', 'yes'),
    ('657-70-8591', '74', 'yes'),
    ('753-89-8045', '27', 'yes'),
    ('033-74-1801', '95', 'yes'),
    ('384-56-2386', '2', 'yes'),
    ('797-49-8240', '92', 'no'),
    ('880-61-3645', '89', 'no'),
    ('244-39-1997', '47', 'no'),
    ('274-51-1295', '54', 'yes'),
    ('652-25-4107', '3', 'no'),
    ('274-51-1295', '43', 'no'),
    ('411-68-1289', '60', 'no'),
    ('715-31-9369', '62', 'yes'),
    ('872-21-2853', '20', 'yes'),
    ('052-38-6294', '1', 'no'),
    ('655-08-1230', '29', 'yes'),
    ('797-49-8240', '4', 'no'),
    ('692-31-6616', '39', 'yes'),
    ('657-70-8591', '56', 'yes'),
    ('774-07-1797', '50', 'yes'),
    ('833-17-8625', '94', 'no'),
    ('753-89-8045', '76', 'yes'),
    ('483-04-9199', '84', 'yes'),
    ('657-70-8591', '46', 'no'),
    ('716-63-1990', '63', 'no'),
    ('047-85-3734', '71', 'yes');
CREATE TABLE order_ipo (
    nik VARCHAR(100),
    ticker VARCHAR(100),
    jumlah_lembar INT,
    waktu_pesanan DATETIME DEFAULT CURRENT_TIMESTAMP,
    status_pesanan ENUM('pending', 'approved', 'rejected', 'allocated', 'failed') DEFAULT 'pending',
    total_nilai_pesanan DECIMAL(15,2) DEFAULT 0.00,
    PRIMARY KEY (nik, ticker)
,
    FOREIGN KEY (nik) REFERENCES users(nik) ON DELETE CASCADE ON UPDATE CASCADE  
,
    FOREIGN KEY (ticker) REFERENCES stock_ipo(ticker) ON DELETE RESTRICT ON UPDATE CASCADE  
);
INSERT INTO order_ipo (nik, ticker, jumlah_lembar, waktu_pesanan, status_pesanan, total_nilai_pesanan) VALUES
    ('484-05-4704', 'DATA.JK', '3274', '2025-04-25 05:36:41', 'failed', '27527792'),
    ('620-27-5618', 'ELIT.JK', '3688', '2025-05-20 08:56:49', 'rejected', '12649840'),
    ('065-92-7499', 'WIFI.JK', '5008', '2025-04-16 05:37:58', 'failed', '19270784'),
    ('490-20-7455', 'BAYU.JK', '3298', '2025-04-17 05:57:42', 'rejected', '16707668'),
    ('483-04-9199', 'VKTR.JK', '2997', '2025-03-03 17:36:43', 'approved', '25684290'),
    ('641-28-4336', 'EXCL.JK', '6368', '2025-05-03 10:54:41', 'rejected', '27038528'),
    ('484-05-4704', 'BINA.JK', '6750', '2025-01-27 18:39:33', 'failed', '63531000'),
    ('274-51-1295', 'BOLT.JK', '877', '2025-03-06 05:51:53', 'rejected', '5170792'),
    ('144-65-4740', 'FORE.JK', '969', '2025-03-28 12:15:19', 'allocated', '3188010'),
    ('880-61-3645', 'ISAT.JK', '4633', '2025-05-17 20:05:01', 'pending', '9312330'),
    ('774-07-1797', 'WIFI.JK', '6546', '2025-03-11 22:12:57', 'allocated', '25189008'),
    ('652-25-4107', 'BINA.JK', '5597', '2025-03-10 10:29:08', 'pending', '52678964'),
    ('880-61-3645', 'EXCL.JK', '6067', '2025-03-19 02:27:40', 'approved', '25760482'),
    ('027-12-3751', 'BAYU.JK', '3474', '2025-04-20 15:05:30', 'approved', '17599284'),
    ('131-25-6889', 'FORE.JK', '259', '2025-04-26 08:33:04', 'pending', '852110'),
    ('244-39-1997', 'DATA.JK', '8961', '2025-03-06 17:19:15', 'rejected', '75344088'),
    ('387-87-9912', 'BAYU.JK', '1855', '2025-01-09 06:05:18', 'allocated', '9397430'),
    ('630-77-8308', 'VKTR.JK', '5170', '2025-05-22 20:56:07', 'pending', '44306900'),
    ('753-89-8045', 'ISAT.JK', '9931', '2025-01-20 18:02:02', 'approved', '19961310'),
    ('630-77-8308', 'EXCL.JK', '1733', '2025-01-17 04:22:03', 'pending', '7358318');
